{
    "Ar36": {
        "error": 0.00096396901652150548, 
        "fit": "parabolic", 
        "value": 0.0030040968299507847
    }, 
    "Ar37": {
        "error": 0.14041796271080237, 
        "fit": "linear", 
        "value": 0.029982019411625167
    }, 
    "Ar38": {
        "error": 0.15355351122632468, 
        "fit": "linear", 
        "value": -0.017188612788517688
    }, 
    "Ar39": {
        "error": 0.064997612726849216, 
        "fit": "parabolic", 
        "value": 8.2632792713979626
    }, 
    "Ar40": {
        "error": 0.179436050882541, 
        "fit": "parabolic", 
        "value": 114.13999108735518
    }, 
    "Ar41": {
        "error": 0.12894784445189905, 
        "fit": "average_SEM", 
        "value": -0.30558356744120829
    }
}