{
    "Ar36": {
        "error": 0.0010661458233961329, 
        "fit": "parabolic", 
        "value": 0.0032109489973174633
    }, 
    "Ar37": {
        "error": 0.1319953204458143, 
        "fit": "linear", 
        "value": 0.032778003706039026
    }, 
    "Ar38": {
        "error": 0.15593153554711597, 
        "fit": "linear", 
        "value": 0.011011500550480897
    }, 
    "Ar39": {
        "error": 0.065388142296592941, 
        "fit": "parabolic", 
        "value": 8.2468092327820965
    }, 
    "Ar40": {
        "error": 0.1681937395212231, 
        "fit": "parabolic", 
        "value": 113.95690786066578
    }, 
    "Ar41": {
        "error": 0.12822265873562183, 
        "fit": "average_SEM", 
        "value": -0.320130388061516
    }
}