{
    "Ar36": {
        "error": 0.0024350357432017041, 
        "fit": "parabolic", 
        "value": 0.032017447387078943
    }, 
    "Ar37": {
        "error": 0.13124190600891469, 
        "fit": "linear", 
        "value": -0.075250273369867698
    }, 
    "Ar38": {
        "error": 0.12778087970735882, 
        "fit": "linear", 
        "value": 1.2615090871873895
    }, 
    "Ar39": {
        "error": 0.1117235862245701, 
        "fit": "parabolic", 
        "value": 111.44815150770683
    }, 
    "Ar40": {
        "error": 0.51411770908296317, 
        "fit": "parabolic", 
        "value": 1538.2839891497094
    }, 
    "Ar41": {
        "error": 0.13674520801898318, 
        "fit": "average_SEM", 
        "value": -0.006176898777757742
    }
}