{
    "Ar36": {
        "error": 0.00056388076856265579, 
        "fit": "parabolic", 
        "value": 0.059223921402588274
    }, 
    "Ar37": {
        "error": 0.013846626424418218, 
        "fit": "linear", 
        "value": 0.10985484654005667
    }, 
    "Ar38": {
        "error": 0.020869463157613059, 
        "fit": "linear", 
        "value": 2.3853706769887779
    }, 
    "Ar39": {
        "error": 0.042558026421927714, 
        "fit": "parabolic", 
        "value": 206.69578867997632
    }, 
    "Ar40": {
        "error": 0.11210689263316378, 
        "fit": "parabolic", 
        "value": 2851.1293774396518
    }, 
    "Ar41": {
        "error": 0.0062815965783966053, 
        "fit": "average", 
        "value": -0.006360204870288726
    }
}