{
    "Ar36": {
        "error": 0.00053467391116923072, 
        "fit": "parabolic", 
        "value": 0.058384277956175651
    }, 
    "Ar37": {
        "error": 0.012974996301900316, 
        "fit": "linear", 
        "value": 0.13589468341613142
    }, 
    "Ar38": {
        "error": 0.019730628896793768, 
        "fit": "linear", 
        "value": 2.4084277269633807
    }, 
    "Ar39": {
        "error": 0.045566945423679492, 
        "fit": "parabolic", 
        "value": 206.53800076143219
    }, 
    "Ar40": {
        "error": 0.11250404964640763, 
        "fit": "parabolic", 
        "value": 2848.415786420609
    }, 
    "Ar41": {
        "error": 0.0065468470839814734, 
        "fit": "average", 
        "value": 0.26423403956840047
    }
}