{
    "Ar36": {
        "error": 0.00056915774856545803, 
        "fit": "parabolic", 
        "value": 0.058393955522497265
    }, 
    "Ar37": {
        "error": 0.013975444150918758, 
        "fit": "linear", 
        "value": 0.076333175067381492
    }, 
    "Ar38": {
        "error": 0.022004740003055002, 
        "fit": "linear", 
        "value": 2.3954138846999937
    }, 
    "Ar39": {
        "error": 0.04983025051329263, 
        "fit": "parabolic", 
        "value": 206.43593653987756
    }, 
    "Ar40": {
        "error": 0.11962972480327411, 
        "fit": "parabolic", 
        "value": 2848.6683160871544
    }, 
    "Ar41": {
        "error": 0.0058657211236337404, 
        "fit": "average", 
        "value": -0.015439184772185399
    }
}