{
    "Ar36": {
        "error": 0.00055872703452911857, 
        "fit": "parabolic", 
        "value": 0.058239675977796682
    }, 
    "Ar37": {
        "error": 0.014717319895989629, 
        "fit": "linear", 
        "value": 0.061932286598238379
    }, 
    "Ar38": {
        "error": 0.02111349160946922, 
        "fit": "linear", 
        "value": 2.3831374114562487
    }, 
    "Ar39": {
        "error": 0.047991187596227544, 
        "fit": "parabolic", 
        "value": 206.100392581108
    }, 
    "Ar40": {
        "error": 0.11254606320569342, 
        "fit": "parabolic", 
        "value": 2842.4001441977375
    }, 
    "Ar41": {
        "error": 0.0064083942560198091, 
        "fit": "average", 
        "value": -0.022408208597335035
    }
}