{
    "Ar36": {
        "error": 0.00057477558453071617, 
        "fit": "parabolic", 
        "value": 0.059371996738993932
    }, 
    "Ar37": {
        "error": 0.014382555438205663, 
        "fit": "linear", 
        "value": 0.11650816715657927
    }, 
    "Ar38": {
        "error": 0.021007576236952191, 
        "fit": "linear", 
        "value": 2.3969352188062363
    }, 
    "Ar39": {
        "error": 0.046189303740876549, 
        "fit": "parabolic", 
        "value": 206.61183164921209
    }, 
    "Ar40": {
        "error": 0.12507940804948553, 
        "fit": "parabolic", 
        "value": 2850.032432835661
    }, 
    "Ar41": {
        "error": 0.0064381500194719962, 
        "fit": "average", 
        "value": 0.25917064773151649
    }
}