{
    "Ar36": {
        "error": 0.00054743754088275841, 
        "fit": "parabolic", 
        "value": 0.057995464132812272
    }, 
    "Ar37": {
        "error": 0.013961357021732243, 
        "fit": "linear", 
        "value": 0.099735063131522542
    }, 
    "Ar38": {
        "error": 0.02151549167508857, 
        "fit": "linear", 
        "value": 2.3706066131890973
    }, 
    "Ar39": {
        "error": 0.045062812685185402, 
        "fit": "parabolic", 
        "value": 205.79532559613304
    }, 
    "Ar40": {
        "error": 0.11044220240534597, 
        "fit": "parabolic", 
        "value": 2838.3159649024578
    }, 
    "Ar41": {
        "error": 0.0061967425809188632, 
        "fit": "average", 
        "value": -0.025278545267792652
    }
}