{
    "Ar36": {
        "error": 0.00058693942984657801, 
        "fit": "parabolic", 
        "value": 0.057651905100993522
    }, 
    "Ar37": {
        "error": 0.013797224098375763, 
        "fit": "linear", 
        "value": 0.11369606313913103
    }, 
    "Ar38": {
        "error": 0.020749617591437335, 
        "fit": "linear", 
        "value": 2.3863268251053147
    }, 
    "Ar39": {
        "error": 0.050471631172229935, 
        "fit": "parabolic", 
        "value": 205.80780613220549
    }, 
    "Ar40": {
        "error": 0.12694743269208011, 
        "fit": "parabolic", 
        "value": 2838.5303118341171
    }, 
    "Ar41": {
        "error": 0.005820449688049411, 
        "fit": "average", 
        "value": 0.24392919584468473
    }
}