{
    "Ar36": {
        "error": 0.00055345855677540036, 
        "fit": "parabolic", 
        "value": 0.057788865711155331
    }, 
    "Ar37": {
        "error": 0.013585646382546153, 
        "fit": "linear", 
        "value": 0.070342814849324239
    }, 
    "Ar38": {
        "error": 0.021602271122340703, 
        "fit": "linear", 
        "value": 2.3721095635534493
    }, 
    "Ar39": {
        "error": 0.053227234356614361, 
        "fit": "parabolic", 
        "value": 205.91172071126203
    }, 
    "Ar40": {
        "error": 0.10988305566176701, 
        "fit": "parabolic", 
        "value": 2840.2623165543782
    }, 
    "Ar41": {
        "error": 0.0062673909289974739, 
        "fit": "average", 
        "value": -0.019632819020916941
    }
}