{
    "Ar36": {
        "error": 0.0005666749898287452, 
        "fit": "parabolic", 
        "value": 0.057475807740705993
    }, 
    "Ar37": {
        "error": 0.014452045848769692, 
        "fit": "linear", 
        "value": 0.083410518028972189
    }, 
    "Ar38": {
        "error": 0.022904394172796043, 
        "fit": "linear", 
        "value": 2.368654325616272
    }, 
    "Ar39": {
        "error": 0.043300649062443963, 
        "fit": "parabolic", 
        "value": 206.04556241550446
    }, 
    "Ar40": {
        "error": 0.11784429498978273, 
        "fit": "parabolic", 
        "value": 2841.1795853809808
    }, 
    "Ar41": {
        "error": 0.0063507123796424552, 
        "fit": "average", 
        "value": -0.017936623205023351
    }
}