{
    "Ar36": {
        "error": 0.00055867757581501767, 
        "fit": "parabolic", 
        "value": 0.058516627497192449
    }, 
    "Ar37": {
        "error": 0.013597498115633905, 
        "fit": "linear", 
        "value": 0.073860944445134358
    }, 
    "Ar38": {
        "error": 0.021711779068495845, 
        "fit": "linear", 
        "value": 2.3688901267021478
    }, 
    "Ar39": {
        "error": 0.048831167627970871, 
        "fit": "parabolic", 
        "value": 205.81041600251737
    }, 
    "Ar40": {
        "error": 0.11656890012264376, 
        "fit": "parabolic", 
        "value": 2840.3262920000461
    }, 
    "Ar41": {
        "error": 0.0063242941934255189, 
        "fit": "average", 
        "value": -0.020454164950642735
    }
}