{
    "Ar36": {
        "error": 0.0005657568442372006, 
        "fit": "parabolic", 
        "value": 0.061749730487238828
    }, 
    "Ar37": {
        "error": 0.014873587851410948, 
        "fit": "linear", 
        "value": -0.038396409228913519
    }, 
    "Ar38": {
        "error": 0.019854087074304423, 
        "fit": "linear", 
        "value": 2.6415734455006286
    }, 
    "Ar39": {
        "error": 0.02324948562837827, 
        "fit": "parabolic", 
        "value": 216.63847141190831
    }, 
    "Ar40": {
        "error": 0.11738215035860745, 
        "fit": "parabolic", 
        "value": 2989.3295847712625
    }, 
    "Ar41": {
        "error": 0.0060604735256058785, 
        "fit": "average", 
        "value": -0.27248673711437732
    }
}