{
    "Ar36": {
        "error": 0.00015416830461062697, 
        "fit": "parabolic", 
        "value": 0.0014573074890735557
    }, 
    "Ar37": {
        "error": 0.014378311840380216, 
        "fit": "linear", 
        "value": 0.10194311311764281
    }, 
    "Ar38": {
        "error": 0.014527176596263283, 
        "fit": "linear", 
        "value": -0.18910084005937886
    }, 
    "Ar39": {
        "error": 0.020651863517770375, 
        "fit": "parabolic", 
        "value": -0.047699347364631786
    }, 
    "Ar40": {
        "error": 0.022215319824168099, 
        "fit": "parabolic", 
        "value": 0.20250316349806471
    }, 
    "Ar41": {
        "error": 0.0063169722640671741, 
        "fit": "average", 
        "value": -0.063042537324290604
    }
}