{
    "Ar36": {
        "error": 0.00016818846242697534, 
        "fit": "parabolic", 
        "value": 0.0017389068546855959
    }, 
    "Ar37": {
        "error": 0.013938352965063747, 
        "fit": "linear", 
        "value": 0.11622268808095498
    }, 
    "Ar38": {
        "error": 0.013521930774435991, 
        "fit": "linear", 
        "value": -0.18213142122752432
    }, 
    "Ar39": {
        "error": 0.019789029283628221, 
        "fit": "parabolic", 
        "value": -0.050052105242660551
    }, 
    "Ar40": {
        "error": 0.025453499074843563, 
        "fit": "parabolic", 
        "value": 0.42318100124196945
    }, 
    "Ar41": {
        "error": 0.0059924517843526594, 
        "fit": "average", 
        "value": -0.080343564577924548
    }
}