{
    "Ar36": {
        "error": 0.00016630341077307638, 
        "fit": "parabolic", 
        "value": 0.0012975154961210572
    }, 
    "Ar37": {
        "error": 0.010958511119445275, 
        "fit": "linear", 
        "value": 0.096424098193575697
    }, 
    "Ar38": {
        "error": 0.01134293994784169, 
        "fit": "linear", 
        "value": -0.20912340282426389
    }, 
    "Ar39": {
        "error": 0.016421819191373341, 
        "fit": "parabolic", 
        "value": -0.047778397344112288
    }, 
    "Ar40": {
        "error": 0.022112828069373511, 
        "fit": "parabolic", 
        "value": 0.29746894647065303
    }, 
    "Ar41": {
        "error": 0.0057700876462022811, 
        "fit": "average", 
        "value": -0.078151490235886273
    }
}