{
    "Ar36": {
        "error": 0.00018459569260859701, 
        "fit": "parabolic", 
        "value": 0.001399651587947171
    }, 
    "Ar37": {
        "error": 0.01395904857910951, 
        "fit": "linear", 
        "value": 0.099632854733788662
    }, 
    "Ar38": {
        "error": 0.01370522303571883, 
        "fit": "linear", 
        "value": -0.1797817006325218
    }, 
    "Ar39": {
        "error": 0.019005613175588718, 
        "fit": "parabolic", 
        "value": -0.060779145368424957
    }, 
    "Ar40": {
        "error": 0.023073560270279143, 
        "fit": "parabolic", 
        "value": 0.26851415100617892
    }, 
    "Ar41": {
        "error": 0.0062306456553723423, 
        "fit": "average", 
        "value": 0.19674500553148391
    }
}