{
    "Ar36": {
        "error": 0.0001740408383461089, 
        "fit": "parabolic", 
        "value": 0.0017101185712897708
    }, 
    "Ar37": {
        "error": 0.014275863024535559, 
        "fit": "linear", 
        "value": 0.10839719146332213
    }, 
    "Ar38": {
        "error": 0.015215221812696569, 
        "fit": "linear", 
        "value": -0.19994384923448877
    }, 
    "Ar39": {
        "error": 0.01924853742486584, 
        "fit": "parabolic", 
        "value": -0.058832575669664114
    }, 
    "Ar40": {
        "error": 0.023394459818178143, 
        "fit": "parabolic", 
        "value": 0.2057463482593927
    }, 
    "Ar41": {
        "error": 0.006452161917318882, 
        "fit": "average", 
        "value": -0.079066935043592815
    }
}