{
    "Ar36": {
        "error": 0.00015848558808932988, 
        "fit": "parabolic", 
        "value": 0.0018939002182250498
    }, 
    "Ar37": {
        "error": 0.013667244873088735, 
        "fit": "linear", 
        "value": 0.07203804962023666
    }, 
    "Ar38": {
        "error": 0.0128407879493191, 
        "fit": "linear", 
        "value": -0.21140780170121887
    }, 
    "Ar39": {
        "error": 0.018899123073744514, 
        "fit": "parabolic", 
        "value": -0.034724723145406415
    }, 
    "Ar40": {
        "error": 0.022774613693629882, 
        "fit": "parabolic", 
        "value": 0.19719786797436126
    }, 
    "Ar41": {
        "error": 0.0051999963960151531, 
        "fit": "average", 
        "value": -0.093672307251494225
    }
}