{
    "Ar36": {
        "error": 0.00091613381116498183, 
        "fit": "parabolic", 
        "value": 0.0010491856556399276
    }, 
    "Ar37": {
        "error": 0.14373925565850276, 
        "fit": "linear", 
        "value": 0.022259881775641411
    }, 
    "Ar38": {
        "error": 0.15406580073039799, 
        "fit": "linear", 
        "value": -0.098127684625493816
    }, 
    "Ar39": {
        "error": 0.059959082080267109, 
        "fit": "parabolic", 
        "value": -0.0066488102814458161
    }, 
    "Ar40": {
        "error": 0.13137953328154067, 
        "fit": "parabolic", 
        "value": 0.10738877151499926
    }, 
    "Ar41": {
        "error": 0.12517320406574928, 
        "fit": "average_SEM", 
        "value": -0.30775259210262446
    }
}