{
    "Ar36": {
        "error": 0.00094571147029558612, 
        "fit": "parabolic", 
        "value": 0.00071453033017827329
    }, 
    "Ar37": {
        "error": 0.13790893758798184, 
        "fit": "linear", 
        "value": 0.01781477993921422
    }, 
    "Ar38": {
        "error": 0.15718951812170065, 
        "fit": "linear", 
        "value": -0.10186190288298795
    }, 
    "Ar39": {
        "error": 0.057466950698047935, 
        "fit": "parabolic", 
        "value": 0.0046454677241838573
    }, 
    "Ar40": {
        "error": 0.14514890075843664, 
        "fit": "parabolic", 
        "value": 0.1893233021954393
    }, 
    "Ar41": {
        "error": 0.13633370786753821, 
        "fit": "average_SEM", 
        "value": -0.30317774579103568
    }
}