{
    "Ar36": {
        "error": 0.00093723740063515878, 
        "fit": "parabolic", 
        "value": 0.00047471022875889875
    }, 
    "Ar37": {
        "error": 0.13297659279690316, 
        "fit": "linear", 
        "value": 0.046582542784220242
    }, 
    "Ar38": {
        "error": 0.16045713061457431, 
        "fit": "linear", 
        "value": -0.096851079639852733
    }, 
    "Ar39": {
        "error": 0.058850438046017237, 
        "fit": "parabolic", 
        "value": 0.015333664191909851
    }, 
    "Ar40": {
        "error": 0.13219132937996492, 
        "fit": "parabolic", 
        "value": 0.18947539314665751
    }, 
    "Ar41": {
        "error": 0.12701026438382476, 
        "fit": "average_SEM", 
        "value": -0.30372690840857103
    }
}