{
    "Ar36": {
        "error": 0.00016536680790309218, 
        "fit": "parabolic", 
        "value": 0.00067863375981655862
    }, 
    "Ar37": {
        "error": 0.012354685406759046, 
        "fit": "linear", 
        "value": 0.025710075722029081
    }, 
    "Ar38": {
        "error": 0.016951355966188845, 
        "fit": "linear", 
        "value": -0.12037621189868541
    }, 
    "Ar39": {
        "error": 0.00822091020340723, 
        "fit": "parabolic", 
        "value": 0.038622237919358746
    }, 
    "Ar40": {
        "error": 0.02226998402429024, 
        "fit": "parabolic", 
        "value": 0.57654193965592371
    }, 
    "Ar41": {
        "error": 0.0052447832796574658, 
        "fit": "average", 
        "value": -0.30462713689310478
    }
}