{
    "Ar36": {
        "error": 0.00014587931207224057, 
        "fit": "parabolic", 
        "value": 0.0015827846750033252
    }, 
    "Ar37": {
        "error": 0.011825799175138416, 
        "fit": "linear", 
        "value": 0.10745953735717614
    }, 
    "Ar38": {
        "error": 0.013264001215987128, 
        "fit": "linear", 
        "value": -0.19478691582654248
    }, 
    "Ar39": {
        "error": 0.017826108969092001, 
        "fit": "parabolic", 
        "value": -0.043574031008321856
    }, 
    "Ar40": {
        "error": 0.021828267301407869, 
        "fit": "parabolic", 
        "value": 0.24175339952022878
    }, 
    "Ar41": {
        "error": 0.005233029085582765, 
        "fit": "average", 
        "value": -0.086219016989234856
    }
}