{
    "Ar36": {
        "error": 0.00016110955122487078, 
        "fit": "parabolic", 
        "value": 0.0015050086763073549
    }, 
    "Ar37": {
        "error": 0.013727358346712905, 
        "fit": "linear", 
        "value": 0.10043906367993315
    }, 
    "Ar38": {
        "error": 0.014235909879120294, 
        "fit": "linear", 
        "value": -0.17372839313768895
    }, 
    "Ar39": {
        "error": 0.019564647129481822, 
        "fit": "parabolic", 
        "value": -0.043566398452598298
    }, 
    "Ar40": {
        "error": 0.022501272480616549, 
        "fit": "parabolic", 
        "value": 0.23619809949114934
    }, 
    "Ar41": {
        "error": 0.0060330663213179403, 
        "fit": "average", 
        "value": -0.069492624435806644
    }
}