{
    "Ar36": {
        "error": 0.00015693555416284268, 
        "fit": "parabolic", 
        "value": 0.0015654098872182509
    }, 
    "Ar37": {
        "error": 0.013720298829926036, 
        "fit": "linear", 
        "value": 0.089075686931671769
    }, 
    "Ar38": {
        "error": 0.014562168619690711, 
        "fit": "linear", 
        "value": -0.17944319562567035
    }, 
    "Ar39": {
        "error": 0.021277489518143584, 
        "fit": "parabolic", 
        "value": -0.036161131058486354
    }, 
    "Ar40": {
        "error": 0.024080718914688007, 
        "fit": "parabolic", 
        "value": 0.27114807467700996
    }, 
    "Ar41": {
        "error": 0.006129859781090154, 
        "fit": "average", 
        "value": -0.082535047093915639
    }
}