{
    "Ar36": {
        "error": 0.00015272871739567518, 
        "fit": "parabolic", 
        "value": 0.0015828022362999396
    }, 
    "Ar37": {
        "error": 0.012748526608122897, 
        "fit": "linear", 
        "value": 0.075500568856995326
    }, 
    "Ar38": {
        "error": 0.012301401712358821, 
        "fit": "linear", 
        "value": -0.18824205791210252
    }, 
    "Ar39": {
        "error": 0.018492948048569689, 
        "fit": "parabolic", 
        "value": -0.04888393936643623
    }, 
    "Ar40": {
        "error": 0.021766726287892443, 
        "fit": "parabolic", 
        "value": 0.23539096774478344
    }, 
    "Ar41": {
        "error": 0.0056250571924957799, 
        "fit": "average", 
        "value": -0.10610842085406103
    }
}