{
    "Ar36": {
        "error": 0.0001665776979155834, 
        "fit": "parabolic", 
        "value": 0.0013330355297437634
    }, 
    "Ar37": {
        "error": 0.012211633263099441, 
        "fit": "linear", 
        "value": 0.11877909407499154
    }, 
    "Ar38": {
        "error": 0.012985038066210564, 
        "fit": "linear", 
        "value": -0.1937953443857241
    }, 
    "Ar39": {
        "error": 0.017126982844282913, 
        "fit": "parabolic", 
        "value": -0.055122137161313103
    }, 
    "Ar40": {
        "error": 0.022613128561245466, 
        "fit": "parabolic", 
        "value": 0.2221877914709309
    }, 
    "Ar41": {
        "error": 0.0050577167319727874, 
        "fit": "average", 
        "value": -0.077175086571706311
    }
}