{
    "Ar36": {
        "error": 0.00016650582650813936, 
        "fit": "parabolic", 
        "value": 0.0016642868727043405
    }, 
    "Ar37": {
        "error": 0.013815361989371841, 
        "fit": "linear", 
        "value": 0.11825444534904953
    }, 
    "Ar38": {
        "error": 0.014649284627219468, 
        "fit": "linear", 
        "value": -0.1781767237511146
    }, 
    "Ar39": {
        "error": 0.020077596045749123, 
        "fit": "parabolic", 
        "value": -0.055696540511425342
    }, 
    "Ar40": {
        "error": 0.022972840997216151, 
        "fit": "parabolic", 
        "value": 0.39240978369781199
    }, 
    "Ar41": {
        "error": 0.0063916079561529464, 
        "fit": "average", 
        "value": -0.07710460495276493
    }
}