{
    "AX": {
        "error": 0.0042494259028781015, 
        "fit": "average", 
        "value": -0.005812105617951602
    }, 
    "CDD": {
        "error": 3.842398939899044e-06, 
        "fit": "average", 
        "value": 1.7231931754698355e-05
    }, 
    "H1": {
        "error": 0.00988513843197409, 
        "fit": "average", 
        "value": -0.035467359065013526
    }, 
    "H2": {
        "error": 0.009330816706877505, 
        "fit": "average", 
        "value": -0.3321535679822167
    }, 
    "L1": {
        "error": 0.015706586194691726, 
        "fit": "average", 
        "value": -0.22988191190977683
    }, 
    "L2": {
        "error": 0.010108898669009232, 
        "fit": "average", 
        "value": -0.024964875592397424
    }
}