{
    "AX": {
        "error": 0.009938183837881386, 
        "fit": "average", 
        "value": -0.060260262599088794
    }, 
    "CDD": {
        "error": 6.077437200599553e-06, 
        "fit": "average", 
        "value": 2.1646023378707467e-05
    }, 
    "H1": {
        "error": 0.011474924965857372, 
        "fit": "average", 
        "value": -0.005397098251463225
    }, 
    "H2": {
        "error": 0.011383864339841093, 
        "fit": "average", 
        "value": 0.20036032657371833
    }, 
    "L1": {
        "error": 0.01365543408685654, 
        "fit": "average", 
        "value": -0.17153910069998043
    }, 
    "L2": {
        "error": 0.01240573340466555, 
        "fit": "average", 
        "value": 0.08023054956480186
    }
}