{
    "AX": {
        "error": 0.009450036453742646, 
        "fit": "average", 
        "value": -0.05953311163951488
    }, 
    "CDD": {
        "error": 3.05269750654722e-06, 
        "fit": "average", 
        "value": 7.63977295719087e-06
    }, 
    "H1": {
        "error": 0.012162905341015162, 
        "fit": "average", 
        "value": -0.01685611904055501
    }, 
    "H2": {
        "error": 0.011500747688331269, 
        "fit": "average", 
        "value": -0.07643771836931895
    }, 
    "L1": {
        "error": 0.012759492101780229, 
        "fit": "average", 
        "value": -0.17232939691166393
    }, 
    "L2": {
        "error": 0.011888656363485333, 
        "fit": "average", 
        "value": 0.07029463166060547
    }
}