{
    "AX": {
        "error": 0.01044064425577723, 
        "fit": "average", 
        "value": -0.05890783546686483
    }, 
    "CDD": {
        "error": 4.202021032496186e-06, 
        "fit": "average", 
        "value": 1.527954591438174e-05
    }, 
    "H1": {
        "error": 0.01195115706067027, 
        "fit": "average", 
        "value": -0.01777904808695894
    }, 
    "H2": {
        "error": 0.011876824359098068, 
        "fit": "average", 
        "value": -0.09099768559196188
    }, 
    "L1": {
        "error": 0.012609706396951186, 
        "fit": "average", 
        "value": -0.20292392912476012
    }, 
    "L2": {
        "error": 0.013569722837909644, 
        "fit": "average", 
        "value": 0.06373220357151392
    }
}