{
    "AX": {
        "error": 0.01017173620851535, 
        "fit": "average", 
        "value": -0.050757429319007015
    }, 
    "CDD": {
        "error": 2.798914573509482e-06, 
        "fit": "average", 
        "value": 6.366477464325726e-06
    }, 
    "H1": {
        "error": 0.012774524998951072, 
        "fit": "average", 
        "value": -0.0097269892792004
    }, 
    "H2": {
        "error": 0.011512973712980799, 
        "fit": "average", 
        "value": -0.07301291358793
    }, 
    "L1": {
        "error": 0.01153181778724392, 
        "fit": "average", 
        "value": -0.17868444784350382
    }, 
    "L2": {
        "error": 0.012888553475735642, 
        "fit": "average", 
        "value": 0.06555561783995169
    }
}