{
    "AX": {
        "error": 0.06184486976902771, 
        "fit": "average_SEM", 
        "value": -0.009039939302116788
    }, 
    "CDD": {
        "error": 2.7955763770335825e-05, 
        "fit": "average_SEM", 
        "value": 5.169579526409507e-06
    }, 
    "H1": {
        "error": 0.13271250484042224, 
        "fit": "average_SEM", 
        "value": 0.019275287210863704
    }, 
    "H2": {
        "error": 0.10883196195969756, 
        "fit": "average_SEM", 
        "value": -0.31160223685825866
    }, 
    "L1": {
        "error": 0.15493651001611933, 
        "fit": "average_SEM", 
        "value": -0.10307642891809034
    }, 
    "L2": {
        "error": 0.12815571145571775, 
        "fit": "average_SEM", 
        "value": -0.007445131511000606
    }
}