{
    "AX": {
        "error": 0.010559165299923673, 
        "fit": "average", 
        "value": -0.061347962686947234
    }, 
    "CDD": {
        "error": 1.7390914770092325e-05, 
        "fit": "average", 
        "value": 0.00021518693829420955
    }, 
    "H1": {
        "error": 0.01047511323114096, 
        "fit": "average", 
        "value": 0.055997384261960784
    }, 
    "H2": {
        "error": 0.01001362409415523, 
        "fit": "average", 
        "value": -0.05695755192233871
    }, 
    "L1": {
        "error": 0.009917891225370479, 
        "fit": "average", 
        "value": -0.19214608810919648
    }, 
    "L2": {
        "error": 0.010936033996681563, 
        "fit": "average", 
        "value": 0.09106210632016883
    }
}