{
    "AX": {
        "error": 0.011903464570383292, 
        "fit": "average", 
        "value": -0.054575010198944555
    }, 
    "CDD": {
        "error": 1.5966297619892604e-05, 
        "fit": "average", 
        "value": 0.0001948142104083672
    }, 
    "H1": {
        "error": 0.011955456187176017, 
        "fit": "average", 
        "value": 0.05797275347285904
    }, 
    "H2": {
        "error": 0.011598821955981057, 
        "fit": "average", 
        "value": -0.08293226426903857
    }, 
    "L1": {
        "error": 0.013250186840111132, 
        "fit": "average", 
        "value": -0.18321129264659247
    }, 
    "L2": {
        "error": 0.01159637338056044, 
        "fit": "average", 
        "value": 0.07086886039663416
    }
}