{
    "AX": {
        "error": 0.011303329134294342, 
        "fit": "average", 
        "value": -0.05767403646411064
    }, 
    "CDD": {
        "error": 3.05269750654722e-06, 
        "fit": "average", 
        "value": 7.63977295719087e-06
    }, 
    "H1": {
        "error": 0.011367864382118592, 
        "fit": "average", 
        "value": -0.02127930064064761
    }, 
    "H2": {
        "error": 0.011230454447977016, 
        "fit": "average", 
        "value": -0.10167054179578372
    }, 
    "L1": {
        "error": 0.014869487368348443, 
        "fit": "average", 
        "value": -0.2099926086666528
    }, 
    "L2": {
        "error": 0.011571120952641966, 
        "fit": "average", 
        "value": 0.05571826831922711
    }
}