{
    "AX": {
        "error": 0.008987005444296542, 
        "fit": "average", 
        "value": -0.06239157395320945
    }, 
    "CDD": {
        "error": 1.4169206429286584e-05, 
        "fit": "average", 
        "value": 0.00016807500505819917
    }, 
    "H1": {
        "error": 0.010348869604196852, 
        "fit": "average", 
        "value": 0.057019049813425225
    }, 
    "H2": {
        "error": 0.01387434592969653, 
        "fit": "average", 
        "value": 0.19136673530495804
    }, 
    "L1": {
        "error": 0.013058085425708316, 
        "fit": "average", 
        "value": -0.16485799777631957
    }, 
    "L2": {
        "error": 0.01125109573021817, 
        "fit": "average", 
        "value": 0.09656003121247826
    }
}