{
    "AX": {
        "error": 0.01026352541541704, 
        "fit": "average", 
        "value": -0.05335753392260443
    }, 
    "CDD": {
        "error": 1.3784868399027828e-05, 
        "fit": "average", 
        "value": 0.0001620158747818064
    }, 
    "H1": {
        "error": 0.00934512518752322, 
        "fit": "average", 
        "value": 0.03724201111490082
    }, 
    "H2": {
        "error": 0.009910569095746207, 
        "fit": "average", 
        "value": -0.08337636941897608
    }, 
    "L1": {
        "error": 0.011246406355225289, 
        "fit": "average", 
        "value": -0.1884768640673679
    }, 
    "L2": {
        "error": 0.01109677530390103, 
        "fit": "average", 
        "value": 0.06718928787337902
    }
}