{
    "AX": {
        "error": 0.010976541298239675, 
        "fit": "average", 
        "value": -0.0511373495964411
    }, 
    "CDD": {
        "error": 1.529692347101376e-05, 
        "fit": "average", 
        "value": 0.0001718948915367946
    }, 
    "H1": {
        "error": 0.011580543864625334, 
        "fit": "average", 
        "value": 0.04804392159567215
    }, 
    "H2": {
        "error": 0.011981349264233616, 
        "fit": "average", 
        "value": -0.07429564671198628
    }, 
    "L1": {
        "error": 0.012622945374860181, 
        "fit": "average", 
        "value": -0.18403015959969102
    }, 
    "L2": {
        "error": 0.011964008874153637, 
        "fit": "average", 
        "value": 0.09677613458867805
    }
}