{
    "AX": {
        "error": 0.00893316837426832, 
        "fit": "average", 
        "value": -0.04980069610265721
    }, 
    "CDD": {
        "error": 1.1314490120222297e-05, 
        "fit": "average", 
        "value": 0.0001594387399761573
    }, 
    "H1": {
        "error": 0.010072033597663987, 
        "fit": "average", 
        "value": 0.03646966677303586
    }, 
    "H2": {
        "error": 0.009800403804094556, 
        "fit": "average", 
        "value": -0.07500417836387857
    }, 
    "L1": {
        "error": 0.00868615690806002, 
        "fit": "average", 
        "value": -0.1619221809756967
    }, 
    "L2": {
        "error": 0.009423913498173727, 
        "fit": "average", 
        "value": 0.060297601883576135
    }
}