{
    "AX": {
        "error": 0.004351098348281368, 
        "fit": "average", 
        "value": 0.0028596946031838244
    }, 
    "CDD": {
        "error": 2.776624489142562e-06, 
        "fit": "average", 
        "value": 9.477562465084095e-06
    }, 
    "H1": {
        "error": 0.00989866346662432, 
        "fit": "average", 
        "value": -0.05063492075108419
    }, 
    "H2": {
        "error": 0.009855487856135027, 
        "fit": "average", 
        "value": -0.33520337210761175
    }, 
    "L1": {
        "error": 0.015242343772395733, 
        "fit": "average", 
        "value": -0.1485407045527811
    }, 
    "L2": {
        "error": 0.009993115156977839, 
        "fit": "average", 
        "value": -0.04885614103501818
    }
}