{
    "AX": {
        "error": 0.059037707834452335, 
        "fit": "average_SEM", 
        "value": -0.009337793919742883
    }, 
    "CDD": {
        "error": 3.650065126469083e-05, 
        "fit": "average_SEM", 
        "value": 9.046764171216637e-06
    }, 
    "H1": {
        "error": 0.13908183968063464, 
        "fit": "average_SEM", 
        "value": 0.010061533091356979
    }, 
    "H2": {
        "error": 0.1337215362773267, 
        "fit": "average_SEM", 
        "value": -0.3265803337407609
    }, 
    "L1": {
        "error": 0.14943035816022215, 
        "fit": "average_SEM", 
        "value": -0.10356388002595243
    }, 
    "L2": {
        "error": 0.14851362610582686, 
        "fit": "average_SEM", 
        "value": 0.0035452215156207482
    }
}