{
    "AX": {
        "error": 0.058764900819921015, 
        "fit": "average_SEM", 
        "value": -0.019907718226507616
    }, 
    "CDD": {
        "error": 0.00015107414186190141, 
        "fit": "average_SEM", 
        "value": 0.00017360747030276496
    }, 
    "H1": {
        "error": 0.11952073637047034, 
        "fit": "average_SEM", 
        "value": 0.030810661674574174
    }, 
    "H2": {
        "error": 0.13983993122864913, 
        "fit": "average_SEM", 
        "value": -0.3021255812452485
    }, 
    "L1": {
        "error": 0.11863211945588698, 
        "fit": "average_SEM", 
        "value": -0.11858781837460507
    }, 
    "L2": {
        "error": 0.14423336500010542, 
        "fit": "average_SEM", 
        "value": -0.09178752317869415
    }
}