{
    "AX": {
        "error": 0.05745319069927506, 
        "fit": "average_SEM", 
        "value": -0.01212901147308811
    }, 
    "CDD": {
        "error": 3.725232663428037e-05, 
        "fit": "average_SEM", 
        "value": 9.477562465084095e-06
    }, 
    "H1": {
        "error": 0.13387538455576783, 
        "fit": "average_SEM", 
        "value": 0.006676811431275888
    }, 
    "H2": {
        "error": 0.13384902814458385, 
        "fit": "average_SEM", 
        "value": -0.3158276664610538
    }, 
    "L1": {
        "error": 0.16186579019418215, 
        "fit": "average_SEM", 
        "value": -0.10126424335952228
    }, 
    "L2": {
        "error": 0.12862517598980128, 
        "fit": "average_SEM", 
        "value": 0.019772491243363926
    }
}