{
    "AX": {
        "error": 0.008684696529629745, 
        "fit": "average", 
        "value": -0.056755046819671404
    }, 
    "CDD": {
        "error": 3.282796508475736e-06, 
        "fit": "average", 
        "value": 8.913068450056017e-06
    }, 
    "H1": {
        "error": 0.01211477332921096, 
        "fit": "average", 
        "value": -0.019797187246149407
    }, 
    "H2": {
        "error": 0.012378125069334426, 
        "fit": "average", 
        "value": -0.05809160708352768
    }, 
    "L1": {
        "error": 0.015575359676375996, 
        "fit": "average", 
        "value": -0.1897439611008546
    }, 
    "L2": {
        "error": 0.011558164289511742, 
        "fit": "average", 
        "value": 0.05177553718482765
    }
}