{
    "AX": {
        "error": 0.059800735157596104, 
        "fit": "average_SEM", 
        "value": -0.012521618920113218
    }, 
    "CDD": {
        "error": 3.006670101397621e-05, 
        "fit": "average_SEM", 
        "value": 6.0311761141444245e-06
    }, 
    "H1": {
        "error": 0.1261800542087802, 
        "fit": "average_SEM", 
        "value": 0.027100179697461296
    }, 
    "H2": {
        "error": 0.12852957625988962, 
        "fit": "average_SEM", 
        "value": -0.31423304656830925
    }, 
    "L1": {
        "error": 0.15855810891983352, 
        "fit": "average_SEM", 
        "value": -0.09819191568434084
    }, 
    "L2": {
        "error": 0.14089983740833517, 
        "fit": "average_SEM", 
        "value": 0.020081781131092512
    }
}