{
    "AX": {
        "error": 0.06343558964902095, 
        "fit": "average_SEM", 
        "value": -0.03653941582463934
    }, 
    "CDD": {
        "error": 0.00015437133902649486, 
        "fit": "average_SEM", 
        "value": 0.00018267651733670694
    }, 
    "H1": {
        "error": 0.12138101615613266, 
        "fit": "average_SEM", 
        "value": 0.02523274442840678
    }, 
    "H2": {
        "error": 0.14076478761790473, 
        "fit": "average_SEM", 
        "value": -0.014177475255079723
    }, 
    "L1": {
        "error": 0.12013078337360464, 
        "fit": "average_SEM", 
        "value": -0.13794348467345116
    }, 
    "L2": {
        "error": 0.13328957294911128, 
        "fit": "average_SEM", 
        "value": -0.10264229629586528
    }
}