{
    "AX": {
        "error": 0.004461689086200079, 
        "fit": "average", 
        "value": -0.00048274777283141806
    }, 
    "CDD": {
        "error": 3.2037974874721857e-06, 
        "fit": "average", 
        "value": 1.2923948816023767e-05
    }, 
    "H1": {
        "error": 0.010107387988368932, 
        "fit": "average", 
        "value": -0.009802858179318719
    }, 
    "H2": {
        "error": 0.009491773927849327, 
        "fit": "average", 
        "value": -0.051376192765827805
    }, 
    "L1": {
        "error": 0.015312921982855304, 
        "fit": "average", 
        "value": -0.0894849142957052
    }, 
    "L2": {
        "error": 0.009565313815988127, 
        "fit": "average", 
        "value": -0.005693649590506943
    }
}