{
    "AX": {
        "error": 0.01023110698167991, 
        "fit": "average", 
        "value": -0.07260573254316113
    }, 
    "CDD": {
        "error": 3.934095396650003e-06, 
        "fit": "average", 
        "value": 1.0186363942921161e-05
    }, 
    "H1": {
        "error": 0.011174160755883789, 
        "fit": "average", 
        "value": -0.010616981897813578
    }, 
    "H2": {
        "error": 0.013006078032684899, 
        "fit": "average", 
        "value": -0.11315147006146921
    }, 
    "L1": {
        "error": 0.014214291085564353, 
        "fit": "average", 
        "value": -0.17940287032785515
    }, 
    "L2": {
        "error": 0.010987950723007064, 
        "fit": "average", 
        "value": 0.05567964376532473
    }
}