{
    "AX": {
        "error": 0.004084877582110831, 
        "fit": "average", 
        "value": -0.0026266671856218535
    }, 
    "CDD": {
        "error": 2.922880534499076e-06, 
        "fit": "average", 
        "value": 8.615965877349177e-06
    }, 
    "H1": {
        "error": 0.009638922601587201, 
        "fit": "average", 
        "value": -0.029417693085593378
    }, 
    "H2": {
        "error": 0.008283718139450169, 
        "fit": "average", 
        "value": -0.3130673292817341
    }, 
    "L1": {
        "error": 0.01521295473511255, 
        "fit": "average", 
        "value": -0.11849794639791879
    }, 
    "L2": {
        "error": 0.009562693030107757, 
        "fit": "average", 
        "value": -0.016364287548155214
    }
}