{
    "AX": {
        "error": 0.009142431978336233, 
        "fit": "average", 
        "value": -0.053854175059435266
    }, 
    "CDD": {
        "error": 3.5480661377539125e-06, 
        "fit": "average", 
        "value": 7.63977295719087e-06
    }, 
    "H1": {
        "error": 0.010672846872356399, 
        "fit": "average", 
        "value": -0.027767909177782713
    }, 
    "H2": {
        "error": 0.010588810452408292, 
        "fit": "average", 
        "value": -0.0970053499971982
    }, 
    "L1": {
        "error": 0.012927704598617515, 
        "fit": "average", 
        "value": -0.20594027366605588
    }, 
    "L2": {
        "error": 0.012265591095706003, 
        "fit": "average", 
        "value": 0.056415375857613984
    }
}