{
    "AX": {
        "error": 0.009248324656087893, 
        "fit": "average", 
        "value": -0.0626581317365058
    }, 
    "CDD": {
        "error": 1.2886073285131071e-05, 
        "fit": "average", 
        "value": 0.00019166447945233238
    }, 
    "H1": {
        "error": 0.010257642727116215, 
        "fit": "average", 
        "value": 0.047133197846711175
    }, 
    "H2": {
        "error": 0.00943066490044933, 
        "fit": "average", 
        "value": -0.11956694666233833
    }, 
    "L1": {
        "error": 0.00967661188708792, 
        "fit": "average", 
        "value": -0.21121097937461117
    }, 
    "L2": {
        "error": 0.009715716333388129, 
        "fit": "average", 
        "value": 0.041244139731616974
    }
}