{
    "AX": {
        "error": 0.003847891242747469, 
        "fit": "average", 
        "value": -0.010674027106951043
    }, 
    "CDD": {
        "error": 3.000594898438974e-06, 
        "fit": "average", 
        "value": 1.1200755640553931e-05
    }, 
    "H1": {
        "error": 0.010671102284574947, 
        "fit": "average", 
        "value": -0.027124051520351914
    }, 
    "H2": {
        "error": 0.009882112207732089, 
        "fit": "average", 
        "value": -0.056479517078453986
    }, 
    "L1": {
        "error": 0.01440662834986728, 
        "fit": "average", 
        "value": -0.11596173578226525
    }, 
    "L2": {
        "error": 0.009366876048724855, 
        "fit": "average", 
        "value": -0.006966442899364564
    }
}