{
    "AX": {
        "error": 0.00953321935976414, 
        "fit": "average", 
        "value": -0.06175522124848073
    }, 
    "CDD": {
        "error": 4.041711524024729e-06, 
        "fit": "average", 
        "value": 1.4006250421516597e-05
    }, 
    "H1": {
        "error": 0.009308459798893541, 
        "fit": "average", 
        "value": -0.0075516368698006035
    }, 
    "H2": {
        "error": 0.007779670742545637, 
        "fit": "average", 
        "value": -0.08046050249129064
    }, 
    "L1": {
        "error": 0.011792275731453826, 
        "fit": "average", 
        "value": -0.17957684763402132
    }, 
    "L2": {
        "error": 0.010347346346120941, 
        "fit": "average", 
        "value": 0.10475300996144402
    }
}