{
    "AX": {
        "error": 0.009502435623928608, 
        "fit": "average", 
        "value": -0.058934492961270735
    }, 
    "CDD": {
        "error": 1.150681981768901e-05, 
        "fit": "average", 
        "value": 0.00017107867647726566
    }, 
    "H1": {
        "error": 0.010013479791778603, 
        "fit": "average", 
        "value": 0.06586831405536972
    }, 
    "H2": {
        "error": 0.009126570818428277, 
        "fit": "average", 
        "value": -0.06743088204228993
    }, 
    "L1": {
        "error": 0.01234054578755175, 
        "fit": "average", 
        "value": -0.18152889681653545
    }, 
    "L2": {
        "error": 0.009550975360071151, 
        "fit": "average", 
        "value": 0.062223514983558964
    }
}