{
    "AX": {
        "error": 0.00937171486858487, 
        "fit": "average", 
        "value": -0.04874070306977955
    }, 
    "CDD": {
        "error": 1.4510762225892126e-05, 
        "fit": "average", 
        "value": 0.0001464289816794917
    }, 
    "H1": {
        "error": 0.012215114849414595, 
        "fit": "average", 
        "value": 0.08026976309319593
    }, 
    "H2": {
        "error": 0.011266726462188285, 
        "fit": "average", 
        "value": -0.06950508705728377
    }, 
    "L1": {
        "error": 0.011883061683918145, 
        "fit": "average", 
        "value": -0.18083759411626185
    }, 
    "L2": {
        "error": 0.011471355937766152, 
        "fit": "average", 
        "value": 0.09289033834744866
    }
}