{
    "AX": {
        "error": 0.010521874019279984, 
        "fit": "average", 
        "value": -0.04829369081611124
    }, 
    "CDD": {
        "error": 1.0024579748111538e-05, 
        "fit": "average", 
        "value": 6.621136562898756e-05
    }, 
    "H1": {
        "error": 0.012119238951355669, 
        "fit": "average", 
        "value": 0.08278282892812665
    }, 
    "H2": {
        "error": 0.012285625550768864, 
        "fit": "average", 
        "value": -0.06998914700986157
    }, 
    "L1": {
        "error": 0.012458132267914574, 
        "fit": "average", 
        "value": -0.17271709571553703
    }, 
    "L2": {
        "error": 0.01191961244499798, 
        "fit": "average", 
        "value": 0.07819918470559059
    }
}