{
    "AX": {
        "error": 0.01030068017012623, 
        "fit": "average", 
        "value": -0.050400157013791615
    }, 
    "CDD": {
        "error": 1.3793060500740143e-05, 
        "fit": "average", 
        "value": 0.00011968977632932365
    }, 
    "H1": {
        "error": 0.012577732574779609, 
        "fit": "average", 
        "value": 0.0946917493507499
    }, 
    "H2": {
        "error": 0.011154845032169297, 
        "fit": "average", 
        "value": -0.10024198054743465
    }, 
    "L1": {
        "error": 0.01211869539085722, 
        "fit": "average", 
        "value": -0.18285968941636382
    }, 
    "L2": {
        "error": 0.013433393657136165, 
        "fit": "average", 
        "value": 0.07465602697290402
    }
}