{
    "AX": {
        "error": 0.010563853915032876, 
        "fit": "average", 
        "value": -0.05399885386092743
    }, 
    "CDD": {
        "error": 1.5694769222213032e-05, 
        "fit": "average", 
        "value": 0.00020372727885842323
    }, 
    "H1": {
        "error": 0.010222864565050976, 
        "fit": "average", 
        "value": 0.10179233702850372
    }, 
    "H2": {
        "error": 0.01124048407884604, 
        "fit": "average", 
        "value": -0.07851956380157693
    }, 
    "L1": {
        "error": 0.011145124615656381, 
        "fit": "average", 
        "value": -0.19404012788048325
    }, 
    "L2": {
        "error": 0.011727018125353351, 
        "fit": "average", 
        "value": 0.07016693054780869
    }
}