{
    "AX": {
        "error": 0.009880145895743113, 
        "fit": "average", 
        "value": -0.051008925861970054
    }, 
    "CDD": {
        "error": 1.0416488693037067e-05, 
        "fit": "average", 
        "value": 9.422386647202074e-05
    }, 
    "H1": {
        "error": 0.011108374164905748, 
        "fit": "average", 
        "value": 0.08534003314234724
    }, 
    "H2": {
        "error": 0.011596885439420957, 
        "fit": "average", 
        "value": -0.07979205544494714
    }, 
    "L1": {
        "error": 0.012817949291010412, 
        "fit": "average", 
        "value": -0.16800452976021915
    }, 
    "L2": {
        "error": 0.012563960234378873, 
        "fit": "average", 
        "value": 0.08183221164023659
    }
}