{
    "AX": {
        "error": 0.01191994827041768, 
        "fit": "average", 
        "value": -0.04372951493229872
    }, 
    "CDD": {
        "error": 1.2303602591359319e-05, 
        "fit": "average", 
        "value": 0.00013114943576510995
    }, 
    "H1": {
        "error": 0.01130580301196643, 
        "fit": "average", 
        "value": 0.03973456169769633
    }, 
    "H2": {
        "error": 0.0109729223049535, 
        "fit": "average", 
        "value": -0.0687852299180425
    }, 
    "L1": {
        "error": 0.012960739512539942, 
        "fit": "average", 
        "value": -0.17584312885058656
    }, 
    "L2": {
        "error": 0.010791666788180243, 
        "fit": "average", 
        "value": 0.0749310845984534
    }
}