{
    "AX": {
        "error": 0.01211047446594092, 
        "fit": "average", 
        "value": -0.047330795341016106
    }, 
    "CDD": {
        "error": 1.0924032518370654e-05, 
        "fit": "average", 
        "value": 9.040397999342531e-05
    }, 
    "H1": {
        "error": 0.012078022603627269, 
        "fit": "average", 
        "value": 0.05196643952998178
    }, 
    "H2": {
        "error": 0.012354745272159419, 
        "fit": "average", 
        "value": -0.10069196039233551
    }, 
    "L1": {
        "error": 0.01212886558204679, 
        "fit": "average", 
        "value": -0.18276281048310922
    }, 
    "L2": {
        "error": 0.010633463096459643, 
        "fit": "average", 
        "value": 0.08260537260503042
    }
}