{
    "AX": {
        "error": 0.010300941808692279, 
        "fit": "average", 
        "value": -0.05471723661952031
    }, 
    "CDD": {
        "error": 1.4518271515340163e-05, 
        "fit": "average", 
        "value": 0.00015661534562241285
    }, 
    "H1": {
        "error": 0.01034115780479077, 
        "fit": "average", 
        "value": 0.06657790590252262
    }, 
    "H2": {
        "error": 0.01112028345557066, 
        "fit": "average", 
        "value": -0.09036589132309321
    }, 
    "L1": {
        "error": 0.012741430883072755, 
        "fit": "average", 
        "value": -0.17018913049299347
    }, 
    "L2": {
        "error": 0.013463101932745252, 
        "fit": "average", 
        "value": 0.09164041231657999
    }
}