{
    "AX": {
        "error": 0.009441975063657255, 
        "fit": "average", 
        "value": -0.05778485626797192
    }, 
    "CDD": {
        "error": 1.4236354896264143e-05, 
        "fit": "average", 
        "value": 0.00012478295830078422
    }, 
    "H1": {
        "error": 0.01187944437283582, 
        "fit": "average", 
        "value": 0.042184798937523735
    }, 
    "H2": {
        "error": 0.010858410705331025, 
        "fit": "average", 
        "value": -0.07300355828022778
    }, 
    "L1": {
        "error": 0.012866151037055183, 
        "fit": "average", 
        "value": -0.17693218939045133
    }, 
    "L2": {
        "error": 0.012646868527226476, 
        "fit": "average", 
        "value": 0.11508346422730635
    }
}