{
    "AX": {
        "error": 0.009422738461828022, 
        "fit": "average", 
        "value": -0.05225803351883466
    }, 
    "CDD": {
        "error": 1.0043588855861113e-05, 
        "fit": "average", 
        "value": 8.403750252909959e-05
    }, 
    "H1": {
        "error": 0.012410311102235333, 
        "fit": "average", 
        "value": 0.04448658623199056
    }, 
    "H2": {
        "error": 0.010815643719331866, 
        "fit": "average", 
        "value": -0.06413197158253751
    }, 
    "L1": {
        "error": 0.011843466726204944, 
        "fit": "average", 
        "value": -0.18388309774454684
    }, 
    "L2": {
        "error": 0.012897799578745981, 
        "fit": "average", 
        "value": 0.08937081605739271
    }
}