{
    "AX": {
        "error": 0.010832701718094447, 
        "fit": "average", 
        "value": -0.050108956460220115
    }, 
    "CDD": {
        "error": 1.4373502504054454e-05, 
        "fit": "average", 
        "value": 0.00013496932224370538
    }, 
    "H1": {
        "error": 0.011626131042006719, 
        "fit": "average", 
        "value": 0.04855623112222626
    }, 
    "H2": {
        "error": 0.011840155514602635, 
        "fit": "average", 
        "value": -0.08506318015618793
    }, 
    "L1": {
        "error": 0.011948566159626304, 
        "fit": "average", 
        "value": -0.1913307052338496
    }, 
    "L2": {
        "error": 0.011683268261329512, 
        "fit": "average", 
        "value": 0.08876850545833198
    }
}