{
    "AX": {
        "error": 0.01054805080558871, 
        "fit": "average", 
        "value": -0.06751116089290007
    }, 
    "CDD": {
        "error": 1.1335341104983532e-05, 
        "fit": "average", 
        "value": 0.0001235096628079191
    }, 
    "H1": {
        "error": 0.012559857314191469, 
        "fit": "average", 
        "value": 0.03427139713894576
    }, 
    "H2": {
        "error": 0.010918925744486035, 
        "fit": "average", 
        "value": -0.07819883267026549
    }, 
    "L1": {
        "error": 0.012083792606934735, 
        "fit": "average", 
        "value": -0.1602205576064686
    }, 
    "L2": {
        "error": 0.012276507624037493, 
        "fit": "average", 
        "value": 0.08512528087594547
    }
}