{
    "AX": {
        "error": 0.010295175608519135, 
        "fit": "average", 
        "value": -0.049637352350206734
    }, 
    "CDD": {
        "error": 1.203490815184358e-05, 
        "fit": "average", 
        "value": 0.0001438823906937614
    }, 
    "H1": {
        "error": 0.010062662919134333, 
        "fit": "average", 
        "value": 0.050484296163388835
    }, 
    "H2": {
        "error": 0.00999215382510465, 
        "fit": "average", 
        "value": -0.05709291240006375
    }, 
    "L1": {
        "error": 0.011187323411729958, 
        "fit": "average", 
        "value": -0.16816804189390192
    }, 
    "L2": {
        "error": 0.011585098849014612, 
        "fit": "average", 
        "value": 0.08958801239035287
    }
}