{
    "AX": {
        "error": 0.009457678534498162, 
        "fit": "average", 
        "value": -0.06098762229667045
    }, 
    "CDD": {
        "error": 1.3840391702464075e-05, 
        "fit": "average", 
        "value": 0.00014006250421516597
    }, 
    "H1": {
        "error": 0.011129544084513908, 
        "fit": "average", 
        "value": 0.05178499537444926
    }, 
    "H2": {
        "error": 0.011511040923075918, 
        "fit": "average", 
        "value": -0.0752674187097
    }, 
    "L1": {
        "error": 0.012555262855126105, 
        "fit": "average", 
        "value": -0.18561848071403803
    }, 
    "L2": {
        "error": 0.010902835537442153, 
        "fit": "average", 
        "value": 0.10193959392975861
    }
}