{
    "AX": {
        "error": 0.010092022285537945, 
        "fit": "average", 
        "value": -0.052211540072069816
    }, 
    "CDD": {
        "error": 1.0527724217929958e-05, 
        "fit": "average", 
        "value": 8.276420703623444e-05
    }, 
    "H1": {
        "error": 0.010696596090301583, 
        "fit": "average", 
        "value": 0.05314299156016204
    }, 
    "H2": {
        "error": 0.010926314493159176, 
        "fit": "average", 
        "value": -0.07388251302788072
    }, 
    "L1": {
        "error": 0.011990584991974553, 
        "fit": "average", 
        "value": -0.15458351225194444
    }, 
    "L2": {
        "error": 0.011213187677738946, 
        "fit": "average", 
        "value": 0.082370091471239
    }
}