{
    "AX": {
        "error": 0.013155603144010014, 
        "fit": "average", 
        "value": -0.04677408249335713
    }, 
    "CDD": {
        "error": 1.097690961126836e-05, 
        "fit": "average", 
        "value": 8.403750252909959e-05
    }, 
    "H1": {
        "error": 0.011683517960821063, 
        "fit": "average", 
        "value": 0.04124868154952613
    }, 
    "H2": {
        "error": 0.011615985134040004, 
        "fit": "average", 
        "value": -0.07951018816287009
    }, 
    "L1": {
        "error": 0.01330522587285826, 
        "fit": "average", 
        "value": -0.16438158120921192
    }, 
    "L2": {
        "error": 0.012676473182971283, 
        "fit": "average", 
        "value": 0.08681893350391572
    }
}