{
    "AX": {
        "error": 0.011228741053019768, 
        "fit": "average", 
        "value": -0.048410345046431755
    }, 
    "CDD": {
        "error": 1.5148803681935885e-05, 
        "fit": "average", 
        "value": 0.00017062159604392947
    }, 
    "H1": {
        "error": 0.013046582880402094, 
        "fit": "average", 
        "value": 0.059476715868489315
    }, 
    "H2": {
        "error": 0.01091542985918121, 
        "fit": "average", 
        "value": -0.08369808660354465
    }, 
    "L1": {
        "error": 0.013120418434370588, 
        "fit": "average", 
        "value": -0.17840720519598108
    }, 
    "L2": {
        "error": 0.011288646343279685, 
        "fit": "average", 
        "value": 0.09222282233749865
    }
}