{
    "AX": {
        "error": 0.009971513809679979, 
        "fit": "average", 
        "value": -0.05390024307513765
    }, 
    "CDD": {
        "error": 1.2592546266707767e-05, 
        "fit": "average", 
        "value": 9.040397999342531e-05
    }, 
    "H1": {
        "error": 0.01154670813915541, 
        "fit": "average", 
        "value": 0.040613509916389984
    }, 
    "H2": {
        "error": 0.010910891797556195, 
        "fit": "average", 
        "value": -0.056690484197072996
    }, 
    "L1": {
        "error": 0.010726167972961033, 
        "fit": "average", 
        "value": -0.182383785994413
    }, 
    "L2": {
        "error": 0.012509840042878601, 
        "fit": "average", 
        "value": 0.08344352100781786
    }
}