{
    "AX": {
        "error": 0.009803322849504355, 
        "fit": "average", 
        "value": -0.05729616112851848
    }, 
    "CDD": {
        "error": 7.11051731414221e-06, 
        "fit": "average", 
        "value": 3.437897830735892e-05
    }, 
    "H1": {
        "error": 0.011795118221306538, 
        "fit": "average", 
        "value": 0.021949940390186384
    }, 
    "H2": {
        "error": 0.01028697587408912, 
        "fit": "average", 
        "value": -0.0753500810067635
    }, 
    "L1": {
        "error": 0.011486456668994685, 
        "fit": "average", 
        "value": -0.1841882969912452
    }, 
    "L2": {
        "error": 0.010880523887975559, 
        "fit": "average", 
        "value": 0.07775161139046152
    }
}