{
    "AX": {
        "error": 0.011548693146164366, 
        "fit": "average", 
        "value": -0.03136153482288743
    }, 
    "CDD": {
        "error": 1.1173732274810902e-05, 
        "fit": "average", 
        "value": 9.422386647202074e-05
    }, 
    "H1": {
        "error": 0.011535592211317294, 
        "fit": "average", 
        "value": 0.04134372434346005
    }, 
    "H2": {
        "error": 0.01072490448210697, 
        "fit": "average", 
        "value": -0.07356542042204334
    }, 
    "L1": {
        "error": 0.010635879473086054, 
        "fit": "average", 
        "value": -0.17753529911982088
    }, 
    "L2": {
        "error": 0.01254363821742319, 
        "fit": "average", 
        "value": 0.0780995028001295
    }
}