{
    "AX": {
        "error": 0.010263943724958233, 
        "fit": "average", 
        "value": -0.053245192558582254
    }, 
    "CDD": {
        "error": 1.001302089760831e-05, 
        "fit": "average", 
        "value": 8.785738900769502e-05
    }, 
    "H1": {
        "error": 0.011323480234633296, 
        "fit": "average", 
        "value": 0.046083466337101225
    }, 
    "H2": {
        "error": 0.010808728154347889, 
        "fit": "average", 
        "value": -0.07560778171270309
    }, 
    "L1": {
        "error": 0.01125910908508917, 
        "fit": "average", 
        "value": -0.186916124446725
    }, 
    "L2": {
        "error": 0.01287204443000774, 
        "fit": "average", 
        "value": 0.07050720761956958
    }
}