{
    "AX": {
        "error": 0.011134975825282846, 
        "fit": "average", 
        "value": -0.053068038211980216
    }, 
    "CDD": {
        "error": 1.3062528486809119e-05, 
        "fit": "average", 
        "value": 0.00011968977632932365
    }, 
    "H1": {
        "error": 0.011375418341391734, 
        "fit": "average", 
        "value": 0.033595057266453905
    }, 
    "H2": {
        "error": 0.01149455542788581, 
        "fit": "average", 
        "value": -0.07602415548947951
    }, 
    "L1": {
        "error": 0.012122572888635757, 
        "fit": "average", 
        "value": -0.1790689394576475
    }, 
    "L2": {
        "error": 0.012883590727148857, 
        "fit": "average", 
        "value": 0.06442825458798325
    }
}