{
    "AX": {
        "error": 0.008921848210550122, 
        "fit": "average", 
        "value": -0.048537101432642275
    }, 
    "CDD": {
        "error": 1.234174680537948e-05, 
        "fit": "average", 
        "value": 8.9130684985624e-05
    }, 
    "H1": {
        "error": 0.011797263549866719, 
        "fit": "average", 
        "value": 0.04391690854778669
    }, 
    "H2": {
        "error": 0.01049349555836059, 
        "fit": "average", 
        "value": -0.07960693767527119
    }, 
    "L1": {
        "error": 0.012174453545348412, 
        "fit": "average", 
        "value": -0.18941688579458665
    }, 
    "L2": {
        "error": 0.012277669268877649, 
        "fit": "average", 
        "value": 0.07598479605706719
    }
}