{
    "AX": {
        "error": 0.011987243400053131, 
        "fit": "average", 
        "value": -0.04534966933424585
    }, 
    "CDD": {
        "error": 1.4641618768758922e-05, 
        "fit": "average", 
        "value": 0.00013369602675084025
    }, 
    "H1": {
        "error": 0.012032601941572801, 
        "fit": "average", 
        "value": 0.04548092563830627
    }, 
    "H2": {
        "error": 0.010745715469932358, 
        "fit": "average", 
        "value": -0.07143629744144467
    }, 
    "L1": {
        "error": 0.013779165508097569, 
        "fit": "average", 
        "value": -0.1670638965171141
    }, 
    "L2": {
        "error": 0.012159795248499649, 
        "fit": "average", 
        "value": 0.06943356428237166
    }
}