{
    "AX": {
        "error": 0.011862755379137542, 
        "fit": "average", 
        "value": -0.05564290736850429
    }, 
    "CDD": {
        "error": 1.554824913772233e-05, 
        "fit": "average", 
        "value": 0.00017316818751472358
    }, 
    "H1": {
        "error": 0.011126395657345413, 
        "fit": "average", 
        "value": 0.032930023720352135
    }, 
    "H2": {
        "error": 0.011576900818544199, 
        "fit": "average", 
        "value": -0.07407665810411951
    }, 
    "L1": {
        "error": 0.012918693719216166, 
        "fit": "average", 
        "value": -0.2025033623111085
    }, 
    "L2": {
        "error": 0.011369219597090266, 
        "fit": "average", 
        "value": 0.0929818252203404
    }
}