{
    "AX": {
        "error": 0.010465230588151363, 
        "fit": "average", 
        "value": -0.06693005885075157
    }, 
    "CDD": {
        "error": 8.083423048049456e-06, 
        "fit": "average", 
        "value": 4.838522872887552e-05
    }, 
    "H1": {
        "error": 0.01130084641288102, 
        "fit": "average", 
        "value": 0.05012937842584506
    }, 
    "H2": {
        "error": 0.01126382769858864, 
        "fit": "average", 
        "value": -0.10065734316206848
    }, 
    "L1": {
        "error": 0.011698178965532388, 
        "fit": "average", 
        "value": -0.2003298449194214
    }, 
    "L2": {
        "error": 0.011585189778058117, 
        "fit": "average", 
        "value": 0.06724874467327027
    }
}