{
    "AX": {
        "error": 0.010810939954828746, 
        "fit": "average", 
        "value": -0.05323193387982125
    }, 
    "CDD": {
        "error": 1.0067299766061381e-05, 
        "fit": "average", 
        "value": 7.512443407904356e-05
    }, 
    "H1": {
        "error": 0.010673189820273902, 
        "fit": "average", 
        "value": 0.04467901138856215
    }, 
    "H2": {
        "error": 0.010750814152965651, 
        "fit": "average", 
        "value": 0.20312177368129294
    }, 
    "L1": {
        "error": 0.0138773516862164, 
        "fit": "average", 
        "value": -0.1780269956740085
    }, 
    "L2": {
        "error": 0.01171251465805123, 
        "fit": "average", 
        "value": 0.07636243689923958
    }
}