{
    "AX": {
        "error": 0.01129531950594569, 
        "fit": "average", 
        "value": -0.047076253861450826
    }, 
    "CDD": {
        "error": 1.134975502341213e-05, 
        "fit": "average", 
        "value": 0.00010823011689353734
    }, 
    "H1": {
        "error": 0.010727288149212671, 
        "fit": "average", 
        "value": 0.04162826186705691
    }, 
    "H2": {
        "error": 0.011331424520639835, 
        "fit": "average", 
        "value": 0.16528115404071286
    }, 
    "L1": {
        "error": 0.01132190698679632, 
        "fit": "average", 
        "value": -0.17561748769755164
    }, 
    "L2": {
        "error": 0.011698685282453549, 
        "fit": "average", 
        "value": 0.07317850403220898
    }
}