{
    "AX": {
        "error": 0.009767856534270307, 
        "fit": "average", 
        "value": -0.050467358848982256
    }, 
    "CDD": {
        "error": 1.4168725652725045e-05, 
        "fit": "average", 
        "value": 0.0001464289816794917
    }, 
    "H1": {
        "error": 0.012131274433444588, 
        "fit": "average", 
        "value": 0.046212835187422266
    }, 
    "H2": {
        "error": 0.01232027147400742, 
        "fit": "average", 
        "value": -0.08862011192444091
    }, 
    "L1": {
        "error": 0.01359123744231043, 
        "fit": "average", 
        "value": -0.1791351874445051
    }, 
    "L2": {
        "error": 0.011628986521603105, 
        "fit": "average", 
        "value": 0.07779543404273379
    }
}