{
    "AX": {
        "error": 0.01062567575259368, 
        "fit": "average", 
        "value": -0.058632087671624804
    }, 
    "CDD": {
        "error": 1.1234532224525386e-05, 
        "fit": "average", 
        "value": 0.0001069568214006722
    }, 
    "H1": {
        "error": 0.011385176200947096, 
        "fit": "average", 
        "value": 0.04881439400827124
    }, 
    "H2": {
        "error": 0.011731264649182234, 
        "fit": "average", 
        "value": 0.1769822028814815
    }, 
    "L1": {
        "error": 0.011203922443323647, 
        "fit": "average", 
        "value": -0.19500826655809458
    }, 
    "L2": {
        "error": 0.011427908372339078, 
        "fit": "average", 
        "value": 0.0878509128204314
    }
}