{
    "AX": {
        "error": 0.009859166679910472, 
        "fit": "average", 
        "value": -0.047714745953756695
    }, 
    "CDD": {
        "error": 1.3627606351291686e-05, 
        "fit": "average", 
        "value": 0.00013624261773657054
    }, 
    "H1": {
        "error": 0.01189711136587386, 
        "fit": "average", 
        "value": 0.0630863746550555
    }, 
    "H2": {
        "error": 0.011049613769283819, 
        "fit": "average", 
        "value": 0.1978180980688194
    }, 
    "L1": {
        "error": 0.012054028749833908, 
        "fit": "average", 
        "value": -0.20467132233898155
    }, 
    "L2": {
        "error": 0.013002051326943641, 
        "fit": "average", 
        "value": 0.09747880545522397
    }
}