{
    "AX": {
        "error": 0.009767909690358732, 
        "fit": "average", 
        "value": -0.05031364923876633
    }, 
    "CDD": {
        "error": 1.2297510739051274e-05, 
        "fit": "average", 
        "value": 0.00011459659435786307
    }, 
    "H1": {
        "error": 0.011536345114185992, 
        "fit": "average", 
        "value": 0.031306711696864414
    }, 
    "H2": {
        "error": 0.01294856728187697, 
        "fit": "average", 
        "value": 0.18678662564295034
    }, 
    "L1": {
        "error": 0.012948431634883214, 
        "fit": "average", 
        "value": -0.19765132562315557
    }, 
    "L2": {
        "error": 0.010886941309939757, 
        "fit": "average", 
        "value": 0.07414444038004149
    }
}