{
    "AX": {
        "error": 0.009358547780754707, 
        "fit": "average", 
        "value": -0.05680360492964003
    }, 
    "CDD": {
        "error": 1.174152532199283e-05, 
        "fit": "average", 
        "value": 0.00010313693492207676
    }, 
    "H1": {
        "error": 0.012280538918093182, 
        "fit": "average", 
        "value": 0.046292817176436074
    }, 
    "H2": {
        "error": 0.012265520770155712, 
        "fit": "average", 
        "value": 0.18693698532127503
    }, 
    "L1": {
        "error": 0.01298475940948096, 
        "fit": "average", 
        "value": -0.16696109408900764
    }, 
    "L2": {
        "error": 0.012161360816302895, 
        "fit": "average", 
        "value": 0.0851002151039817
    }
}