{
    "AX": {
        "error": 0.010286851934799144, 
        "fit": "average", 
        "value": -0.049464761563043184
    }, 
    "CDD": {
        "error": 9.377862147046868e-06, 
        "fit": "average", 
        "value": 7.003125210758299e-05
    }, 
    "H1": {
        "error": 0.010053326368160094, 
        "fit": "average", 
        "value": 0.054119654379610437
    }, 
    "H2": {
        "error": 0.010766786698036719, 
        "fit": "average", 
        "value": 0.18385242158935095
    }, 
    "L1": {
        "error": 0.011894979976108432, 
        "fit": "average", 
        "value": -0.19390221871629668
    }, 
    "L2": {
        "error": 0.011636739079097218, 
        "fit": "average", 
        "value": 0.09468323175484936
    }
}