{
    "AX": {
        "error": 0.009796097954467148, 
        "fit": "average", 
        "value": -0.05980350655202831
    }, 
    "CDD": {
        "error": 9.496962339840538e-06, 
        "fit": "average", 
        "value": 8.913068450056016e-05
    }, 
    "H1": {
        "error": 0.011359994273034146, 
        "fit": "average", 
        "value": 0.05026304235313243
    }, 
    "H2": {
        "error": 0.011478776124455704, 
        "fit": "average", 
        "value": 0.1679991911770988
    }, 
    "L1": {
        "error": 0.012962036793886014, 
        "fit": "average", 
        "value": -0.18914908693526133
    }, 
    "L2": {
        "error": 0.010687209339169109, 
        "fit": "average", 
        "value": 0.08603935990662043
    }
}