{
    "AX": {
        "error": 0.00907175888840114, 
        "fit": "average", 
        "value": -0.05458138606797244
    }, 
    "CDD": {
        "error": 1.39243021116003e-05, 
        "fit": "average", 
        "value": 0.00014388239117882524
    }, 
    "H1": {
        "error": 0.01089356135284616, 
        "fit": "average", 
        "value": 0.04739080642272408
    }, 
    "H2": {
        "error": 0.010485591930267548, 
        "fit": "average", 
        "value": 0.2049494834927221
    }, 
    "L1": {
        "error": 0.01256726420001953, 
        "fit": "average", 
        "value": -0.19428565311342633
    }, 
    "L2": {
        "error": 0.01155855719290603, 
        "fit": "average", 
        "value": 0.08479561331575193
    }
}