{
    "AX": {
        "error": 0.010800796765177078, 
        "fit": "average", 
        "value": -0.055694430098325635
    }, 
    "CDD": {
        "error": 1.228864447204498e-05, 
        "fit": "average", 
        "value": 0.00010950341238640249
    }, 
    "H1": {
        "error": 0.010615993664429925, 
        "fit": "average", 
        "value": 0.031178069605569667
    }, 
    "H2": {
        "error": 0.011637206490128664, 
        "fit": "average", 
        "value": 0.2082359494602618
    }, 
    "L1": {
        "error": 0.011078724578229266, 
        "fit": "average", 
        "value": -0.16533501658705063
    }, 
    "L2": {
        "error": 0.010860315096869841, 
        "fit": "average", 
        "value": 0.08042759863116468
    }
}