{
    "AX": {
        "error": 0.010528385538621914, 
        "fit": "average", 
        "value": -0.05746447868295945
    }, 
    "CDD": {
        "error": 7.950871075569616e-06, 
        "fit": "average", 
        "value": 5.093181971460581e-05
    }, 
    "H1": {
        "error": 0.010893302500923121, 
        "fit": "average", 
        "value": 0.03798894396337952
    }, 
    "H2": {
        "error": 0.01011658518285773, 
        "fit": "average", 
        "value": 0.17524721109463523
    }, 
    "L1": {
        "error": 0.012655599099662544, 
        "fit": "average", 
        "value": -0.16495550339459442
    }, 
    "L2": {
        "error": 0.012590950285553612, 
        "fit": "average", 
        "value": 0.1034756858730058
    }
}