{
    "AX": {
        "error": 0.010659390338375093, 
        "fit": "average", 
        "value": -0.05742809327978951
    }, 
    "CDD": {
        "error": 1.3770817999212723e-05, 
        "fit": "average", 
        "value": 0.00012860284477937966
    }, 
    "H1": {
        "error": 0.011443004253279007, 
        "fit": "average", 
        "value": 0.034882352710458996
    }, 
    "H2": {
        "error": 0.010105187072462997, 
        "fit": "average", 
        "value": 0.18623683773524438
    }, 
    "L1": {
        "error": 0.01153871608338565, 
        "fit": "average", 
        "value": -0.17234450672597934
    }, 
    "L2": {
        "error": 0.011365507339146295, 
        "fit": "average", 
        "value": 0.07453447139948063
    }
}