{
    "AX": {
        "error": 0.010162316129165294, 
        "fit": "average", 
        "value": -0.056303425399649616
    }, 
    "CDD": {
        "error": 8.977797466356665e-06, 
        "fit": "average", 
        "value": 5.34784107003361e-05
    }, 
    "H1": {
        "error": 0.011745050614959604, 
        "fit": "average", 
        "value": 0.06092825297867724
    }, 
    "H2": {
        "error": 0.01112570149329283, 
        "fit": "average", 
        "value": 0.1875379332108423
    }, 
    "L1": {
        "error": 0.013019890622101852, 
        "fit": "average", 
        "value": -0.185555067572083
    }, 
    "L2": {
        "error": 0.012323889998311695, 
        "fit": "average", 
        "value": 0.08159781747381203
    }
}