{
    "AX": {
        "error": 0.010965225051260042, 
        "fit": "average", 
        "value": -0.041317927682151395
    }, 
    "CDD": {
        "error": 1.2316883447172966e-05, 
        "fit": "average", 
        "value": 0.0001464289816794917
    }, 
    "H1": {
        "error": 0.01252171086935335, 
        "fit": "average", 
        "value": 0.039891972466527176
    }, 
    "H2": {
        "error": 0.011046906036394582, 
        "fit": "average", 
        "value": 0.20437438310667252
    }, 
    "L1": {
        "error": 0.014302290104948637, 
        "fit": "average", 
        "value": -0.16891209640307353
    }, 
    "L2": {
        "error": 0.012676305504658527, 
        "fit": "average", 
        "value": 0.08467073839177222
    }
}