{
    "AX": {
        "error": 0.01126915731959582, 
        "fit": "average", 
        "value": -0.0466288676019758
    }, 
    "CDD": {
        "error": 8.1864220780557e-06, 
        "fit": "average", 
        "value": 5.2205115207470956e-05
    }, 
    "H1": {
        "error": 0.010922217330481284, 
        "fit": "average", 
        "value": 0.03757418077245044
    }, 
    "H2": {
        "error": 0.01140742454968571, 
        "fit": "average", 
        "value": -0.0737284059849723
    }, 
    "L1": {
        "error": 0.013623122706225935, 
        "fit": "average", 
        "value": -0.15876556486667445
    }, 
    "L2": {
        "error": 0.011437442604581363, 
        "fit": "average", 
        "value": 0.09081478730270949
    }
}