{
    "AX": {
        "error": 0.010011951476939465, 
        "fit": "average", 
        "value": -0.05726093779085204
    }, 
    "CDD": {
        "error": 9.291018083981096e-06, 
        "fit": "average", 
        "value": 6.111818365752696e-05
    }, 
    "H1": {
        "error": 0.010271536576717748, 
        "fit": "average", 
        "value": 0.036045717612917846
    }, 
    "H2": {
        "error": 0.012736547662585428, 
        "fit": "average", 
        "value": -0.05388297072252802
    }, 
    "L1": {
        "error": 0.012302840580871945, 
        "fit": "average", 
        "value": -0.1812775218160823
    }, 
    "L2": {
        "error": 0.01159657699826092, 
        "fit": "average", 
        "value": 0.09668100725978093
    }
}