{
    "AX": {
        "error": 0.010054163788108963, 
        "fit": "average", 
        "value": -0.05864545046739901
    }, 
    "CDD": {
        "error": 1.0385050526689305e-05, 
        "fit": "average", 
        "value": 7.894432055763901e-05
    }, 
    "H1": {
        "error": 0.013109859374186081, 
        "fit": "average", 
        "value": 0.04276029755710624
    }, 
    "H2": {
        "error": 0.01049091360600939, 
        "fit": "average", 
        "value": -0.07401622091419995
    }, 
    "L1": {
        "error": 0.01444094304201745, 
        "fit": "average", 
        "value": -0.1638254466059152
    }, 
    "L2": {
        "error": 0.011964325242531281, 
        "fit": "average", 
        "value": 0.09144095861459695
    }
}