{
    "AX": {
        "error": 0.011447155843713652, 
        "fit": "average", 
        "value": -0.04932798240721847
    }, 
    "CDD": {
        "error": 1.1144430478892655e-05, 
        "fit": "average", 
        "value": 0.00010441023041494191
    }, 
    "H1": {
        "error": 0.010848334965040134, 
        "fit": "average", 
        "value": 0.05676683055353351
    }, 
    "H2": {
        "error": 0.011306981552303544, 
        "fit": "average", 
        "value": -0.0719350565089068
    }, 
    "L1": {
        "error": 0.011592969119671172, 
        "fit": "average", 
        "value": -0.17159027699187088
    }, 
    "L2": {
        "error": 0.013030595386640125, 
        "fit": "average", 
        "value": 0.10434680212444315
    }
}