{
    "AX": {
        "error": 0.012167265552600157, 
        "fit": "average", 
        "value": -0.05268848985433579
    }, 
    "CDD": {
        "error": 1.4115257663904613e-05, 
        "fit": "average", 
        "value": 0.0001324227312579751
    }, 
    "H1": {
        "error": 0.012113645293334717, 
        "fit": "average", 
        "value": 0.04958301370218881
    }, 
    "H2": {
        "error": 0.010330866034636704, 
        "fit": "average", 
        "value": -0.05716682416580928
    }, 
    "L1": {
        "error": 0.011964684936245942, 
        "fit": "average", 
        "value": -0.17365766877677136
    }, 
    "L2": {
        "error": 0.010966054124236296, 
        "fit": "average", 
        "value": 0.07472914078486308
    }
}