{
    "AX": {
        "error": 0.010473298928073365, 
        "fit": "average", 
        "value": -0.05579630659085524
    }, 
    "CDD": {
        "error": 1.4006250421516597e-05, 
        "fit": "average", 
        "value": 0.00012860284477937966
    }, 
    "H1": {
        "error": 0.010797296365031003, 
        "fit": "average", 
        "value": 0.04943763941604023
    }, 
    "H2": {
        "error": 0.010598405265771278, 
        "fit": "average", 
        "value": -0.06053933914186018
    }, 
    "L1": {
        "error": 0.013630586960923431, 
        "fit": "average", 
        "value": -0.17629545809080202
    }, 
    "L2": {
        "error": 0.012279002584935698, 
        "fit": "average", 
        "value": 0.08970352549804375
    }
}