{
    "AX": {
        "error": 0.009177157877561591, 
        "fit": "average", 
        "value": -0.04918314571138278
    }, 
    "CDD": {
        "error": 1.2391872775884254e-05, 
        "fit": "average", 
        "value": 0.00011077670787926764
    }, 
    "H1": {
        "error": 0.011035057983256675, 
        "fit": "average", 
        "value": 0.04897263750123481
    }, 
    "H2": {
        "error": 0.01006402795612726, 
        "fit": "average", 
        "value": -0.07989730061090086
    }, 
    "L1": {
        "error": 0.013796727730485212, 
        "fit": "average", 
        "value": -0.17823742408848678
    }, 
    "L2": {
        "error": 0.012427080554880532, 
        "fit": "average", 
        "value": 0.08518724919510229
    }
}