{
    "AX": {
        "error": 0.009553222812913592, 
        "fit": "average", 
        "value": -0.05230017425947944
    }, 
    "CDD": {
        "error": 1.020407290121893e-05, 
        "fit": "average", 
        "value": 0.00010708741581019682
    }, 
    "H1": {
        "error": 0.00905297786590634, 
        "fit": "average", 
        "value": 0.03611918757317318
    }, 
    "H2": {
        "error": 0.010062023507178202, 
        "fit": "average", 
        "value": -0.0738452425899191
    }, 
    "L1": {
        "error": 0.009369568974905446, 
        "fit": "average", 
        "value": -0.1742588369406562
    }, 
    "L2": {
        "error": 0.011384843372216999, 
        "fit": "average", 
        "value": 0.08414818198974083
    }
}