{
    "AX": {
        "error": 0.0079142642730446, 
        "fit": "average", 
        "value": -0.04381204996648843
    }, 
    "CDD": {
        "error": 1.0261982028340504e-05, 
        "fit": "average", 
        "value": 0.00011854820105985834
    }, 
    "H1": {
        "error": 0.010110205876276805, 
        "fit": "average", 
        "value": 0.062357072244389904
    }, 
    "H2": {
        "error": 0.011386326510838892, 
        "fit": "average", 
        "value": -0.07719630740680977
    }, 
    "L1": {
        "error": 0.010522906167200571, 
        "fit": "average", 
        "value": -0.17645819590369796
    }, 
    "L2": {
        "error": 0.011497032880825403, 
        "fit": "average", 
        "value": 0.0939516785975088
    }
}