{
    "AX": {
        "error": 0.007569605739027095, 
        "fit": "average", 
        "value": -0.055997923299488
    }, 
    "CDD": {
        "error": 6.400251670208068e-06, 
        "fit": "average", 
        "value": 3.991953437090725e-05
    }, 
    "H1": {
        "error": 0.010171873697016047, 
        "fit": "average", 
        "value": 0.05450434512170279
    }, 
    "H2": {
        "error": 0.009216590450102828, 
        "fit": "average", 
        "value": -0.07558837932281262
    }, 
    "L1": {
        "error": 0.00909596272386966, 
        "fit": "average", 
        "value": -0.16569611168335796
    }, 
    "L2": {
        "error": 0.00889668995383352, 
        "fit": "average", 
        "value": 0.11016206486579196
    }
}