{
    "AX": {
        "error": 0.008153611430992544, 
        "fit": "average", 
        "value": -0.04382192742246527
    }, 
    "CDD": {
        "error": 1.0211873980347201e-05, 
        "fit": "average", 
        "value": 0.00010411725977056585
    }, 
    "H1": {
        "error": 0.010123443954036864, 
        "fit": "average", 
        "value": 0.04649665491862544
    }, 
    "H2": {
        "error": 0.00868288392452153, 
        "fit": "average", 
        "value": -0.061042793037419295
    }, 
    "L1": {
        "error": 0.00966247818779425, 
        "fit": "average", 
        "value": -0.1823770284085818
    }, 
    "L2": {
        "error": 0.011106877411760016, 
        "fit": "average", 
        "value": 0.07192016021631982
    }
}