{
    "AX": {
        "error": 0.0069293032166142295, 
        "fit": "average", 
        "value": -0.06648229399745885
    }, 
    "CDD": {
        "error": 7.365433142341163e-06, 
        "fit": "average", 
        "value": 8.56181452098977e-05
    }, 
    "H1": {
        "error": 0.009759392019856062, 
        "fit": "average", 
        "value": 0.029798423768375562
    }, 
    "H2": {
        "error": 0.009096394272795892, 
        "fit": "average", 
        "value": -0.0856965444818662
    }, 
    "L1": {
        "error": 0.011776467660793929, 
        "fit": "average", 
        "value": -0.1877785008526126
    }, 
    "L2": {
        "error": 0.009682300873450147, 
        "fit": "average", 
        "value": 0.0754240493747759
    }
}