{
    "AX": {
        "error": 0.009444038863668626, 
        "fit": "average", 
        "value": -0.06568895098240257
    }, 
    "CDD": {
        "error": 1.0517945224462111e-05, 
        "fit": "average", 
        "value": 8.769130698688652e-05
    }, 
    "H1": {
        "error": 0.010151762527440805, 
        "fit": "average", 
        "value": 0.055339081647428526
    }, 
    "H2": {
        "error": 0.011333452298449197, 
        "fit": "average", 
        "value": -0.07528125679746797
    }, 
    "L1": {
        "error": 0.009813950102928442, 
        "fit": "average", 
        "value": -0.17314454157553288
    }, 
    "L2": {
        "error": 0.01167145690980091, 
        "fit": "average", 
        "value": 0.07009266399625196
    }
}