{
    "AX": {
        "error": 0.00806872771457143, 
        "fit": "average", 
        "value": -0.053526855522899756
    }, 
    "CDD": {
        "error": 6.469850765293866e-06, 
        "fit": "average", 
        "value": 5.268808935993704e-05
    }, 
    "H1": {
        "error": 0.009649164467333852, 
        "fit": "average", 
        "value": 0.06133033515498108
    }, 
    "H2": {
        "error": 0.00825922742291774, 
        "fit": "average", 
        "value": -0.07785027990958669
    }, 
    "L1": {
        "error": 0.008640395427682884, 
        "fit": "average", 
        "value": -0.1621917661508186
    }, 
    "L2": {
        "error": 0.011417565065406015, 
        "fit": "average", 
        "value": 0.08351080304648924
    }
}