{
    "AX": {
        "error": 0.009259145851649397, 
        "fit": "average", 
        "value": -0.048204917194443225
    }, 
    "CDD": {
        "error": 1.1863673799833928e-05, 
        "fit": "average", 
        "value": 0.00017936858247317699
    }, 
    "H1": {
        "error": 0.008987183640686085, 
        "fit": "average", 
        "value": 0.03983322045337244
    }, 
    "H2": {
        "error": 0.009639398986072741, 
        "fit": "average", 
        "value": -0.10591009873574617
    }, 
    "L1": {
        "error": 0.010675459175264471, 
        "fit": "average", 
        "value": -0.19492109757419185
    }, 
    "L2": {
        "error": 0.00967710305957024, 
        "fit": "average", 
        "value": 0.045878744465379234
    }
}