{
    "AX": {
        "error": 0.010636823795955817, 
        "fit": "average", 
        "value": -0.0463214282989097
    }, 
    "CDD": {
        "error": 1.030284254932504e-05, 
        "fit": "average", 
        "value": 0.00011124581674506005
    }, 
    "H1": {
        "error": 0.010048571545241199, 
        "fit": "average", 
        "value": 0.050147523476284574
    }, 
    "H2": {
        "error": 0.009773929144525227, 
        "fit": "average", 
        "value": -0.11321347143156858
    }, 
    "L1": {
        "error": 0.00935192605549668, 
        "fit": "average", 
        "value": -0.19423521691451556
    }, 
    "L2": {
        "error": 0.01173942568765146, 
        "fit": "average", 
        "value": 0.04149899969641597
    }
}