{
    "AX": {
        "error": 0.00925917605558634, 
        "fit": "average", 
        "value": -0.04703104956046956
    }, 
    "CDD": {
        "error": 6.375150703044993e-06, 
        "fit": "average", 
        "value": 3.8893389600244436e-05
    }, 
    "H1": {
        "error": 0.010373465673585337, 
        "fit": "average", 
        "value": 0.013133370441962677
    }, 
    "H2": {
        "error": 0.010147438189407568, 
        "fit": "average", 
        "value": -0.10428024635021166
    }, 
    "L1": {
        "error": 0.011188084141016885, 
        "fit": "average", 
        "value": -0.20742509650552401
    }, 
    "L2": {
        "error": 0.011169311213338525, 
        "fit": "average", 
        "value": 0.0625769239450481
    }
}