{
    "AX": {
        "error": 0.009144642003598026, 
        "fit": "average", 
        "value": -0.0497106161967263
    }, 
    "CDD": {
        "error": 9.99209907104105e-06, 
        "fit": "average", 
        "value": 9.735639874650314e-05
    }, 
    "H1": {
        "error": 0.008928464604051275, 
        "fit": "average", 
        "value": 0.022760564727148255
    }, 
    "H2": {
        "error": 0.009553739205527378, 
        "fit": "average", 
        "value": -0.12288279329930032
    }, 
    "L1": {
        "error": 0.01170097881904791, 
        "fit": "average", 
        "value": -0.218870051739063
    }, 
    "L2": {
        "error": 0.009768943691564103, 
        "fit": "average", 
        "value": 0.04665018186712762
    }
}