{
    "AX": {
        "error": 0.007927473205724001, 
        "fit": "average", 
        "value": -0.05323528179674056
    }, 
    "CDD": {
        "error": 6.441852346230163e-06, 
        "fit": "average", 
        "value": 4.191733834918885e-05
    }, 
    "H1": {
        "error": 0.011032712738686213, 
        "fit": "average", 
        "value": 0.018010432261001803
    }, 
    "H2": {
        "error": 0.009465984995484846, 
        "fit": "average", 
        "value": -0.1313421733763167
    }, 
    "L1": {
        "error": 0.010095213568158611, 
        "fit": "average", 
        "value": -0.20846381919972343
    }, 
    "L2": {
        "error": 0.010112234414217944, 
        "fit": "average", 
        "value": 0.040193984036109055
    }
}