{
    "AX": {
        "error": 0.009500789559328477, 
        "fit": "average", 
        "value": -0.059982278442475945
    }, 
    "CDD": {
        "error": 6.097108032228917e-06, 
        "fit": "average", 
        "value": 3.688166255195593e-05
    }, 
    "H1": {
        "error": 0.009374681106940425, 
        "fit": "average", 
        "value": 0.023317448279142314
    }, 
    "H2": {
        "error": 0.009456334619533647, 
        "fit": "average", 
        "value": -0.08058425008213115
    }, 
    "L1": {
        "error": 0.01179484276767243, 
        "fit": "average", 
        "value": -0.2162663259760252
    }, 
    "L2": {
        "error": 0.009574916269310913, 
        "fit": "average", 
        "value": 0.01608155375109626
    }
}