{
    "AX": {
        "error": 0.00973856865604603, 
        "fit": "average", 
        "value": -0.05228049041095616
    }, 
    "CDD": {
        "error": 7.1526891460244966e-06, 
        "fit": "average", 
        "value": 6.194410505830436e-05
    }, 
    "H1": {
        "error": 0.0085660778560267, 
        "fit": "average", 
        "value": 0.01503818014048432
    }, 
    "H2": {
        "error": 0.008909681242834293, 
        "fit": "average", 
        "value": -0.09753738491107589
    }, 
    "L1": {
        "error": 0.009050045313145912, 
        "fit": "average", 
        "value": -0.20044113704529792
    }, 
    "L2": {
        "error": 0.01000138891245361, 
        "fit": "average", 
        "value": 0.05408368960368158
    }
}