{
    "AX": {
        "error": 0.009331577661022472, 
        "fit": "average", 
        "value": -0.04793983843358877
    }, 
    "CDD": {
        "error": 0.0, 
        "fit": "average", 
        "value": 2.9782165765320345e-05
    }, 
    "H1": {
        "error": 0.009946956261809513, 
        "fit": "average", 
        "value": 0.01782352506570452
    }, 
    "H2": {
        "error": 0.008812197903899407, 
        "fit": "average", 
        "value": -0.08313127782863391
    }, 
    "L1": {
        "error": 0.010330197238708247, 
        "fit": "average", 
        "value": -0.20136302057653666
    }, 
    "L2": {
        "error": 0.009350179067502774, 
        "fit": "average", 
        "value": 0.04940078196536123
    }
}