{
    "AX": {
        "error": 0.009549629127779876, 
        "fit": "average", 
        "value": -0.07056633911282836
    }, 
    "CDD": {
        "error": 7.190840204055117e-06, 
        "fit": "average", 
        "value": 8.345970457435406e-05
    }, 
    "H1": {
        "error": 0.010275841645386391, 
        "fit": "average", 
        "value": 0.02929846805937845
    }, 
    "H2": {
        "error": 0.009220741418738285, 
        "fit": "average", 
        "value": -0.08878096897336366
    }, 
    "L1": {
        "error": 0.011067626601418735, 
        "fit": "average", 
        "value": -0.18424661587140795
    }, 
    "L2": {
        "error": 0.00952357792987276, 
        "fit": "average", 
        "value": 0.07483602487440921
    }
}