{
    "AX": {
        "error": 0.009464291728670164, 
        "fit": "average", 
        "value": -0.04991313412182009
    }, 
    "CDD": {
        "error": 5.815131090666633e-06, 
        "fit": "average", 
        "value": 3.264860238115757e-05
    }, 
    "H1": {
        "error": 0.009930401688351789, 
        "fit": "average", 
        "value": 0.04221265881829195
    }, 
    "H2": {
        "error": 0.008630884018714266, 
        "fit": "average", 
        "value": -0.10401775656542409
    }, 
    "L1": {
        "error": 0.011393306294106004, 
        "fit": "average", 
        "value": -0.19372102028430896
    }, 
    "L2": {
        "error": 0.010819336958424172, 
        "fit": "average", 
        "value": 0.0776344580474593
    }
}