{
    "AX": {
        "error": 0.009236190988569454, 
        "fit": "average", 
        "value": -0.062176419559704224
    }, 
    "CDD": {
        "error": 1.043397196813022e-05, 
        "fit": "average", 
        "value": 8.947481841755075e-05
    }, 
    "H1": {
        "error": 0.011707436928627765, 
        "fit": "average", 
        "value": 0.04259907879669958
    }, 
    "H2": {
        "error": 0.011276786498331998, 
        "fit": "average", 
        "value": -0.07834013149791007
    }, 
    "L1": {
        "error": 0.011814438914306474, 
        "fit": "average", 
        "value": -0.18061718897089513
    }, 
    "L2": {
        "error": 0.010323314024777382, 
        "fit": "average", 
        "value": 0.07136146901422634
    }
}