{
    "AX": {
        "error": 0.00959752894345801, 
        "fit": "average", 
        "value": -0.04404796617295165
    }, 
    "CDD": {
        "error": 1.052042294423287e-05, 
        "fit": "average", 
        "value": 0.0001159137965918615
    }, 
    "H1": {
        "error": 0.010358579955926869, 
        "fit": "average", 
        "value": 0.05083208124708842
    }, 
    "H2": {
        "error": 0.009543134572316913, 
        "fit": "average", 
        "value": -0.08258761700830962
    }, 
    "L1": {
        "error": 0.010024529684162592, 
        "fit": "average", 
        "value": -0.1959475579083358
    }, 
    "L2": {
        "error": 0.010981142115480229, 
        "fit": "average", 
        "value": 0.06691604813054335
    }
}