{
    "AX": {
        "error": 0.009917908710742907, 
        "fit": "average", 
        "value": -0.056552037967776414
    }, 
    "CDD": {
        "error": 9.822172641037586e-06, 
        "fit": "average", 
        "value": 9.841063470279766e-05
    }, 
    "H1": {
        "error": 0.010711024525714895, 
        "fit": "average", 
        "value": 0.04109300505781607
    }, 
    "H2": {
        "error": 0.009100100556025196, 
        "fit": "average", 
        "value": -0.0839113356288083
    }, 
    "L1": {
        "error": 0.010011026368655297, 
        "fit": "average", 
        "value": -0.21164694604421724
    }, 
    "L2": {
        "error": 0.011639356862788103, 
        "fit": "average", 
        "value": 0.09132477722695878
    }
}