{
    "AX": {
        "error": 0.008501945797340864, 
        "fit": "average", 
        "value": -0.05620479529847533
    }, 
    "CDD": {
        "error": 7.012504122449329e-06, 
        "fit": "average", 
        "value": 7.244612286991344e-05
    }, 
    "H1": {
        "error": 0.009268104739854266, 
        "fit": "average", 
        "value": 0.020423125052995632
    }, 
    "H2": {
        "error": 0.010425047094780605, 
        "fit": "average", 
        "value": -0.09169451090886052
    }, 
    "L1": {
        "error": 0.013213287312755187, 
        "fit": "average", 
        "value": -0.20830068032036683
    }, 
    "L2": {
        "error": 0.010696624727404014, 
        "fit": "average", 
        "value": 0.053667693782859203
    }
}