{
    "AX": {
        "error": 0.009095720893836015, 
        "fit": "average", 
        "value": -0.05573376506799832
    }, 
    "CDD": {
        "error": 1.214231472769167e-05, 
        "fit": "average", 
        "value": 0.0001488094906444135
    }, 
    "H1": {
        "error": 0.0094085792121633, 
        "fit": "average", 
        "value": 0.027167511684207345
    }, 
    "H2": {
        "error": 0.009875054403058907, 
        "fit": "average", 
        "value": -0.10737954010458096
    }, 
    "L1": {
        "error": 0.010936086462276484, 
        "fit": "average", 
        "value": -0.1799234845523682
    }, 
    "L2": {
        "error": 0.0114410659708799, 
        "fit": "average", 
        "value": 0.07991754123941064
    }
}