{
    "AX": {
        "error": 0.004705222204875863, 
        "fit": "average", 
        "value": -0.034772991578110715
    }, 
    "CDD": {
        "error": 1.0403148375169678e-05, 
        "fit": "average", 
        "value": 8.770067226858094e-05
    }, 
    "H1": {
        "error": 0.008011119783569358, 
        "fit": "average", 
        "value": 0.010181140189210104
    }, 
    "H2": {
        "error": 0.009725352975220246, 
        "fit": "average", 
        "value": -0.03517565458260881
    }, 
    "L1": {
        "error": 0.008795763808651186, 
        "fit": "average", 
        "value": -0.11484818932551302
    }, 
    "L2": {
        "error": 0.010226937146155576, 
        "fit": "average", 
        "value": -0.11753789995176096
    }
}