{
    "AX": {
        "error": 0.0044638858669928325, 
        "fit": "average", 
        "value": -0.03966703321734119
    }, 
    "CDD": {
        "error": 7.535209148829367e-06, 
        "fit": "average", 
        "value": 8.591728539230596e-05
    }, 
    "H1": {
        "error": 0.009549463921976952, 
        "fit": "average", 
        "value": -0.008086280698638834
    }, 
    "H2": {
        "error": 0.010551319365223473, 
        "fit": "average", 
        "value": -0.04133443581757315
    }, 
    "L1": {
        "error": 0.01003173232498531, 
        "fit": "average", 
        "value": -0.1198005897956144
    }, 
    "L2": {
        "error": 0.01112187327957119, 
        "fit": "average", 
        "value": -0.10957780686256133
    }
}