{
    "AX": {
        "error": 0.004442442802561754, 
        "fit": "average", 
        "value": -0.03680335015649274
    }, 
    "CDD": {
        "error": 7.030060623702004e-06, 
        "fit": "average", 
        "value": 5.413665686709075e-05
    }, 
    "H1": {
        "error": 0.01041148688164304, 
        "fit": "average", 
        "value": 0.019634392272062793
    }, 
    "H2": {
        "error": 0.008934075987856447, 
        "fit": "average", 
        "value": -0.04547627002262233
    }, 
    "L1": {
        "error": 0.00987589582916408, 
        "fit": "average", 
        "value": -0.11856188134938155
    }, 
    "L2": {
        "error": 0.011378458887443854, 
        "fit": "average", 
        "value": -0.11112722605178292
    }
}