{
    "AX": {
        "error": 0.0047040200312331295, 
        "fit": "average", 
        "value": -0.029860973965538586
    }, 
    "CDD": {
        "error": 7.23465817174457e-06, 
        "fit": "average", 
        "value": 5.9361033543775027e-05
    }, 
    "H1": {
        "error": 0.009902742155417421, 
        "fit": "average", 
        "value": 0.02675790246680013
    }, 
    "H2": {
        "error": 0.011283776152542498, 
        "fit": "average", 
        "value": -0.011384441098370944
    }, 
    "L1": {
        "error": 0.010951242879159747, 
        "fit": "average", 
        "value": -0.1315900533625251
    }, 
    "L2": {
        "error": 0.012783622416387535, 
        "fit": "average", 
        "value": -0.12269006681365326
    }
}