{
    "AX": {
        "error": 0.004879467594768512, 
        "fit": "average", 
        "value": -0.03727660090865
    }, 
    "CDD": {
        "error": 7.366193978763366e-06, 
        "fit": "average", 
        "value": 7.976254817786748e-05
    }, 
    "H1": {
        "error": 0.008899996728160676, 
        "fit": "average", 
        "value": 0.0038703355816674927
    }, 
    "H2": {
        "error": 0.009910283471087931, 
        "fit": "average", 
        "value": -0.02482785578088268
    }, 
    "L1": {
        "error": 0.010844161396510026, 
        "fit": "average", 
        "value": -0.1353602221397602
    }, 
    "L2": {
        "error": 0.010180583084367471, 
        "fit": "average", 
        "value": -0.09355438399723968
    }
}