{
    "AX": {
        "error": 0.004782958492099512, 
        "fit": "average", 
        "value": -0.04209334534093143
    }, 
    "CDD": {
        "error": 7.544331480119775e-06, 
        "fit": "average", 
        "value": 9.168706646260734e-05
    }, 
    "H1": {
        "error": 0.008571347197080267, 
        "fit": "average", 
        "value": 0.02814727125352504
    }, 
    "H2": {
        "error": 0.012134941617080142, 
        "fit": "average", 
        "value": -0.0207419879333084
    }, 
    "L1": {
        "error": 0.00938683900595518, 
        "fit": "average", 
        "value": -0.10854003289475656
    }, 
    "L2": {
        "error": 0.01055614345556787, 
        "fit": "average", 
        "value": -0.0845118137158192
    }
}