{
    "AX": {
        "error": 0.00433027531693334, 
        "fit": "average", 
        "value": -0.04468604623714624
    }, 
    "CDD": {
        "error": 1.1375539957703634e-05, 
        "fit": "average", 
        "value": 0.00014351019272620542
    }, 
    "H1": {
        "error": 0.00974506456788269, 
        "fit": "average", 
        "value": 0.03207667971374062
    }, 
    "H2": {
        "error": 0.010320768870254602, 
        "fit": "average", 
        "value": -0.02741339887014335
    }, 
    "L1": {
        "error": 0.009560119974180388, 
        "fit": "average", 
        "value": -0.10513566221523998
    }, 
    "L2": {
        "error": 0.010543063220436537, 
        "fit": "average", 
        "value": -0.07300320164107814
    }
}