{
    "AX": {
        "error": 0.004692797122150629, 
        "fit": "average", 
        "value": -0.025489444232927937
    }, 
    "CDD": {
        "error": 1.4406629943328006e-05, 
        "fit": "average", 
        "value": 0.00016493272977759657
    }, 
    "H1": {
        "error": 0.010516060419665917, 
        "fit": "average", 
        "value": 0.036407506784788615
    }, 
    "H2": {
        "error": 0.012227224200204194, 
        "fit": "average", 
        "value": -0.30069298122142407
    }, 
    "L1": {
        "error": 0.007918207916222985, 
        "fit": "average", 
        "value": -0.14013442272821078
    }, 
    "L2": {
        "error": 0.011194517784391678, 
        "fit": "average", 
        "value": -0.10393506513665551
    }
}