{
    "AX": {
        "error": 0.0043576726869148695, 
        "fit": "average", 
        "value": -0.03858414889015094
    }, 
    "CDD": {
        "error": 1.034739848317882e-05, 
        "fit": "average", 
        "value": 9.30158645272828e-05
    }, 
    "H1": {
        "error": 0.010099119217965103, 
        "fit": "average", 
        "value": 0.012844874764580214
    }, 
    "H2": {
        "error": 0.012210018156837216, 
        "fit": "average", 
        "value": -0.29489031250925124
    }, 
    "L1": {
        "error": 0.010317427412607605, 
        "fit": "average", 
        "value": -0.12500487625897974
    }, 
    "L2": {
        "error": 0.011853766834102357, 
        "fit": "average", 
        "value": -0.09322492298847267
    }
}