{
    "AX": {
        "error": 0.004228852126411268, 
        "fit": "average", 
        "value": -0.040675287114521654
    }, 
    "CDD": {
        "error": 7.267664962148054e-06, 
        "fit": "average", 
        "value": 5.666640718798284e-05
    }, 
    "H1": {
        "error": 0.00980924310959744, 
        "fit": "average", 
        "value": 0.029619104347927663
    }, 
    "H2": {
        "error": 0.01308713360489154, 
        "fit": "average", 
        "value": -0.2964321592389124
    }, 
    "L1": {
        "error": 0.009296702574787121, 
        "fit": "average", 
        "value": -0.10796158363730209
    }, 
    "L2": {
        "error": 0.012217491423416252, 
        "fit": "average", 
        "value": -0.09824486294123547
    }
}