{
    "AX": {
        "error": 0.004617559317638385, 
        "fit": "average", 
        "value": -0.03186159084539096
    }, 
    "CDD": {
        "error": 7.077210254337162e-06, 
        "fit": "average", 
        "value": 7.773468678351492e-05
    }, 
    "H1": {
        "error": 0.008877065224537883, 
        "fit": "average", 
        "value": 0.0247747737598045
    }, 
    "H2": {
        "error": 0.011472536356256247, 
        "fit": "average", 
        "value": -0.029355590705619713
    }, 
    "L1": {
        "error": 0.010077761168799606, 
        "fit": "average", 
        "value": -0.13620199481425643
    }, 
    "L2": {
        "error": 0.009452271944420916, 
        "fit": "average", 
        "value": -0.08351824793348427
    }
}