{
    "AX": {
        "error": 0.004395265702445459, 
        "fit": "average", 
        "value": -0.03422123879286589
    }, 
    "CDD": {
        "error": 1.4135466264547435e-05, 
        "fit": "average", 
        "value": 0.0001827447058371546
    }, 
    "H1": {
        "error": 0.010209396286144971, 
        "fit": "average", 
        "value": 0.05136299310467186
    }, 
    "H2": {
        "error": 0.010622603948172127, 
        "fit": "average", 
        "value": 0.014111584269216862
    }, 
    "L1": {
        "error": 0.011597533182340972, 
        "fit": "average", 
        "value": -0.12196243324980705
    }, 
    "L2": {
        "error": 0.01032964428213444, 
        "fit": "average", 
        "value": -0.10161315661183336
    }
}