{
    "AX": {
        "error": 0.0033581723174060034, 
        "fit": "average", 
        "value": -0.026542630791399544
    }, 
    "CDD": {
        "error": 6.081813931534202e-06, 
        "fit": "average", 
        "value": 3.587754774623765e-05
    }, 
    "H1": {
        "error": 0.008605800420794762, 
        "fit": "average", 
        "value": 0.0071541162350357655
    }, 
    "H2": {
        "error": 0.012197153335923685, 
        "fit": "average", 
        "value": -0.03234911729186048
    }, 
    "L1": {
        "error": 0.010365835898499593, 
        "fit": "average", 
        "value": -0.12157787705731132
    }, 
    "L2": {
        "error": 0.01055216428890104, 
        "fit": "average", 
        "value": -0.10346695796137542
    }
}