{
    "AX": {
        "error": 0.00468574822242426, 
        "fit": "average", 
        "value": -0.03048838964269425
    }, 
    "CDD": {
        "error": 7.449872435700071e-06, 
        "fit": "average", 
        "value": 8.443595288554206e-05
    }, 
    "H1": {
        "error": 0.009812891060568188, 
        "fit": "average", 
        "value": 0.0007384513011325844
    }, 
    "H2": {
        "error": 0.00867035973187024, 
        "fit": "average", 
        "value": -0.04021784908583631
    }, 
    "L1": {
        "error": 0.010901642643849333, 
        "fit": "average", 
        "value": -0.11270260101427203
    }, 
    "L2": {
        "error": 0.009975189665985967, 
        "fit": "average", 
        "value": -0.1023776429637164
    }
}