{
    "AX": {
        "error": 0.004372310965269861, 
        "fit": "average", 
        "value": -0.02668245064256632
    }, 
    "CDD": {
        "error": 6.661035510610795e-06, 
        "fit": "average", 
        "value": 4.174640586522097e-05
    }, 
    "H1": {
        "error": 0.00999157913800545, 
        "fit": "average", 
        "value": 0.00699134185934105
    }, 
    "H2": {
        "error": 0.00998501406346866, 
        "fit": "average", 
        "value": -0.0547523467477573
    }, 
    "L1": {
        "error": 0.009932263993710801, 
        "fit": "average", 
        "value": -0.13311383799762175
    }, 
    "L2": {
        "error": 0.011472552595029415, 
        "fit": "average", 
        "value": -0.0821680768724316
    }
}