{
    "AX": {
        "error": 0.00402057723704852, 
        "fit": "average", 
        "value": -0.03317234340673231
    }, 
    "CDD": {
        "error": 6.008388663401973e-06, 
        "fit": "average", 
        "value": 3.3020043943439964e-05
    }, 
    "H1": {
        "error": 0.009681119786654608, 
        "fit": "average", 
        "value": 0.0011026545316217863
    }, 
    "H2": {
        "error": 0.01080018991492659, 
        "fit": "average", 
        "value": -0.022985059638386186
    }, 
    "L1": {
        "error": 0.011121965227784558, 
        "fit": "average", 
        "value": -0.09796511553231847
    }, 
    "L2": {
        "error": 0.011393822746334117, 
        "fit": "average", 
        "value": -0.10816603084854053
    }
}