{
    "AX": {
        "error": 0.004330714386379186, 
        "fit": "average", 
        "value": -0.038206274861979306
    }, 
    "CDD": {
        "error": 1.3317770414004432e-05, 
        "fit": "average", 
        "value": 0.0001809341872636839
    }, 
    "H1": {
        "error": 0.009564745098709864, 
        "fit": "average", 
        "value": 0.020114239573829986
    }, 
    "H2": {
        "error": 0.011885370440054267, 
        "fit": "average", 
        "value": -0.03577666568749568
    }, 
    "L1": {
        "error": 0.009796576181109832, 
        "fit": "average", 
        "value": -0.12166413224686198
    }, 
    "L2": {
        "error": 0.01019889806052928, 
        "fit": "average", 
        "value": -0.07531693428349884
    }
}