{
    "AX": {
        "error": 0.004044818728209577, 
        "fit": "average", 
        "value": -0.03562404996598291
    }, 
    "CDD": {
        "error": 1.052546401564801e-05, 
        "fit": "average", 
        "value": 0.00010644749901886728
    }, 
    "H1": {
        "error": 0.010191032089676824, 
        "fit": "average", 
        "value": -0.005255696327927021
    }, 
    "H2": {
        "error": 0.011712318353786324, 
        "fit": "average", 
        "value": -0.04109293149718851
    }, 
    "L1": {
        "error": 0.009433215480882396, 
        "fit": "average", 
        "value": -0.13190408699230943
    }, 
    "L2": {
        "error": 0.011352796948664345, 
        "fit": "average", 
        "value": -0.0865207586212875
    }
}