{
    "AX": {
        "error": 0.00962859738889179, 
        "fit": "average", 
        "value": -0.048514038883149625
    }, 
    "CDD": {
        "error": 1.1727592922755257e-05, 
        "fit": "average", 
        "value": 9.549716196488589e-05
    }, 
    "H1": {
        "error": 0.011839329173608311, 
        "fit": "average", 
        "value": -0.011799761786824093
    }, 
    "H2": {
        "error": 0.011077148688399334, 
        "fit": "average", 
        "value": -0.08300190294394269
    }, 
    "L1": {
        "error": 0.012536455924455776, 
        "fit": "average", 
        "value": -0.20445518928657597
    }, 
    "L2": {
        "error": 0.011218024082206814, 
        "fit": "average", 
        "value": 0.06308639278480162
    }
}