{
    "AX": {
        "error": 0.011429188653560175, 
        "fit": "average", 
        "value": -0.05343014618071417
    }, 
    "CDD": {
        "error": 1.0387018199778618e-05, 
        "fit": "average", 
        "value": 7.512443407904356e-05
    }, 
    "H1": {
        "error": 0.011508025633210418, 
        "fit": "average", 
        "value": -0.02184635091786428
    }, 
    "H2": {
        "error": 0.010736583050077646, 
        "fit": "average", 
        "value": -0.0726247529508934
    }, 
    "L1": {
        "error": 0.012850689097892732, 
        "fit": "average", 
        "value": -0.15198108793896
    }, 
    "L2": {
        "error": 0.01238872935073595, 
        "fit": "average", 
        "value": 0.08429684286238626
    }
}