{
    "AX": {
        "error": 0.011151055907915871, 
        "fit": "average", 
        "value": -0.05237781175334628
    }, 
    "CDD": {
        "error": 1.2057528053677106e-05, 
        "fit": "average", 
        "value": 0.0001184164808364585
    }, 
    "H1": {
        "error": 0.012038373128855136, 
        "fit": "average", 
        "value": -0.021181021023221547
    }, 
    "H2": {
        "error": 0.012970110320391309, 
        "fit": "average", 
        "value": -0.0680531701723036
    }, 
    "L1": {
        "error": 0.014921048824179795, 
        "fit": "average", 
        "value": -0.19862114222487434
    }, 
    "L2": {
        "error": 0.0129078456260975, 
        "fit": "average", 
        "value": 0.067030572402291
    }
}