{
    "AX": {
        "error": 0.009411516421217314, 
        "fit": "average", 
        "value": -0.059622442386171315
    }, 
    "CDD": {
        "error": 1.1925735416409085e-05, 
        "fit": "average", 
        "value": 0.00011332329886499792
    }, 
    "H1": {
        "error": 0.011415426779745767, 
        "fit": "average", 
        "value": 0.00880162392471296
    }, 
    "H2": {
        "error": 0.011007315229154251, 
        "fit": "average", 
        "value": 0.17017664088634774
    }, 
    "L1": {
        "error": 0.012537322101818273, 
        "fit": "average", 
        "value": -0.1730274095374625
    }, 
    "L2": {
        "error": 0.011250701022681279, 
        "fit": "average", 
        "value": 0.07150278214891538
    }
}