{
    "AX": {
        "error": 0.010023556609170195, 
        "fit": "average", 
        "value": -0.052515067205725546
    }, 
    "CDD": {
        "error": 1.1131586688984386e-05, 
        "fit": "average", 
        "value": 8.276420703623444e-05
    }, 
    "H1": {
        "error": 0.011942656910943617, 
        "fit": "average", 
        "value": -0.01891127285004283
    }, 
    "H2": {
        "error": 0.013788770658887634, 
        "fit": "average", 
        "value": -0.0776890032371739
    }, 
    "L1": {
        "error": 0.012188991374509048, 
        "fit": "average", 
        "value": -0.19439536647017425
    }, 
    "L2": {
        "error": 0.012523415547373363, 
        "fit": "average", 
        "value": 0.06467768126749433
    }
}