{
    "AX": {
        "error": 0.010614278905323257, 
        "fit": "average", 
        "value": -0.05095292785166142
    }, 
    "CDD": {
        "error": 9.201874113332464e-06, 
        "fit": "average", 
        "value": 7.003125210758299e-05
    }, 
    "H1": {
        "error": 0.011595326426418914, 
        "fit": "average", 
        "value": -0.029469680656135703
    }, 
    "H2": {
        "error": 0.012221156738680695, 
        "fit": "average", 
        "value": -0.08807513241990819
    }, 
    "L1": {
        "error": 0.011261468438929362, 
        "fit": "average", 
        "value": -0.19398030011992282
    }, 
    "L2": {
        "error": 0.012148633758072245, 
        "fit": "average", 
        "value": 0.050935842366016004
    }
}