{
    "AX": {
        "error": 0.01070991261447279, 
        "fit": "average", 
        "value": -0.05637048197919891
    }, 
    "CDD": {
        "error": 1.261254603085486e-05, 
        "fit": "average", 
        "value": 0.00012987614027224482
    }, 
    "H1": {
        "error": 0.010567416707744208, 
        "fit": "average", 
        "value": -0.021929124560362348
    }, 
    "H2": {
        "error": 0.0107295368008732, 
        "fit": "average", 
        "value": 0.18166601100723104
    }, 
    "L1": {
        "error": 0.012255475995457121, 
        "fit": "average", 
        "value": -0.2212298362671087
    }, 
    "L2": {
        "error": 0.01209947728555165, 
        "fit": "average", 
        "value": 0.03518201839372826
    }
}