{
    "AX": {
        "error": 0.010937977303526199, 
        "fit": "average", 
        "value": -0.058424466935684906
    }, 
    "CDD": {
        "error": 9.84838952542721e-06, 
        "fit": "average", 
        "value": 6.493807013612241e-05
    }, 
    "H1": {
        "error": 0.011062134198681663, 
        "fit": "average", 
        "value": -0.03721414697659687
    }, 
    "H2": {
        "error": 0.010575388605631219, 
        "fit": "average", 
        "value": 0.1708758048984843
    }, 
    "L1": {
        "error": 0.011370857576115941, 
        "fit": "average", 
        "value": -0.2140659767552279
    }, 
    "L2": {
        "error": 0.011424007335120752, 
        "fit": "average", 
        "value": 0.045745295003871436
    }
}