{
    "AX": {
        "error": 0.009305261279515243, 
        "fit": "average", 
        "value": -0.053204629277267185
    }, 
    "CDD": {
        "error": 1.005104688351417e-05, 
        "fit": "average", 
        "value": 8.276420703623444e-05
    }, 
    "H1": {
        "error": 0.010947466536665852, 
        "fit": "average", 
        "value": -0.009869193987105973
    }, 
    "H2": {
        "error": 0.011176046555711716, 
        "fit": "average", 
        "value": 0.1830921294594494
    }, 
    "L1": {
        "error": 0.012494589270432501, 
        "fit": "average", 
        "value": -0.1885767290679117
    }, 
    "L2": {
        "error": 0.013046988582203503, 
        "fit": "average", 
        "value": 0.0684648825864618
    }
}