{
    "AX": {
        "error": 0.0106044500063571, 
        "fit": "average", 
        "value": -0.06326162148519264
    }, 
    "CDD": {
        "error": 1.036403876914643e-05, 
        "fit": "average", 
        "value": 6.875795661471784e-05
    }, 
    "H1": {
        "error": 0.011385775921333226, 
        "fit": "average", 
        "value": -0.015821621572831644
    }, 
    "H2": {
        "error": 0.011428452581542589, 
        "fit": "average", 
        "value": 0.16069319645418242
    }, 
    "L1": {
        "error": 0.011964436683354817, 
        "fit": "average", 
        "value": -0.22376013580554474
    }, 
    "L2": {
        "error": 0.0122682064628458, 
        "fit": "average", 
        "value": 0.0723606801009737
    }
}