{
    "AX": {
        "error": 0.010030074681144172, 
        "fit": "average", 
        "value": -0.057421129992386945
    }, 
    "CDD": {
        "error": 8.4935393525863e-06, 
        "fit": "average", 
        "value": 5.7298297178931534e-05
    }, 
    "H1": {
        "error": 0.010353268253836045, 
        "fit": "average", 
        "value": -0.0330395866088414
    }, 
    "H2": {
        "error": 0.011994869744263639, 
        "fit": "average", 
        "value": -0.08917049819186408
    }, 
    "L1": {
        "error": 0.013297293763384541, 
        "fit": "average", 
        "value": -0.21469195622291107
    }, 
    "L2": {
        "error": 0.012470656209418764, 
        "fit": "average", 
        "value": 0.0418220306513831
    }
}