{
    "AX": {
        "error": 0.010597381474543843, 
        "fit": "average", 
        "value": -0.05039156819790757
    }, 
    "CDD": {
        "error": 6.1940120559873996e-06, 
        "fit": "average", 
        "value": 3.565227380022407e-05
    }, 
    "H1": {
        "error": 0.011752984206593512, 
        "fit": "average", 
        "value": -0.05578735360371259
    }, 
    "H2": {
        "error": 0.011386830148175724, 
        "fit": "average", 
        "value": 0.14703942707686413
    }, 
    "L1": {
        "error": 0.01375515645690271, 
        "fit": "average", 
        "value": -0.1822375879661801
    }, 
    "L2": {
        "error": 0.010833593002870987, 
        "fit": "average", 
        "value": 0.03775162978563458
    }
}