{
    "AX": {
        "error": 0.010571068116947352, 
        "fit": "average", 
        "value": -0.05339029719471
    }, 
    "CDD": {
        "error": 1.3324305863243856e-05, 
        "fit": "average", 
        "value": 0.0001235096628079191
    }, 
    "H1": {
        "error": 0.010351699383274918, 
        "fit": "average", 
        "value": -0.03446251774439588
    }, 
    "H2": {
        "error": 0.010954519458176498, 
        "fit": "average", 
        "value": 0.17127538350371954
    }, 
    "L1": {
        "error": 0.011567059298173372, 
        "fit": "average", 
        "value": -0.19389808541163803
    }, 
    "L2": {
        "error": 0.011921243281241592, 
        "fit": "average", 
        "value": 0.049805190649931316
    }
}