{
    "AX": {
        "error": 0.010564163203771846, 
        "fit": "average", 
        "value": -0.05980209080153145
    }, 
    "CDD": {
        "error": 1.375894062936175e-05, 
        "fit": "average", 
        "value": 0.0001209630718221888
    }, 
    "H1": {
        "error": 0.012597769691248822, 
        "fit": "average", 
        "value": -0.02020132649146641
    }, 
    "H2": {
        "error": 0.011132068243147488, 
        "fit": "average", 
        "value": -0.08865051293687429
    }, 
    "L1": {
        "error": 0.015189874575726665, 
        "fit": "average", 
        "value": -0.21342648728750646
    }, 
    "L2": {
        "error": 0.012369297355734178, 
        "fit": "average", 
        "value": 0.04504254412216445
    }
}