{
    "AX": {
        "error": 0.011647360114250467, 
        "fit": "average", 
        "value": -0.047553622429162105
    }, 
    "CDD": {
        "error": 1.4903998714378378e-05, 
        "fit": "average", 
        "value": 0.00014770227717235683
    }, 
    "H1": {
        "error": 0.012198754804927504, 
        "fit": "average", 
        "value": -0.019852146523529277
    }, 
    "H2": {
        "error": 0.010385215300899631, 
        "fit": "average", 
        "value": -0.09671042039699387
    }, 
    "L1": {
        "error": 0.013487337226869595, 
        "fit": "average", 
        "value": -0.21107495389781736
    }, 
    "L2": {
        "error": 0.011663881379035146, 
        "fit": "average", 
        "value": 0.03156342466439431
    }
}