{
    "AX": {
        "error": 0.010311884104846281, 
        "fit": "average", 
        "value": -0.052851871711512406
    }, 
    "CDD": {
        "error": 1.0292807418058588e-05, 
        "fit": "average", 
        "value": 9.167727548629046e-05
    }, 
    "H1": {
        "error": 0.010324603447839042, 
        "fit": "average", 
        "value": -0.03709369659579049
    }, 
    "H2": {
        "error": 0.010986115234153148, 
        "fit": "average", 
        "value": -0.0994569321158148
    }, 
    "L1": {
        "error": 0.0136636722240095, 
        "fit": "average", 
        "value": -0.19048743815122482
    }, 
    "L2": {
        "error": 0.011729651437351581, 
        "fit": "average", 
        "value": 0.04955296339115497
    }
}