{
    "AX": {
        "error": 0.010990812776455501, 
        "fit": "average", 
        "value": -0.05617057904516211
    }, 
    "CDD": {
        "error": 6.0774372005995535e-06, 
        "fit": "average", 
        "value": 2.928579633589834e-05
    }, 
    "H1": {
        "error": 0.010922312276963848, 
        "fit": "average", 
        "value": -0.019666359485442323
    }, 
    "H2": {
        "error": 0.011996052215802187, 
        "fit": "average", 
        "value": -0.0968699557124637
    }, 
    "L1": {
        "error": 0.013844428474010758, 
        "fit": "average", 
        "value": -0.20700260961942452
    }, 
    "L2": {
        "error": 0.013000122219897542, 
        "fit": "average", 
        "value": 0.05177962986247924
    }
}