{
    "AX": {
        "error": 0.010345877656570999, 
        "fit": "average", 
        "value": -0.054715908066524814
    }, 
    "CDD": {
        "error": 1.234395416044106e-05, 
        "fit": "average", 
        "value": 0.00012223636731505393
    }, 
    "H1": {
        "error": 0.01172955232086338, 
        "fit": "average", 
        "value": -0.01521591623313725
    }, 
    "H2": {
        "error": 0.011986479062709084, 
        "fit": "average", 
        "value": -0.09588117322418839
    }, 
    "L1": {
        "error": 0.013023184245627416, 
        "fit": "average", 
        "value": -0.19980301703617442
    }, 
    "L2": {
        "error": 0.012435314208844982, 
        "fit": "average", 
        "value": 0.06983232538720283
    }
}