{
    "AX": {
        "error": 0.008673763632895175, 
        "fit": "average", 
        "value": -0.05299966712870325
    }, 
    "CDD": {
        "error": 6.8846669441375055e-06, 
        "fit": "average", 
        "value": 3.9472160278819504e-05
    }, 
    "H1": {
        "error": 0.010831695035197474, 
        "fit": "average", 
        "value": -0.01603538982065705
    }, 
    "H2": {
        "error": 0.010755090536129962, 
        "fit": "average", 
        "value": -0.09156719719224687
    }, 
    "L1": {
        "error": 0.013116728351237585, 
        "fit": "average", 
        "value": -0.21208713976132762
    }, 
    "L2": {
        "error": 0.013367037234537152, 
        "fit": "average", 
        "value": 0.03550958250076898
    }
}