{
    "AX": {
        "error": 0.011259099431208733, 
        "fit": "average", 
        "value": -0.052564359517176244
    }, 
    "CDD": {
        "error": 8.045411025180774e-06, 
        "fit": "average", 
        "value": 5.4751706193201245e-05
    }, 
    "H1": {
        "error": 0.011913432280123449, 
        "fit": "average", 
        "value": -0.033758210229765
    }, 
    "H2": {
        "error": 0.011188651980305872, 
        "fit": "average", 
        "value": -0.08817383905843598
    }, 
    "L1": {
        "error": 0.01281493484691586, 
        "fit": "average", 
        "value": -0.20611906022531912
    }, 
    "L2": {
        "error": 0.012228276539862486, 
        "fit": "average", 
        "value": 0.04656403920380399
    }
}