{
    "AX": {
        "error": 0.009791176878645048, 
        "fit": "average", 
        "value": -0.04859900316126489
    }, 
    "CDD": {
        "error": 1.2501334339891497e-05, 
        "fit": "average", 
        "value": 9.804375343568003e-05
    }, 
    "H1": {
        "error": 0.009977632612619646, 
        "fit": "average", 
        "value": -0.01709628051200222
    }, 
    "H2": {
        "error": 0.010618931708442712, 
        "fit": "average", 
        "value": -0.08827753666167458
    }, 
    "L1": {
        "error": 0.013216222092982744, 
        "fit": "average", 
        "value": -0.19396630280340713
    }, 
    "L2": {
        "error": 0.01111598156115982, 
        "fit": "average", 
        "value": 0.050718310242518785
    }
}