{
    "AX": {
        "error": 0.011201652982964586, 
        "fit": "average", 
        "value": -0.05706628144689603
    }, 
    "CDD": {
        "error": 8.85556170885408e-06, 
        "fit": "average", 
        "value": 7.385113858617842e-05
    }, 
    "H1": {
        "error": 0.011575414474372773, 
        "fit": "average", 
        "value": -0.015305824337216715
    }, 
    "H2": {
        "error": 0.012491052632619846, 
        "fit": "average", 
        "value": -0.07880268057827683
    }, 
    "L1": {
        "error": 0.011564076661888165, 
        "fit": "average", 
        "value": -0.19042965625509775
    }, 
    "L2": {
        "error": 0.012698600526977365, 
        "fit": "average", 
        "value": 0.043715529121497336
    }
}