{
    "AX": {
        "error": 0.008522705384943628, 
        "fit": "average", 
        "value": -0.06202286487532547
    }, 
    "CDD": {
        "error": 1.1994652769523577e-05, 
        "fit": "average", 
        "value": 7.639772957190871e-05
    }, 
    "H1": {
        "error": 0.01045412533114839, 
        "fit": "average", 
        "value": -0.010126125069412713
    }, 
    "H2": {
        "error": 0.011347339640555563, 
        "fit": "average", 
        "value": -0.10898367217741907
    }, 
    "L1": {
        "error": 0.013201953715004622, 
        "fit": "average", 
        "value": -0.20567490091974225
    }, 
    "L2": {
        "error": 0.01172776320286777, 
        "fit": "average", 
        "value": 0.04981686975224875
    }
}