{
    "AX": {
        "error": 0.010823902195115039, 
        "fit": "average", 
        "value": -0.04937405056552961
    }, 
    "CDD": {
        "error": 1.0687628660377039e-05, 
        "fit": "average", 
        "value": 8.149091154336929e-05
    }, 
    "H1": {
        "error": 0.011433194548660137, 
        "fit": "average", 
        "value": -0.01621576399775222
    }, 
    "H2": {
        "error": 0.011367846794010504, 
        "fit": "average", 
        "value": -0.08498742627950075
    }, 
    "L1": {
        "error": 0.012104170406358656, 
        "fit": "average", 
        "value": -0.2013698399765417
    }, 
    "L2": {
        "error": 0.013440853958582312, 
        "fit": "average", 
        "value": 0.05728857111789694
    }
}