{
    "AX": {
        "error": 0.010901893502787825, 
        "fit": "average", 
        "value": -0.04793115552747622
    }, 
    "CDD": {
        "error": 1.171364395210643e-05, 
        "fit": "average", 
        "value": 0.00011077670787926764
    }, 
    "H1": {
        "error": 0.012288181311829762, 
        "fit": "average", 
        "value": -0.01566980966987709
    }, 
    "H2": {
        "error": 0.011930505478427052, 
        "fit": "average", 
        "value": -0.07571854911414751
    }, 
    "L1": {
        "error": 0.013121845888796951, 
        "fit": "average", 
        "value": -0.18830781848325084
    }, 
    "L2": {
        "error": 0.011155491280741371, 
        "fit": "average", 
        "value": 0.06579415240169813
    }
}