{
    "AX": {
        "error": 0.010794577325466667, 
        "fit": "average", 
        "value": -0.05379461530828848
    }, 
    "CDD": {
        "error": 1.3213413510937204e-05, 
        "fit": "average", 
        "value": 0.00010823011689353734
    }, 
    "H1": {
        "error": 0.012806856503389844, 
        "fit": "average", 
        "value": -0.01834197103550347
    }, 
    "H2": {
        "error": 0.012322250617672174, 
        "fit": "average", 
        "value": -0.0772771297430154
    }, 
    "L1": {
        "error": 0.0126179475050174, 
        "fit": "average", 
        "value": -0.18186811444029444
    }, 
    "L2": {
        "error": 0.012943496657399129, 
        "fit": "average", 
        "value": 0.057535768789724294
    }
}