{
    "AX": {
        "error": 0.011551073499894548, 
        "fit": "average", 
        "value": -0.07099006117108123
    }, 
    "CDD": {
        "error": 1.5208045541163472e-05, 
        "fit": "average", 
        "value": 0.00018844773294404149
    }, 
    "H1": {
        "error": 0.011050457401356536, 
        "fit": "average", 
        "value": 0.0059637194268968114
    }, 
    "H2": {
        "error": 0.011898487305499913, 
        "fit": "average", 
        "value": -0.07419399791785206
    }, 
    "L1": {
        "error": 0.012895258826436641, 
        "fit": "average", 
        "value": -0.20199019314022734
    }, 
    "L2": {
        "error": 0.011684549171259915, 
        "fit": "average", 
        "value": 0.07546110134911335
    }
}