{
    "AX": {
        "error": 0.010434355442882797, 
        "fit": "average", 
        "value": -0.06128391236416064
    }, 
    "CDD": {
        "error": 1.1898285715678315e-05, 
        "fit": "average", 
        "value": 0.00013114943576510995
    }, 
    "H1": {
        "error": 0.011592986768738945, 
        "fit": "average", 
        "value": -0.0166521217264138
    }, 
    "H2": {
        "error": 0.011255164591700428, 
        "fit": "average", 
        "value": -0.09730655360229624
    }, 
    "L1": {
        "error": 0.012314282921166214, 
        "fit": "average", 
        "value": -0.1989350889498989
    }, 
    "L2": {
        "error": 0.012598340397043885, 
        "fit": "average", 
        "value": 0.07268483501538867
    }
}