{
    "AX": {
        "error": 0.010476425615621858, 
        "fit": "average", 
        "value": -0.05389961384741279
    }, 
    "CDD": {
        "error": 8.146382276188526e-06, 
        "fit": "average", 
        "value": 5.984488816466182e-05
    }, 
    "H1": {
        "error": 0.01164780012374629, 
        "fit": "average", 
        "value": -0.017885328982568657
    }, 
    "H2": {
        "error": 0.012096995850935256, 
        "fit": "average", 
        "value": -0.07973630339062462
    }, 
    "L1": {
        "error": 0.01367011232488868, 
        "fit": "average", 
        "value": -0.19560598892470202
    }, 
    "L2": {
        "error": 0.01204635656221629, 
        "fit": "average", 
        "value": 0.06460428549714076
    }
}