{
    "AX": {
        "error": 0.010373316125410582, 
        "fit": "average", 
        "value": -0.053429732234750796
    }, 
    "CDD": {
        "error": 9.02245398692738e-06, 
        "fit": "average", 
        "value": 7.003125210758299e-05
    }, 
    "H1": {
        "error": 0.010726036618561955, 
        "fit": "average", 
        "value": -0.0003022938423479597
    }, 
    "H2": {
        "error": 0.011552150828421232, 
        "fit": "average", 
        "value": -0.10141744050197303
    }, 
    "L1": {
        "error": 0.01338617465467354, 
        "fit": "average", 
        "value": -0.19962150616338475
    }, 
    "L2": {
        "error": 0.011391314242390784, 
        "fit": "average", 
        "value": 0.05684835612385844
    }
}