{
    "AX": {
        "error": 0.010457278981095568, 
        "fit": "average", 
        "value": -0.06040931258745938
    }, 
    "CDD": {
        "error": 1.2019615653486136e-05, 
        "fit": "average", 
        "value": 0.00013496932224370538
    }, 
    "H1": {
        "error": 0.011658257061104417, 
        "fit": "average", 
        "value": -0.016205877802470545
    }, 
    "H2": {
        "error": 0.010370601297569804, 
        "fit": "average", 
        "value": -0.08227473009804574
    }, 
    "L1": {
        "error": 0.012308611195969592, 
        "fit": "average", 
        "value": -0.19125380466187683
    }, 
    "L2": {
        "error": 0.011555758259554558, 
        "fit": "average", 
        "value": 0.07575073393976102
    }
}