{
    "AX": {
        "error": 0.009463490755455368, 
        "fit": "average", 
        "value": -0.05034463672394243
    }, 
    "CDD": {
        "error": 1.2623343521087524e-05, 
        "fit": "average", 
        "value": 0.00011205000337213277
    }, 
    "H1": {
        "error": 0.012399847805994457, 
        "fit": "average", 
        "value": -0.01665169366557772
    }, 
    "H2": {
        "error": 0.012204545690295816, 
        "fit": "average", 
        "value": -0.08452608040048896
    }, 
    "L1": {
        "error": 0.013827559939468506, 
        "fit": "average", 
        "value": -0.1988465060130693
    }, 
    "L2": {
        "error": 0.01083188243510586, 
        "fit": "average", 
        "value": 0.0793479933849691
    }
}