{
    "AX": {
        "error": 0.011399147357029578, 
        "fit": "average", 
        "value": -0.053456062633388986
    }, 
    "CDD": {
        "error": 8.186422078055699e-06, 
        "fit": "average", 
        "value": 6.239147915039211e-05
    }, 
    "H1": {
        "error": 0.009671430794856318, 
        "fit": "average", 
        "value": -0.003020522954951351
    }, 
    "H2": {
        "error": 0.011536642855463325, 
        "fit": "average", 
        "value": -0.09134692121879198
    }, 
    "L1": {
        "error": 0.011616332038413953, 
        "fit": "average", 
        "value": -0.21294899181618046
    }, 
    "L2": {
        "error": 0.01146189938068034, 
        "fit": "average", 
        "value": 0.07441011414048262
    }
}