{
    "AX": {
        "error": 0.011260557545390909, 
        "fit": "average", 
        "value": -0.055697538918442056
    }, 
    "CDD": {
        "error": 9.30786624036121e-06, 
        "fit": "average", 
        "value": 6.239147915039211e-05
    }, 
    "H1": {
        "error": 0.011342692510355504, 
        "fit": "average", 
        "value": -0.022499605522413427
    }, 
    "H2": {
        "error": 0.011106317176725432, 
        "fit": "average", 
        "value": -0.0800751030134658
    }, 
    "L1": {
        "error": 0.013057207654291756, 
        "fit": "average", 
        "value": -0.19081235245685094
    }, 
    "L2": {
        "error": 0.011558709387428687, 
        "fit": "average", 
        "value": 0.06359475952364543
    }
}