{
    "AX": {
        "error": 0.011594940910619163, 
        "fit": "average", 
        "value": -0.055433132148270184
    }, 
    "CDD": {
        "error": 8.123773164239414e-06, 
        "fit": "average", 
        "value": 5.857159267179668e-05
    }, 
    "H1": {
        "error": 0.012084356745130047, 
        "fit": "average", 
        "value": -0.015008751805483674
    }, 
    "H2": {
        "error": 0.012525772652189585, 
        "fit": "average", 
        "value": -0.10122728978070275
    }, 
    "L1": {
        "error": 0.015326279234226494, 
        "fit": "average", 
        "value": -0.1797223785546521
    }, 
    "L2": {
        "error": 0.012053146130248518, 
        "fit": "average", 
        "value": 0.058801221028746416
    }
}