{
    "AX": {
        "error": 0.010240133508544073, 
        "fit": "average", 
        "value": -0.05430509954749141
    }, 
    "CDD": {
        "error": 1.035549056453884e-05, 
        "fit": "average", 
        "value": 8.531079802196473e-05
    }, 
    "H1": {
        "error": 0.009944924406053643, 
        "fit": "average", 
        "value": -0.03595600872843837
    }, 
    "H2": {
        "error": 0.012622363657600607, 
        "fit": "average", 
        "value": -0.0980244729051871
    }, 
    "L1": {
        "error": 0.013912019921190075, 
        "fit": "average", 
        "value": -0.2117301578342449
    }, 
    "L2": {
        "error": 0.011500874971765841, 
        "fit": "average", 
        "value": 0.05261797690570044
    }
}