{
    "AX": {
        "error": 0.010029037391762119, 
        "fit": "average", 
        "value": -0.05576942238452223
    }, 
    "CDD": {
        "error": 1.2316883447172966e-05, 
        "fit": "average", 
        "value": 0.00010823011689353734
    }, 
    "H1": {
        "error": 0.010365885478656705, 
        "fit": "average", 
        "value": -0.014011584564529281
    }, 
    "H2": {
        "error": 0.011510708078860616, 
        "fit": "average", 
        "value": -0.07561623108582959
    }, 
    "L1": {
        "error": 0.014559750726792034, 
        "fit": "average", 
        "value": -0.22015068036853336
    }, 
    "L2": {
        "error": 0.011434638862857295, 
        "fit": "average", 
        "value": 0.03957188014998489
    }
}