{
    "AX": {
        "error": 0.01048106112452498, 
        "fit": "average", 
        "value": -0.06497407764109084
    }, 
    "CDD": {
        "error": 9.208534363271145e-06, 
        "fit": "average", 
        "value": 5.6025001686066386e-05
    }, 
    "H1": {
        "error": 0.011822449696476176, 
        "fit": "average", 
        "value": -0.015785686128462355
    }, 
    "H2": {
        "error": 0.011676130290257835, 
        "fit": "average", 
        "value": -0.0697052290061644
    }, 
    "L1": {
        "error": 0.013627898711782112, 
        "fit": "average", 
        "value": -0.19062487270954687
    }, 
    "L2": {
        "error": 0.011553248883022798, 
        "fit": "average", 
        "value": 0.054076025636944296
    }
}