{
    "AX": {
        "error": 0.01219674518611454, 
        "fit": "average", 
        "value": -0.04162431174190715
    }, 
    "CDD": {
        "error": 9.542758686637136e-06, 
        "fit": "average", 
        "value": 8.403750252909959e-05
    }, 
    "H1": {
        "error": 0.011888319326112973, 
        "fit": "average", 
        "value": -0.016714931656315456
    }, 
    "H2": {
        "error": 0.011457723031809858, 
        "fit": "average", 
        "value": -0.08611492238317926
    }, 
    "L1": {
        "error": 0.014143745375119745, 
        "fit": "average", 
        "value": -0.1954622973765557
    }, 
    "L2": {
        "error": 0.01087634342372799, 
        "fit": "average", 
        "value": 0.0803479466829837
    }
}