{
    "AX": {
        "error": 0.011647830096119945, 
        "fit": "average", 
        "value": -0.0540694329184286
    }, 
    "CDD": {
        "error": 1.4622996670579328e-05, 
        "fit": "average", 
        "value": 0.0001464289816794917
    }, 
    "H1": {
        "error": 0.01149765077875533, 
        "fit": "average", 
        "value": 0.0013084424089659782
    }, 
    "H2": {
        "error": 0.010239782463706566, 
        "fit": "average", 
        "value": -0.0726940183667466
    }, 
    "L1": {
        "error": 0.014334779690054273, 
        "fit": "average", 
        "value": -0.20128710007411427
    }, 
    "L2": {
        "error": 0.012135113799947988, 
        "fit": "average", 
        "value": 0.05998445774445524
    }
}