{
    "AX": {
        "error": 0.010426379668684788, 
        "fit": "average", 
        "value": -0.05623389305158829
    }, 
    "CDD": {
        "error": 1.1364150659710939e-05, 
        "fit": "average", 
        "value": 0.00010059034393634647
    }, 
    "H1": {
        "error": 0.012093820536190398, 
        "fit": "average", 
        "value": 0.003705579948103832
    }, 
    "H2": {
        "error": 0.010976467136588825, 
        "fit": "average", 
        "value": -0.09798244467043939
    }, 
    "L1": {
        "error": 0.013510063581915178, 
        "fit": "average", 
        "value": -0.2016851436928846
    }, 
    "L2": {
        "error": 0.011962499763342712, 
        "fit": "average", 
        "value": 0.05796653604484163
    }
}