{
    "AX": {
        "error": 0.009914590617610812, 
        "fit": "average", 
        "value": -0.04923506485065445
    }, 
    "CDD": {
        "error": 1.4006736774987287e-05, 
        "fit": "average", 
        "value": 0.00015279545914381742
    }, 
    "H1": {
        "error": 0.01079996259018206, 
        "fit": "average", 
        "value": -0.0086957890210518
    }, 
    "H2": {
        "error": 0.011182089226458948, 
        "fit": "average", 
        "value": -0.09465469817102228
    }, 
    "L1": {
        "error": 0.014453204698482089, 
        "fit": "average", 
        "value": -0.1844654932579336
    }, 
    "L2": {
        "error": 0.012588800993964557, 
        "fit": "average", 
        "value": 0.06526735044802384
    }
}