{
    "AX": {
        "error": 0.010286523764497636, 
        "fit": "average", 
        "value": -0.05759315707534066
    }, 
    "CDD": {
        "error": 1.2730279657074774e-05, 
        "fit": "average", 
        "value": 0.00013369602675084025
    }, 
    "H1": {
        "error": 0.012866578716114949, 
        "fit": "average", 
        "value": -0.014580238565880184
    }, 
    "H2": {
        "error": 0.012133249943180236, 
        "fit": "average", 
        "value": -0.09341152420577904
    }, 
    "L1": {
        "error": 0.013716807133460298, 
        "fit": "average", 
        "value": -0.18256567439530044
    }, 
    "L2": {
        "error": 0.0123637596313093, 
        "fit": "average", 
        "value": 0.05956352852129688
    }
}