{
    "AX": {
        "error": 0.01013198108811109, 
        "fit": "average", 
        "value": -0.046909716172376645
    }, 
    "CDD": {
        "error": 1.3975576031661175e-05, 
        "fit": "average", 
        "value": 0.00014260909520089627
    }, 
    "H1": {
        "error": 0.011620970251505684, 
        "fit": "average", 
        "value": 0.016841870844170142
    }, 
    "H2": {
        "error": 0.00938873905570981, 
        "fit": "average", 
        "value": -0.09710309028863169
    }, 
    "L1": {
        "error": 0.013691525597749327, 
        "fit": "average", 
        "value": -0.19586879658551576
    }, 
    "L2": {
        "error": 0.012461620358520392, 
        "fit": "average", 
        "value": 0.07123459582605089
    }
}