{
    "AX": {
        "error": 0.009649924710906668, 
        "fit": "average", 
        "value": -0.05859840723290593
    }, 
    "CDD": {
        "error": 1.0789127886428552e-05, 
        "fit": "average", 
        "value": 0.0001069568214006722
    }, 
    "H1": {
        "error": 0.013780923167026848, 
        "fit": "average", 
        "value": -0.003896412773853323
    }, 
    "H2": {
        "error": 0.010632112977529215, 
        "fit": "average", 
        "value": -0.08552708270920752
    }, 
    "L1": {
        "error": 0.013982657815829776, 
        "fit": "average", 
        "value": -0.1890422930465623
    }, 
    "L2": {
        "error": 0.0115901316318772, 
        "fit": "average", 
        "value": 0.05741230100005244
    }
}