{
    "AX": {
        "error": 0.011131019344957223, 
        "fit": "average", 
        "value": -0.06457796084481136
    }, 
    "CDD": {
        "error": 1.6621836007162574e-05, 
        "fit": "average", 
        "value": 0.0002151869387792734
    }, 
    "H1": {
        "error": 0.01097633413421368, 
        "fit": "average", 
        "value": -0.003702864481601864
    }, 
    "H2": {
        "error": 0.010894205465510676, 
        "fit": "average", 
        "value": -0.07897558952487695
    }, 
    "L1": {
        "error": 0.014666035354489211, 
        "fit": "average", 
        "value": -0.1903750099183526
    }, 
    "L2": {
        "error": 0.012214181192125993, 
        "fit": "average", 
        "value": 0.05779560410834771
    }
}