{
    "AX": {
        "error": 0.009936579481049656, 
        "fit": "average", 
        "value": -0.05064912193338387
    }, 
    "CDD": {
        "error": 8.980073495665981e-06, 
        "fit": "average", 
        "value": 8.785738900769502e-05
    }, 
    "H1": {
        "error": 0.010334597215339714, 
        "fit": "average", 
        "value": -0.0009701301479556908
    }, 
    "H2": {
        "error": 0.012206374110710905, 
        "fit": "average", 
        "value": -0.09262203107743214
    }, 
    "L1": {
        "error": 0.011983685119976016, 
        "fit": "average", 
        "value": -0.2048853414618255
    }, 
    "L2": {
        "error": 0.01177043097655768, 
        "fit": "average", 
        "value": 0.07376320020365862
    }
}