{
    "Ar36": {
        "error": 0.00038380083606688408, 
        "fit": "parabolic", 
        "value": 0.010302071284975373
    }, 
    "Ar37": {
        "error": 0.018555233045988113, 
        "fit": "linear", 
        "value": 0.20428678410458673
    }, 
    "Ar38": {
        "error": 0.024622409084647943, 
        "fit": "linear", 
        "value": 0.14185331919488575
    }, 
    "Ar39": {
        "error": 0.032024895548246654, 
        "fit": "parabolic", 
        "value": 23.398141415861367
    }, 
    "Ar40": {
        "error": 0.11525170911303494, 
        "fit": "parabolic", 
        "value": 1518.7523058606166
    }, 
    "Ar41": {
        "error": 0.0071339577740360555, 
        "fit": "average", 
        "value": -0.051969447521260009
    }
}