{
    "Ar36": {
        "error": 0.00081925555340191724, 
        "fit": "parabolic", 
        "value": 0.065656991360457856
    }, 
    "Ar37": {
        "error": 0.017901006613834432, 
        "fit": "linear", 
        "value": 0.26753366370547221
    }, 
    "Ar38": {
        "error": 0.024840963759080282, 
        "fit": "linear", 
        "value": 0.32210190858459253
    }, 
    "Ar39": {
        "error": 0.038392708375719092, 
        "fit": "parabolic", 
        "value": 40.652779792057217
    }, 
    "Ar40": {
        "error": 0.15558977956382108, 
        "fit": "parabolic", 
        "value": 2646.8396034035172
    }, 
    "Ar41": {
        "error": 0.008163738664346578, 
        "fit": "average", 
        "value": -0.019600337771698832
    }
}