{
    "Ar36": {
        "error": 0.00071125714764836551, 
        "fit": "parabolic", 
        "value": 0.052191700691186206
    }, 
    "Ar37": {
        "error": 0.01839885539452412, 
        "fit": "linear", 
        "value": 0.19104680850994249
    }, 
    "Ar38": {
        "error": 0.025715060022056185, 
        "fit": "linear", 
        "value": 0.14790127401004011
    }, 
    "Ar39": {
        "error": 0.035242987368093677, 
        "fit": "parabolic", 
        "value": 25.984378796947784
    }, 
    "Ar40": {
        "error": 0.11657978663728578, 
        "fit": "parabolic", 
        "value": 1698.7300031685384
    }, 
    "Ar41": {
        "error": 0.0073784028138003336, 
        "fit": "average", 
        "value": -0.034376065944787114
    }
}