{
    "Ar36": {
        "error": 0.00042464236054939972, 
        "fit": "parabolic", 
        "value": 0.016267395379182759
    }, 
    "Ar37": {
        "error": 0.017745681490686352, 
        "fit": "linear", 
        "value": 0.23612868667834674
    }, 
    "Ar38": {
        "error": 0.026961677951522624, 
        "fit": "linear", 
        "value": 0.25281153478855639
    }, 
    "Ar39": {
        "error": 0.039954872309408085, 
        "fit": "parabolic", 
        "value": 35.430757650797418
    }, 
    "Ar40": {
        "error": 0.15877182805994719, 
        "fit": "parabolic", 
        "value": 2300.9263642992737
    }, 
    "Ar41": {
        "error": 0.0080922069574578381, 
        "fit": "average", 
        "value": -0.022675835398142226
    }
}