{
    "Ar36": {
        "error": 0.00044363491242138621, 
        "fit": "parabolic", 
        "value": 0.014500586508087653
    }, 
    "Ar37": {
        "error": 0.019097850645115252, 
        "fit": "linear", 
        "value": 0.2589672931631482
    }, 
    "Ar38": {
        "error": 0.02863709597516444, 
        "fit": "linear", 
        "value": 0.28443939138523966
    }, 
    "Ar39": {
        "error": 0.036468076804382819, 
        "fit": "parabolic", 
        "value": 41.272088029217642
    }, 
    "Ar40": {
        "error": 0.15436976594884816, 
        "fit": "parabolic", 
        "value": 2679.2390768204987
    }, 
    "Ar41": {
        "error": 0.0076983426948891319, 
        "fit": "average", 
        "value": -0.024564994158572516
    }
}