{
    "Ar36": {
        "error": 0.00051473422645086672, 
        "fit": "parabolic", 
        "value": 0.019093642249700754
    }, 
    "Ar37": {
        "error": 0.018584522875025874, 
        "fit": "linear", 
        "value": 0.1732986376948854
    }, 
    "Ar38": {
        "error": 0.02570386177151331, 
        "fit": "linear", 
        "value": 0.10886690672930258
    }, 
    "Ar39": {
        "error": 0.035469528280029812, 
        "fit": "parabolic", 
        "value": 23.896017419605098
    }, 
    "Ar40": {
        "error": 0.11436207480865145, 
        "fit": "parabolic", 
        "value": 1555.5301825249896
    }, 
    "Ar41": {
        "error": 0.00748364430357979, 
        "fit": "average", 
        "value": -0.034988338535069489
    }
}