{
    "Ar36": {
        "error": 0.0005131232943663079, 
        "fit": "parabolic", 
        "value": 0.021189662293054596
    }, 
    "Ar37": {
        "error": 0.017928452780263796, 
        "fit": "linear", 
        "value": 0.30012158639369069
    }, 
    "Ar38": {
        "error": 0.025836899831927353, 
        "fit": "linear", 
        "value": 0.40107855180500773
    }, 
    "Ar39": {
        "error": 0.040804207115027705, 
        "fit": "parabolic", 
        "value": 48.759884104383083
    }, 
    "Ar40": {
        "error": 0.16877901755186123, 
        "fit": "parabolic", 
        "value": 3167.2657842497679
    }, 
    "Ar41": {
        "error": 0.0076756392772955265, 
        "fit": "average", 
        "value": -0.012952989593613892
    }
}