{
    "Ar36": {
        "error": 0.00048827346960381721, 
        "fit": "parabolic", 
        "value": 0.017870184365635471
    }, 
    "Ar37": {
        "error": 0.01816036408814713, 
        "fit": "linear", 
        "value": 0.24584386253423907
    }, 
    "Ar38": {
        "error": 0.02692190683401827, 
        "fit": "linear", 
        "value": 0.35933469830378995
    }, 
    "Ar39": {
        "error": 0.036792943804928056, 
        "fit": "parabolic", 
        "value": 44.259126083632196
    }, 
    "Ar40": {
        "error": 0.1590994233766041, 
        "fit": "parabolic", 
        "value": 2874.6348885200023
    }, 
    "Ar41": {
        "error": 0.007705890703777603, 
        "fit": "average", 
        "value": -0.0076823398030828683
    }
}