{
    "Ar36": {
        "error": 0.00062293026673538622, 
        "fit": "parabolic", 
        "value": 0.035375142829096831
    }, 
    "Ar37": {
        "error": 0.017307341819027912, 
        "fit": "linear", 
        "value": 0.24463841366651229
    }, 
    "Ar38": {
        "error": 0.02734552107381873, 
        "fit": "linear", 
        "value": 0.24849548140202932
    }, 
    "Ar39": {
        "error": 0.034799807349887447, 
        "fit": "parabolic", 
        "value": 35.193860228914644
    }, 
    "Ar40": {
        "error": 0.14714140919909158, 
        "fit": "parabolic", 
        "value": 2293.6890999764464
    }, 
    "Ar41": {
        "error": 0.0075273816739309133, 
        "fit": "average", 
        "value": -0.032015447643701921
    }
}