{
    "Ar36": {
        "error": 0.00040427200723786586, 
        "fit": "parabolic", 
        "value": 0.015158854618859401
    }, 
    "Ar37": {
        "error": 0.01727983206813875, 
        "fit": "linear", 
        "value": 0.23357375023671328
    }, 
    "Ar38": {
        "error": 0.026439332381784225, 
        "fit": "linear", 
        "value": 0.26747607720003741
    }, 
    "Ar39": {
        "error": 0.037164832082529908, 
        "fit": "parabolic", 
        "value": 35.799604722009477
    }, 
    "Ar40": {
        "error": 0.13359120667409918, 
        "fit": "parabolic", 
        "value": 2334.099520404352
    }, 
    "Ar41": {
        "error": 0.0083209951904491958, 
        "fit": "average", 
        "value": -0.034650957181584091
    }
}