{
    "Ar36": {
        "error": 0.00042508523123151366, 
        "fit": "parabolic", 
        "value": 0.014917916142583381
    }, 
    "Ar37": {
        "error": 0.016945319875704443, 
        "fit": "linear", 
        "value": 0.16648514291694955
    }, 
    "Ar38": {
        "error": 0.026115257113775606, 
        "fit": "linear", 
        "value": 0.11776866117950549
    }, 
    "Ar39": {
        "error": 0.03878268106184711, 
        "fit": "parabolic", 
        "value": 26.215882852057369
    }, 
    "Ar40": {
        "error": 0.11974770354767673, 
        "fit": "parabolic", 
        "value": 1708.7821505673264
    }, 
    "Ar41": {
        "error": 0.0081424017954297174, 
        "fit": "average", 
        "value": -0.043113351629115643
    }
}