{
    "Ar36": {
        "error": 0.00052645795205729751, 
        "fit": "parabolic", 
        "value": 0.017241173469297627
    }, 
    "Ar37": {
        "error": 0.019293408497673997, 
        "fit": "linear", 
        "value": 0.25998941949913679
    }, 
    "Ar38": {
        "error": 0.027543124415059444, 
        "fit": "linear", 
        "value": 0.30333180436175333
    }, 
    "Ar39": {
        "error": 0.037114237110855271, 
        "fit": "parabolic", 
        "value": 40.622501989229562
    }, 
    "Ar40": {
        "error": 0.15891687005753979, 
        "fit": "parabolic", 
        "value": 2638.2935465801693
    }, 
    "Ar41": {
        "error": 0.0074167978163489278, 
        "fit": "average", 
        "value": -0.024344824849045835
    }
}