{
    "Ar36": {
        "error": 0.00037968107760790148, 
        "fit": "parabolic", 
        "value": 0.010433160654258136
    }, 
    "Ar37": {
        "error": 0.018813635973370844, 
        "fit": "linear", 
        "value": 0.23349516766421785
    }, 
    "Ar38": {
        "error": 0.028130436626686586, 
        "fit": "linear", 
        "value": 0.27397098601913217
    }, 
    "Ar39": {
        "error": 0.038344208268888132, 
        "fit": "parabolic", 
        "value": 37.90334836390803
    }, 
    "Ar40": {
        "error": 0.1459483095801247, 
        "fit": "parabolic", 
        "value": 2463.5290546727338
    }, 
    "Ar41": {
        "error": 0.008096090167947512, 
        "fit": "average", 
        "value": -0.029223544735228642
    }
}