{
    "Ar36": {
        "error": 0.0004463965665772975, 
        "fit": "parabolic", 
        "value": 0.016878620162960763
    }, 
    "Ar37": {
        "error": 0.01916170508600951, 
        "fit": "linear", 
        "value": 0.16913085270971989
    }, 
    "Ar38": {
        "error": 0.024157904646318167, 
        "fit": "linear", 
        "value": 0.030539268250958086
    }, 
    "Ar39": {
        "error": 0.033186483691017413, 
        "fit": "parabolic", 
        "value": 19.738412965388697
    }, 
    "Ar40": {
        "error": 0.10843433049177986, 
        "fit": "parabolic", 
        "value": 1287.3740420840777
    }, 
    "Ar41": {
        "error": 0.0085562123966957792, 
        "fit": "average", 
        "value": -0.040945869870949538
    }
}