{
    "Ar36": {
        "error": 0.00038012006963326748, 
        "fit": "parabolic", 
        "value": 0.0080666041483862614
    }, 
    "Ar37": {
        "error": 0.019237837651184982, 
        "fit": "linear", 
        "value": 0.20678082574539941
    }, 
    "Ar38": {
        "error": 0.027052823072933215, 
        "fit": "linear", 
        "value": 0.13899239714356956
    }, 
    "Ar39": {
        "error": 0.036978130502998023, 
        "fit": "parabolic", 
        "value": 28.938712505771544
    }, 
    "Ar40": {
        "error": 0.13073416754009259, 
        "fit": "parabolic", 
        "value": 1881.0313237079222
    }, 
    "Ar41": {
        "error": 0.007868172555023303, 
        "fit": "average", 
        "value": -0.036833870063070207
    }
}