{
    "Ar36": {
        "error": 0.00032899747578962253, 
        "fit": "parabolic", 
        "value": 0.0062744094004221155
    }, 
    "Ar37": {
        "error": 0.01850852767098516, 
        "fit": "linear", 
        "value": 0.16687423946114568
    }, 
    "Ar38": {
        "error": 0.02504132700572877, 
        "fit": "linear", 
        "value": 0.12989966543605774
    }, 
    "Ar39": {
        "error": 0.034856590144648543, 
        "fit": "parabolic", 
        "value": 25.966166406362213
    }, 
    "Ar40": {
        "error": 0.12166013158004244, 
        "fit": "parabolic", 
        "value": 1684.4235619854842
    }, 
    "Ar41": {
        "error": 0.0078038769064071077, 
        "fit": "average", 
        "value": -0.037173852470703421
    }
}