{
    "Ar36": {
        "error": 0.00032471760723622645, 
        "fit": "parabolic", 
        "value": 0.0054058961877804599
    }, 
    "Ar37": {
        "error": 0.01708804376910197, 
        "fit": "linear", 
        "value": 0.17416161188085783
    }, 
    "Ar38": {
        "error": 0.024873402345671768, 
        "fit": "linear", 
        "value": 0.11577544829408659
    }, 
    "Ar39": {
        "error": 0.038738748315499907, 
        "fit": "parabolic", 
        "value": 28.439335272679443
    }, 
    "Ar40": {
        "error": 0.1304423178271914, 
        "fit": "parabolic", 
        "value": 1847.2588430625492
    }, 
    "Ar41": {
        "error": 0.008372481771656063, 
        "fit": "average", 
        "value": -0.0256296974158613
    }
}