{
    "Ar36": {
        "error": 0.00029636755163213398, 
        "fit": "parabolic", 
        "value": 0.00611037596735495
    }, 
    "Ar37": {
        "error": 0.018126899300403912, 
        "fit": "linear", 
        "value": 0.14631377713696775
    }, 
    "Ar38": {
        "error": 0.024562163845278543, 
        "fit": "linear", 
        "value": -0.039317560973206524
    }, 
    "Ar39": {
        "error": 0.029841141180248144, 
        "fit": "parabolic", 
        "value": 10.498952981471346
    }, 
    "Ar40": {
        "error": 0.081057522155822487, 
        "fit": "parabolic", 
        "value": 684.52909502865884
    }, 
    "Ar41": {
        "error": 0.0078518946901944605, 
        "fit": "average", 
        "value": -0.073750761360395697
    }
}