{
    "Ar36": {
        "error": 0.00061690557685850427, 
        "fit": "parabolic", 
        "value": 0.040295004813396956
    }, 
    "Ar37": {
        "error": 0.018686586370044802, 
        "fit": "linear", 
        "value": 0.23781909117343791
    }, 
    "Ar38": {
        "error": 0.027607341730684791, 
        "fit": "linear", 
        "value": 0.3171975496770395
    }, 
    "Ar39": {
        "error": 0.037605182017147409, 
        "fit": "parabolic", 
        "value": 39.852280758355803
    }, 
    "Ar40": {
        "error": 0.15119317823991202, 
        "fit": "parabolic", 
        "value": 2587.362047439764
    }, 
    "Ar41": {
        "error": 0.0076830494262769295, 
        "fit": "average", 
        "value": -0.028534219688735901
    }
}