{
    "Ar36": {
        "error": 0.00046437440758101227, 
        "fit": "parabolic", 
        "value": 0.020294186647076981
    }, 
    "Ar37": {
        "error": 0.018697642703724534, 
        "fit": "linear", 
        "value": 0.19402711742544182
    }, 
    "Ar38": {
        "error": 0.028145551808054791, 
        "fit": "linear", 
        "value": 0.34707721064857144
    }, 
    "Ar39": {
        "error": 0.035920857365236009, 
        "fit": "parabolic", 
        "value": 42.814587973443984
    }, 
    "Ar40": {
        "error": 0.17123899095358081, 
        "fit": "parabolic", 
        "value": 2776.9531553914148
    }, 
    "Ar41": {
        "error": 0.0081630689716206527, 
        "fit": "average", 
        "value": -0.0271347796167247
    }
}