{
    "Ar36": {
        "error": 0.00042172017450316338, 
        "fit": "parabolic", 
        "value": 0.01438297793643472
    }, 
    "Ar37": {
        "error": 0.01775123122721994, 
        "fit": "linear", 
        "value": 0.16672953351892589
    }, 
    "Ar38": {
        "error": 0.028150267691549755, 
        "fit": "linear", 
        "value": 0.16471106779367717
    }, 
    "Ar39": {
        "error": 0.039292693957112185, 
        "fit": "parabolic", 
        "value": 30.222895611339389
    }, 
    "Ar40": {
        "error": 0.13963639158902091, 
        "fit": "parabolic", 
        "value": 1960.3590171996614
    }, 
    "Ar41": {
        "error": 0.0076233516342598838, 
        "fit": "average", 
        "value": -0.038013382256496697
    }
}