{
    "Ar36": {
        "error": 0.00037294913927295035, 
        "fit": "parabolic", 
        "value": 0.0097963389761685123
    }, 
    "Ar37": {
        "error": 0.01898114908081917, 
        "fit": "linear", 
        "value": 0.25215058416746572
    }, 
    "Ar38": {
        "error": 0.028517355478775087, 
        "fit": "linear", 
        "value": 0.33823954706170273
    }, 
    "Ar39": {
        "error": 0.038424353392659913, 
        "fit": "parabolic", 
        "value": 43.559975791136623
    }, 
    "Ar40": {
        "error": 0.16379735938023637, 
        "fit": "parabolic", 
        "value": 2825.6009061484865
    }, 
    "Ar41": {
        "error": 0.0081584969324484495, 
        "fit": "average", 
        "value": 0.24685399596765636
    }
}