{
    "Ar36": {
        "error": 0.00037876429832576792, 
        "fit": "parabolic", 
        "value": 0.010740363478910853
    }, 
    "Ar37": {
        "error": 0.01797549998395459, 
        "fit": "linear", 
        "value": 0.24882796220811293
    }, 
    "Ar38": {
        "error": 0.027888841754207683, 
        "fit": "linear", 
        "value": 0.34911854215319149
    }, 
    "Ar39": {
        "error": 0.037199817746889408, 
        "fit": "parabolic", 
        "value": 40.903905475212994
    }, 
    "Ar40": {
        "error": 0.14648749490096322, 
        "fit": "parabolic", 
        "value": 2651.0451250133001
    }, 
    "Ar41": {
        "error": 0.0078636767810546532, 
        "fit": "average", 
        "value": 0.23174583384254949
    }
}