{
    "Ar36": {
        "error": 0.00050233705791267438, 
        "fit": "parabolic", 
        "value": 0.022165701351315376
    }, 
    "Ar37": {
        "error": 0.018218044774319681, 
        "fit": "linear", 
        "value": 0.19333856126500307
    }, 
    "Ar38": {
        "error": 0.0237951960811759, 
        "fit": "linear", 
        "value": 0.095506158382341041
    }, 
    "Ar39": {
        "error": 0.0336867876228584, 
        "fit": "parabolic", 
        "value": 23.429683091986369
    }, 
    "Ar40": {
        "error": 0.12645337866214737, 
        "fit": "parabolic", 
        "value": 1525.4246143959047
    }, 
    "Ar41": {
        "error": 0.0077119496109998376, 
        "fit": "average", 
        "value": 0.22259273910894989
    }
}