{
    "Ar36": {
        "error": 0.00044405029284376419, 
        "fit": "parabolic", 
        "value": 0.019173047283912361
    }, 
    "Ar37": {
        "error": 0.017206356483007699, 
        "fit": "linear", 
        "value": 0.20084670673693511
    }, 
    "Ar38": {
        "error": 0.027361425791096655, 
        "fit": "linear", 
        "value": 0.26241188744765459
    }, 
    "Ar39": {
        "error": 0.035281607714702429, 
        "fit": "parabolic", 
        "value": 33.601416305527358
    }, 
    "Ar40": {
        "error": 0.13355446810209287, 
        "fit": "parabolic", 
        "value": 2182.381338005182
    }, 
    "Ar41": {
        "error": 0.0080496723445019035, 
        "fit": "average", 
        "value": 0.22722691785171628
    }
}