{
    "Ar36": {
        "error": 0.00037865855205607732, 
        "fit": "parabolic", 
        "value": 0.0090144425458903409
    }, 
    "Ar37": {
        "error": 0.017971134955661546, 
        "fit": "linear", 
        "value": 0.2011591687268228
    }, 
    "Ar38": {
        "error": 0.02522906882407552, 
        "fit": "linear", 
        "value": 0.15172767449528324
    }, 
    "Ar39": {
        "error": 0.037856927196082718, 
        "fit": "parabolic", 
        "value": 28.301554510502076
    }, 
    "Ar40": {
        "error": 0.13019726718712177, 
        "fit": "parabolic", 
        "value": 1834.9048621770537
    }, 
    "Ar41": {
        "error": 0.0074865769127724358, 
        "fit": "average", 
        "value": 0.22581672685220838
    }
}