{
    "Ar36": {
        "error": 0.00038430571068211303, 
        "fit": "parabolic", 
        "value": 0.0090119524709612528
    }, 
    "Ar37": {
        "error": 0.01819298254956379, 
        "fit": "linear", 
        "value": 0.18572285673926309
    }, 
    "Ar38": {
        "error": 0.023258794508046597, 
        "fit": "linear", 
        "value": 0.029847622518513466
    }, 
    "Ar39": {
        "error": 0.032108143684557236, 
        "fit": "parabolic", 
        "value": 15.460766227661146
    }, 
    "Ar40": {
        "error": 0.10369420570516354, 
        "fit": "parabolic", 
        "value": 1008.9428543509113
    }, 
    "Ar41": {
        "error": 0.0078354509831976994, 
        "fit": "average", 
        "value": 0.22485880922572687
    }
}