{
    "Ar36": {
        "error": 0.00039361618928820556, 
        "fit": "parabolic", 
        "value": 0.011844263569292912
    }, 
    "Ar37": {
        "error": 0.018505370737989139, 
        "fit": "linear", 
        "value": 0.17418065641722269
    }, 
    "Ar38": {
        "error": 0.024533755555536885, 
        "fit": "linear", 
        "value": 0.15688739598989832
    }, 
    "Ar39": {
        "error": 0.037317615019707588, 
        "fit": "parabolic", 
        "value": 27.008270752963845
    }, 
    "Ar40": {
        "error": 0.11790332966357964, 
        "fit": "parabolic", 
        "value": 1755.8677697299065
    }, 
    "Ar41": {
        "error": 0.0079172449524413501, 
        "fit": "average", 
        "value": 0.22522594837844373
    }
}