{
    "Ar36": {
        "error": 0.00030529720224034334, 
        "fit": "parabolic", 
        "value": 0.0058587901488439936
    }, 
    "Ar37": {
        "error": 0.017517946196697384, 
        "fit": "linear", 
        "value": 0.15522009480848453
    }, 
    "Ar38": {
        "error": 0.022982160874987043, 
        "fit": "linear", 
        "value": 0.020268982880885501
    }, 
    "Ar39": {
        "error": 0.03120003866465695, 
        "fit": "parabolic", 
        "value": 17.143103286346715
    }, 
    "Ar40": {
        "error": 0.0942607112569014, 
        "fit": "parabolic", 
        "value": 1114.5047743781597
    }, 
    "Ar41": {
        "error": 0.0085918430513654311, 
        "fit": "average", 
        "value": 0.21623288128408602
    }
}