{
    "Ar36": {
        "error": 0.0004838738382414506, 
        "fit": "parabolic", 
        "value": 0.021477729752842324
    }, 
    "Ar37": {
        "error": 0.017365816021998923, 
        "fit": "linear", 
        "value": 0.28627666548190145
    }, 
    "Ar38": {
        "error": 0.029213166249668163, 
        "fit": "linear", 
        "value": 0.31794979447461524
    }, 
    "Ar39": {
        "error": 0.040548613316386067, 
        "fit": "parabolic", 
        "value": 41.231597791500413
    }, 
    "Ar40": {
        "error": 0.15851625978115452, 
        "fit": "parabolic", 
        "value": 2675.2691303298789
    }, 
    "Ar41": {
        "error": 0.0082532228944616447, 
        "fit": "average", 
        "value": 0.24292892528162338
    }
}