{
    "Ar36": {
        "error": 0.00045411687159021164, 
        "fit": "parabolic", 
        "value": 0.018888881306957071
    }, 
    "Ar37": {
        "error": 0.017292132180869377, 
        "fit": "linear", 
        "value": 0.25078112992140561
    }, 
    "Ar38": {
        "error": 0.027886763050491772, 
        "fit": "linear", 
        "value": 0.36339909112128255
    }, 
    "Ar39": {
        "error": 0.038339536452829774, 
        "fit": "parabolic", 
        "value": 44.820595956262082
    }, 
    "Ar40": {
        "error": 0.16760884814617383, 
        "fit": "parabolic", 
        "value": 2911.2962949450339
    }, 
    "Ar41": {
        "error": 0.008153401083246704, 
        "fit": "average", 
        "value": 0.25430174029956104
    }
}