{
    "Ar36": {
        "error": 0.000394852828784868, 
        "fit": "parabolic", 
        "value": 0.013482096049947857
    }, 
    "Ar37": {
        "error": 0.018034800299517283, 
        "fit": "linear", 
        "value": 0.22221013132363032
    }, 
    "Ar38": {
        "error": 0.027903269976219017, 
        "fit": "linear", 
        "value": 0.24374819923366114
    }, 
    "Ar39": {
        "error": 0.036684985249289245, 
        "fit": "parabolic", 
        "value": 31.653453813980516
    }, 
    "Ar40": {
        "error": 0.12813664562822719, 
        "fit": "parabolic", 
        "value": 2053.5662501708575
    }, 
    "Ar41": {
        "error": 0.0086709825090399567, 
        "fit": "average", 
        "value": 0.23042112257704139
    }
}