{
    "Ar36": {
        "error": 0.00035111726656056433, 
        "fit": "parabolic", 
        "value": 0.0085258130326907079
    }, 
    "Ar37": {
        "error": 0.017357074006984063, 
        "fit": "linear", 
        "value": 0.13571524838368029
    }, 
    "Ar38": {
        "error": 0.021636207417424967, 
        "fit": "linear", 
        "value": 0.018205356114187936
    }, 
    "Ar39": {
        "error": 0.031394940706831125, 
        "fit": "parabolic", 
        "value": 13.49838978049954
    }, 
    "Ar40": {
        "error": 0.087661310237359416, 
        "fit": "parabolic", 
        "value": 880.40043374879019
    }, 
    "Ar41": {
        "error": 0.0084857742883619747, 
        "fit": "average", 
        "value": 0.21228191450238229
    }
}