{
    "Ar36": {
        "error": 0.00030353581739172653, 
        "fit": "parabolic", 
        "value": 0.0062907849513230236
    }, 
    "Ar37": {
        "error": 0.018788989573981639, 
        "fit": "linear", 
        "value": 0.15327056166655278
    }, 
    "Ar38": {
        "error": 0.024357811221368961, 
        "fit": "linear", 
        "value": 0.043639868194141396
    }, 
    "Ar39": {
        "error": 0.035634821212334272, 
        "fit": "parabolic", 
        "value": 15.895141355913349
    }, 
    "Ar40": {
        "error": 0.095812463467706277, 
        "fit": "parabolic", 
        "value": 1032.3464401445317
    }, 
    "Ar41": {
        "error": 0.0080514033684919838, 
        "fit": "average", 
        "value": -0.040518977298204847
    }
}