{
    "Ar36": {
        "error": 0.00037101505267067824, 
        "fit": "parabolic", 
        "value": 0.0070689017522602687
    }, 
    "Ar37": {
        "error": 0.018441180197882809, 
        "fit": "linear", 
        "value": 0.21770272918512837
    }, 
    "Ar38": {
        "error": 0.027893874470230652, 
        "fit": "linear", 
        "value": 0.20528255713484653
    }, 
    "Ar39": {
        "error": 0.035652514143209239, 
        "fit": "parabolic", 
        "value": 31.026658314719434
    }, 
    "Ar40": {
        "error": 0.12801827981790381, 
        "fit": "parabolic", 
        "value": 2011.505168976068
    }, 
    "Ar41": {
        "error": 0.0077408859930455983, 
        "fit": "average", 
        "value": -0.029876717813080177
    }
}