{
    "Ar36": {
        "error": 0.00033071141604348653, 
        "fit": "parabolic", 
        "value": 0.0057578842456699727
    }, 
    "Ar37": {
        "error": 0.018044058233126683, 
        "fit": "linear", 
        "value": 0.15427121273742422
    }, 
    "Ar38": {
        "error": 0.025232910730767381, 
        "fit": "linear", 
        "value": 0.095055567855733561
    }, 
    "Ar39": {
        "error": 0.034710553002804352, 
        "fit": "parabolic", 
        "value": 22.579269399358623
    }, 
    "Ar40": {
        "error": 0.11009851747973547, 
        "fit": "parabolic", 
        "value": 1463.496178134164
    }, 
    "Ar41": {
        "error": 0.0075755920960028852, 
        "fit": "average", 
        "value": -0.032915380678408837
    }
}