{
    "Ar36": {
        "error": 0.00043976302742940296, 
        "fit": "parabolic", 
        "value": 0.012559203386139507
    }, 
    "Ar37": {
        "error": 0.018593054503974211, 
        "fit": "linear", 
        "value": 0.23666829337031908
    }, 
    "Ar38": {
        "error": 0.028401744864187346, 
        "fit": "linear", 
        "value": 0.23351974393698355
    }, 
    "Ar39": {
        "error": 0.037950760671016152, 
        "fit": "parabolic", 
        "value": 34.643651472106562
    }, 
    "Ar40": {
        "error": 0.14612372823901185, 
        "fit": "parabolic", 
        "value": 2241.648980916545
    }, 
    "Ar41": {
        "error": 0.0074491880416691489, 
        "fit": "average", 
        "value": -0.02929464665101841
    }
}