{
    "Ar36": {
        "error": 0.00040604170553185668, 
        "fit": "parabolic", 
        "value": 0.011572445203036706
    }, 
    "Ar37": {
        "error": 0.018955337872440945, 
        "fit": "linear", 
        "value": 0.2351465197072668
    }, 
    "Ar38": {
        "error": 0.02637799896818346, 
        "fit": "linear", 
        "value": 0.17355368511803415
    }, 
    "Ar39": {
        "error": 0.036506693383350261, 
        "fit": "parabolic", 
        "value": 28.188359768497925
    }, 
    "Ar40": {
        "error": 0.12152073517427217, 
        "fit": "parabolic", 
        "value": 1828.4347631289784
    }, 
    "Ar41": {
        "error": 0.0086041600104682318, 
        "fit": "average", 
        "value": -0.036075771422591059
    }
}