{
    "Ar36": {
        "error": 0.00039036700930662684, 
        "fit": "parabolic", 
        "value": 0.0081558231034430505
    }, 
    "Ar37": {
        "error": 0.017982755368674327, 
        "fit": "linear", 
        "value": 0.25029801989108263
    }, 
    "Ar38": {
        "error": 0.03020414648710534, 
        "fit": "linear", 
        "value": 0.31388363477476811
    }, 
    "Ar39": {
        "error": 0.03915773796822946, 
        "fit": "parabolic", 
        "value": 39.607875636734462
    }, 
    "Ar40": {
        "error": 0.14814576805655491, 
        "fit": "parabolic", 
        "value": 2560.1710288603372
    }, 
    "Ar41": {
        "error": 0.0079500308354740999, 
        "fit": "average", 
        "value": -0.020099872900638728
    }
}