{
    "Ar36": {
        "error": 0.00032250875978910142, 
        "fit": "parabolic", 
        "value": 0.01884075391197074
    }, 
    "Ar37": {
        "error": 0.012439570975054675, 
        "fit": "linear", 
        "value": 0.1708801927384338
    }, 
    "Ar38": {
        "error": 0.017437710085692157, 
        "fit": "linear", 
        "value": 0.085251608194896022
    }, 
    "Ar39": {
        "error": 0.023567694249813469, 
        "fit": "parabolic", 
        "value": 24.99134670796014
    }, 
    "Ar40": {
        "error": 0.082662497732266221, 
        "fit": "parabolic", 
        "value": 1628.6923827542437
    }, 
    "Ar41": {
        "error": 0.0056475398846441973, 
        "fit": "average", 
        "value": -0.045022689072105604
    }
}