{
    "Ar36": {
        "error": 0.00026800899062277259, 
        "fit": "parabolic", 
        "value": 0.0098527957538362375
    }, 
    "Ar37": {
        "error": 0.012985475148418394, 
        "fit": "linear", 
        "value": 0.25066640514159444
    }, 
    "Ar38": {
        "error": 0.019327012727304874, 
        "fit": "linear", 
        "value": 0.17985539584920585
    }, 
    "Ar39": {
        "error": 0.02405749589840182, 
        "fit": "parabolic", 
        "value": 28.511216772916775
    }, 
    "Ar40": {
        "error": 0.079029481461394102, 
        "fit": "parabolic", 
        "value": 1849.8370356764872
    }, 
    "Ar41": {
        "error": 0.0048568552404548073, 
        "fit": "average", 
        "value": -0.029126794901329967
    }
}