{
    "Ar36": {
        "error": 0.00028351884404780909, 
        "fit": "parabolic", 
        "value": 0.0070124241572685955
    }, 
    "Ar37": {
        "error": 0.012275754323440731, 
        "fit": "linear", 
        "value": 0.21641456964123565
    }, 
    "Ar38": {
        "error": 0.020138384867554704, 
        "fit": "linear", 
        "value": 0.24836534995423959
    }, 
    "Ar39": {
        "error": 0.023151896458766971, 
        "fit": "parabolic", 
        "value": 36.356888019218204
    }, 
    "Ar40": {
        "error": 0.08759115369663649, 
        "fit": "parabolic", 
        "value": 2355.9719209705681
    }, 
    "Ar41": {
        "error": 0.0049060867916817527, 
        "fit": "average", 
        "value": -0.033886577332393565
    }
}