{
    "Ar36": {
        "error": 0.00034009244321097547, 
        "fit": "parabolic", 
        "value": 0.014148531835283182
    }, 
    "Ar37": {
        "error": 0.01322513013708067, 
        "fit": "linear", 
        "value": 0.19592252894474016
    }, 
    "Ar38": {
        "error": 0.019949896494603794, 
        "fit": "linear", 
        "value": 0.27461979907304734
    }, 
    "Ar39": {
        "error": 0.022745983759403048, 
        "fit": "parabolic", 
        "value": 39.233409707717236
    }, 
    "Ar40": {
        "error": 0.093230109549885268, 
        "fit": "parabolic", 
        "value": 2544.3881656406297
    }, 
    "Ar41": {
        "error": 0.0053091446819152665, 
        "fit": "average", 
        "value": -0.031539162109832701
    }
}