{
    "Ar36": {
        "error": 0.00052539591846382822, 
        "fit": "parabolic", 
        "value": 0.063746967305064059
    }, 
    "Ar37": {
        "error": 0.013037984471203207, 
        "fit": "linear", 
        "value": 0.38116116632035169
    }, 
    "Ar38": {
        "error": 0.019126662264294145, 
        "fit": "linear", 
        "value": 0.54588030900959739
    }, 
    "Ar39": {
        "error": 0.025000038330364703, 
        "fit": "parabolic", 
        "value": 60.753677830439742
    }, 
    "Ar40": {
        "error": 0.13613940776417391, 
        "fit": "parabolic", 
        "value": 3954.6403978194421
    }, 
    "Ar41": {
        "error": 0.005270286598575976, 
        "fit": "average", 
        "value": -0.0042988241194485688
    }
}