{
    "Ar36": {
        "error": 0.00034187782330480072, 
        "fit": "parabolic", 
        "value": 0.019751533658769648
    }, 
    "Ar37": {
        "error": 0.012877153030488255, 
        "fit": "linear", 
        "value": 0.20247336677707256
    }, 
    "Ar38": {
        "error": 0.019338123385867777, 
        "fit": "linear", 
        "value": 0.12000818280985447
    }, 
    "Ar39": {
        "error": 0.023099714412046592, 
        "fit": "parabolic", 
        "value": 28.554299083209514
    }, 
    "Ar40": {
        "error": 0.076496108473559726, 
        "fit": "parabolic", 
        "value": 1858.0574991618073
    }, 
    "Ar41": {
        "error": 0.0057296977818226827, 
        "fit": "average", 
        "value": -0.041526790998201918
    }
}