{
    "Ar36": {
        "error": 0.00026217030127968788, 
        "fit": "parabolic", 
        "value": 0.010552684107209255
    }, 
    "Ar37": {
        "error": 0.012094641187423094, 
        "fit": "linear", 
        "value": 0.17432897818369425
    }, 
    "Ar38": {
        "error": 0.017104000661373568, 
        "fit": "linear", 
        "value": 0.10828338605206941
    }, 
    "Ar39": {
        "error": 0.022539132363967995, 
        "fit": "parabolic", 
        "value": 26.353572124772615
    }, 
    "Ar40": {
        "error": 0.078867573113306041, 
        "fit": "parabolic", 
        "value": 1714.751514403777
    }, 
    "Ar41": {
        "error": 0.0056235233303499541, 
        "fit": "average", 
        "value": -0.080885318375992596
    }
}