{
    "Ar36": {
        "error": 0.00022862485654874868, 
        "fit": "parabolic", 
        "value": 0.0049364678268545856
    }, 
    "Ar37": {
        "error": 0.012736935380420278, 
        "fit": "linear", 
        "value": 0.15623955536419867
    }, 
    "Ar38": {
        "error": 0.017970913660371637, 
        "fit": "linear", 
        "value": 0.072706853176182029
    }, 
    "Ar39": {
        "error": 0.021195798310397487, 
        "fit": "parabolic", 
        "value": 25.023119064503241
    }, 
    "Ar40": {
        "error": 0.081635643952543829, 
        "fit": "parabolic", 
        "value": 1620.3016411847552
    }, 
    "Ar41": {
        "error": 0.0052227193234637946, 
        "fit": "average", 
        "value": -0.061471195745980367
    }
}