{
    "Ar36": {
        "error": 0.00036759977594658447, 
        "fit": "parabolic", 
        "value": 0.027161466050970008
    }, 
    "Ar37": {
        "error": 0.012813959200899536, 
        "fit": "linear", 
        "value": 0.17549197451104906
    }, 
    "Ar38": {
        "error": 0.019873987998715373, 
        "fit": "linear", 
        "value": 0.32279421721573243
    }, 
    "Ar39": {
        "error": 0.023900927245742262, 
        "fit": "parabolic", 
        "value": 41.12507492633101
    }, 
    "Ar40": {
        "error": 0.10633648795217203, 
        "fit": "parabolic", 
        "value": 2671.8446545613692
    }, 
    "Ar41": {
        "error": 0.0054539956997446326, 
        "fit": "average", 
        "value": -0.041731842593129918
    }
}