{
    "Ar36": {
        "error": 0.00026036223067619119, 
        "fit": "parabolic", 
        "value": 0.0062359672303295491
    }, 
    "Ar37": {
        "error": 0.012007364865205525, 
        "fit": "linear", 
        "value": 0.21480000789245474
    }, 
    "Ar38": {
        "error": 0.020863972830448618, 
        "fit": "linear", 
        "value": 0.27631527488091939
    }, 
    "Ar39": {
        "error": 0.024044324022862079, 
        "fit": "parabolic", 
        "value": 39.149020574886578
    }, 
    "Ar40": {
        "error": 0.10305939688268491, 
        "fit": "parabolic", 
        "value": 2534.3654007087034
    }, 
    "Ar41": {
        "error": 0.0056450108015971747, 
        "fit": "average", 
        "value": -0.025762884915116933
    }
}