{
    "Ar36": {
        "error": 0.00025864711585120697, 
        "fit": "parabolic", 
        "value": 0.010628153505739266
    }, 
    "Ar37": {
        "error": 0.012760454740141237, 
        "fit": "linear", 
        "value": 0.16820276548229807
    }, 
    "Ar38": {
        "error": 0.019814046020731814, 
        "fit": "linear", 
        "value": 0.14991559266983201
    }, 
    "Ar39": {
        "error": 0.021532694990846504, 
        "fit": "parabolic", 
        "value": 30.291570401103677
    }, 
    "Ar40": {
        "error": 0.087493185821886033, 
        "fit": "parabolic", 
        "value": 1958.9891033848803
    }, 
    "Ar41": {
        "error": 0.0054054348394569941, 
        "fit": "average", 
        "value": -0.053816434711931573
    }
}