{
    "Ar36": {
        "error": 0.00029345062265466416, 
        "fit": "parabolic", 
        "value": 0.015609657461766107
    }, 
    "Ar37": {
        "error": 0.012105918592938442, 
        "fit": "linear", 
        "value": 0.16108415221666772
    }, 
    "Ar38": {
        "error": 0.021249902212860789, 
        "fit": "linear", 
        "value": 0.16285989748007335
    }, 
    "Ar39": {
        "error": 0.023580758166084344, 
        "fit": "parabolic", 
        "value": 30.194444712134398
    }, 
    "Ar40": {
        "error": 0.088059066056176596, 
        "fit": "parabolic", 
        "value": 1956.1460286459574
    }, 
    "Ar41": {
        "error": 0.0052119593362543815, 
        "fit": "average", 
        "value": -0.053002604277095557
    }
}