{
    "Ar36": {
        "error": 0.00022533840323930255, 
        "fit": "parabolic", 
        "value": 0.0076753075397954992
    }, 
    "Ar37": {
        "error": 0.012338786305599819, 
        "fit": "linear", 
        "value": 0.12755708021993389
    }, 
    "Ar38": {
        "error": 0.018424865675230009, 
        "fit": "linear", 
        "value": 0.074013925418018323
    }, 
    "Ar39": {
        "error": 0.022085287654082308, 
        "fit": "parabolic", 
        "value": 20.721604687506947
    }, 
    "Ar40": {
        "error": 0.076199107172194386, 
        "fit": "parabolic", 
        "value": 1342.2326212060557
    }, 
    "Ar41": {
        "error": 0.0050118616661100337, 
        "fit": "average", 
        "value": -0.068863657590782168
    }
}