{
    "Ar36": {
        "error": 0.00023163084481416646, 
        "fit": "parabolic", 
        "value": 0.0061967473606058428
    }, 
    "Ar37": {
        "error": 0.012854232870075368, 
        "fit": "linear", 
        "value": 0.14463492405875406
    }, 
    "Ar38": {
        "error": 0.017305936114336676, 
        "fit": "linear", 
        "value": 0.056983476241963142
    }, 
    "Ar39": {
        "error": 0.021897172684230023, 
        "fit": "parabolic", 
        "value": 19.194657662233475
    }, 
    "Ar40": {
        "error": 0.073056476874299545, 
        "fit": "parabolic", 
        "value": 1240.3336533924039
    }, 
    "Ar41": {
        "error": 0.0053609058614003339, 
        "fit": "average", 
        "value": -0.059347699081772981
    }
}