{
    "Ar36": {
        "error": 0.00024730760445529956, 
        "fit": "parabolic", 
        "value": 0.0091688373024770946
    }, 
    "Ar37": {
        "error": 0.011430116927253441, 
        "fit": "linear", 
        "value": 0.13025910524075335
    }, 
    "Ar38": {
        "error": 0.015635179771218546, 
        "fit": "linear", 
        "value": -0.0076184222816569657
    }, 
    "Ar39": {
        "error": 0.020731132440789446, 
        "fit": "parabolic", 
        "value": 14.287495760671227
    }, 
    "Ar40": {
        "error": 0.059624096678018983, 
        "fit": "parabolic", 
        "value": 926.52643702517025
    }, 
    "Ar41": {
        "error": 0.0051030339108354642, 
        "fit": "average", 
        "value": -0.071979958644212957
    }
}