{
    "Ar36": {
        "error": 0.00033364975223865634, 
        "fit": "parabolic", 
        "value": 0.018730661377811968
    }, 
    "Ar37": {
        "error": 0.011399517307143876, 
        "fit": "linear", 
        "value": 0.17458638318635555
    }, 
    "Ar38": {
        "error": 0.019023924162175666, 
        "fit": "linear", 
        "value": 0.1133509103211304
    }, 
    "Ar39": {
        "error": 0.021762838445861805, 
        "fit": "parabolic", 
        "value": 25.265546472583633
    }, 
    "Ar40": {
        "error": 0.083828254796752141, 
        "fit": "parabolic", 
        "value": 1637.4857076805665
    }, 
    "Ar41": {
        "error": 0.0051896906598031273, 
        "fit": "average", 
        "value": -0.044560295149169274
    }
}