{
    "Ar36": {
        "error": 0.00024200730128103308, 
        "fit": "parabolic", 
        "value": 0.0063134375928108454
    }, 
    "Ar37": {
        "error": 0.013405088994241719, 
        "fit": "linear", 
        "value": 0.19759892412137764
    }, 
    "Ar38": {
        "error": 0.021600641720891964, 
        "fit": "linear", 
        "value": 0.22631042987275263
    }, 
    "Ar39": {
        "error": 0.022349484442126869, 
        "fit": "parabolic", 
        "value": 35.282057512950914
    }, 
    "Ar40": {
        "error": 0.095534796525472337, 
        "fit": "parabolic", 
        "value": 2287.3032219266743
    }, 
    "Ar41": {
        "error": 0.0050866128513522638, 
        "fit": "average", 
        "value": -0.031747107375734857
    }
}