{
    "Ar36": {
        "error": 0.00023683936588211505, 
        "fit": "parabolic", 
        "value": 0.0069283309601236402
    }, 
    "Ar37": {
        "error": 0.012373902042425959, 
        "fit": "linear", 
        "value": 0.18598181114051449
    }, 
    "Ar38": {
        "error": 0.017468251649867591, 
        "fit": "linear", 
        "value": 0.04197532941637297
    }, 
    "Ar39": {
        "error": 0.02263802123840139, 
        "fit": "parabolic", 
        "value": 18.733322176251235
    }, 
    "Ar40": {
        "error": 0.069779140426862382, 
        "fit": "parabolic", 
        "value": 1209.7644608641556
    }, 
    "Ar41": {
        "error": 0.0054230417745247056, 
        "fit": "average", 
        "value": -0.058565665196011821
    }
}