{
    "Ar36": {
        "error": 0.00020797722801014777, 
        "fit": "parabolic", 
        "value": 0.0051006204220693623
    }, 
    "Ar37": {
        "error": 0.011768666977063615, 
        "fit": "linear", 
        "value": 0.14020516649561313
    }, 
    "Ar38": {
        "error": 0.01290020963709824, 
        "fit": "linear", 
        "value": -0.063261606988618671
    }, 
    "Ar39": {
        "error": 0.01933517617227969, 
        "fit": "parabolic", 
        "value": 12.471353703627898
    }, 
    "Ar40": {
        "error": 0.056755190486663713, 
        "fit": "parabolic", 
        "value": 808.4771330248343
    }, 
    "Ar41": {
        "error": 0.005507988904051065, 
        "fit": "average", 
        "value": -0.058580299113481588
    }
}