{
    "Ar36": {
        "error": 0.00027562342354887855, 
        "fit": "parabolic", 
        "value": 0.0091396990089562813
    }, 
    "Ar37": {
        "error": 0.011884179167487336, 
        "fit": "linear", 
        "value": 0.20498657143108148
    }, 
    "Ar38": {
        "error": 0.019993644805212773, 
        "fit": "linear", 
        "value": 0.26242145056568844
    }, 
    "Ar39": {
        "error": 0.023272783739568512, 
        "fit": "parabolic", 
        "value": 36.482456225585494
    }, 
    "Ar40": {
        "error": 0.10079435036986858, 
        "fit": "parabolic", 
        "value": 2357.3074657762299
    }, 
    "Ar41": {
        "error": 0.0053683842367248267, 
        "fit": "average", 
        "value": -0.025863192493792059
    }
}