{
    "Ar36": {
        "error": 0.00021651095897066866, 
        "fit": "parabolic", 
        "value": 0.0044366147844343597
    }, 
    "Ar37": {
        "error": 0.013399061939586825, 
        "fit": "linear", 
        "value": 0.21041280755452274
    }, 
    "Ar38": {
        "error": 0.01919370541196222, 
        "fit": "linear", 
        "value": 0.12980993123013912
    }, 
    "Ar39": {
        "error": 0.023479971214860649, 
        "fit": "parabolic", 
        "value": 28.619366717120307
    }, 
    "Ar40": {
        "error": 0.085321899005690954, 
        "fit": "parabolic", 
        "value": 1845.6269291418439
    }, 
    "Ar41": {
        "error": 0.0055904428639569235, 
        "fit": "average", 
        "value": -0.034912978914538449
    }
}