{
    "Ar36": {
        "error": 0.00038682715096353823, 
        "fit": "parabolic", 
        "value": 0.033192715299171408
    }, 
    "Ar37": {
        "error": 0.013151165672412554, 
        "fit": "linear", 
        "value": 0.20334328105155278
    }, 
    "Ar38": {
        "error": 0.020815980215082418, 
        "fit": "linear", 
        "value": 0.19069101612687922
    }, 
    "Ar39": {
        "error": 0.022286240541369545, 
        "fit": "parabolic", 
        "value": 31.915807320589476
    }, 
    "Ar40": {
        "error": 0.089018883618534939, 
        "fit": "parabolic", 
        "value": 2066.963744976425
    }, 
    "Ar41": {
        "error": 0.0052480442452664871, 
        "fit": "average", 
        "value": -0.038120542832917569
    }
}