{
    "Ar36": {
        "error": 0.000298391744284779, 
        "fit": "parabolic", 
        "value": 0.013856561393927987
    }, 
    "Ar37": {
        "error": 0.012640690369815714, 
        "fit": "linear", 
        "value": 0.18016993015969532
    }, 
    "Ar38": {
        "error": 0.020320318110592966, 
        "fit": "linear", 
        "value": 0.17402419415659637
    }, 
    "Ar39": {
        "error": 0.022638061137379158, 
        "fit": "parabolic", 
        "value": 29.031759311341524
    }, 
    "Ar40": {
        "error": 0.078946287539358728, 
        "fit": "parabolic", 
        "value": 1880.2289190207327
    }, 
    "Ar41": {
        "error": 0.0053181441723797089, 
        "fit": "average", 
        "value": -0.030867042080844505
    }
}