{
    "Ar36": {
        "error": 0.00024939822680364668, 
        "fit": "parabolic", 
        "value": 0.0077005003708362583
    }, 
    "Ar37": {
        "error": 0.013861847443619313, 
        "fit": "linear", 
        "value": -0.037518543905705679
    }, 
    "Ar38": {
        "error": 0.016455293710849247, 
        "fit": "linear", 
        "value": 0.19350367175898076
    }, 
    "Ar39": {
        "error": 0.01200622995812266, 
        "fit": "parabolic", 
        "value": 30.702038185985145
    }, 
    "Ar40": {
        "error": 0.090498514278098741, 
        "fit": "parabolic", 
        "value": 1988.2627366863344
    }, 
    "Ar41": {
        "error": 0.0060478777288357315, 
        "fit": "average", 
        "value": -0.0031515184083425224
    }
}