{
    "Ar36": {
        "error": 0.00027105478526753845, 
        "fit": "parabolic", 
        "value": 0.013752952691842853
    }, 
    "Ar37": {
        "error": 0.012614455840041856, 
        "fit": "linear", 
        "value": -0.086437720343693264
    }, 
    "Ar38": {
        "error": 0.014192644562395683, 
        "fit": "linear", 
        "value": 0.11393674496668096
    }, 
    "Ar39": {
        "error": 0.011339962185343415, 
        "fit": "parabolic", 
        "value": 23.406131810740597
    }, 
    "Ar40": {
        "error": 0.076648043043125086, 
        "fit": "parabolic", 
        "value": 1520.7237896596016
    }, 
    "Ar41": {
        "error": 0.0055584167763485888, 
        "fit": "average", 
        "value": -0.0069425457079986524
    }
}