{
    "Ar36": {
        "error": 0.00030557303145947815, 
        "fit": "parabolic", 
        "value": 0.01269052024029315
    }, 
    "Ar37": {
        "error": 0.012217367565396587, 
        "fit": "linear", 
        "value": -0.02972647862199811
    }, 
    "Ar38": {
        "error": 0.01712993783371158, 
        "fit": "linear", 
        "value": 0.42555472912132386
    }, 
    "Ar39": {
        "error": 0.011990936118690253, 
        "fit": "parabolic", 
        "value": 43.537236603124697
    }, 
    "Ar40": {
        "error": 0.10687263165488058, 
        "fit": "parabolic", 
        "value": 2820.7321430307511
    }, 
    "Ar41": {
        "error": 0.0056634793830997801, 
        "fit": "average", 
        "value": 0.0092663185526456297
    }
}