{
    "Ar36": {
        "error": 0.00026637215437128498, 
        "fit": "parabolic", 
        "value": 0.0079748603413049429
    }, 
    "Ar37": {
        "error": 0.012929221457461507, 
        "fit": "linear", 
        "value": -0.018758539055215781
    }, 
    "Ar38": {
        "error": 0.015866800213298143, 
        "fit": "linear", 
        "value": 0.50797493925772719
    }, 
    "Ar39": {
        "error": 0.012966335454765179, 
        "fit": "parabolic", 
        "value": 52.31494966423552
    }, 
    "Ar40": {
        "error": 0.11739134610106403, 
        "fit": "parabolic", 
        "value": 3385.3600647537537
    }, 
    "Ar41": {
        "error": 0.005642405926128977, 
        "fit": "average", 
        "value": 0.038851351967659195
    }
}