{
    "Ar36": {
        "error": 0.00041974108342665849, 
        "fit": "parabolic", 
        "value": 0.043367839725742915
    }, 
    "Ar37": {
        "error": 0.013759560866708273, 
        "fit": "linear", 
        "value": -0.047193379515001743
    }, 
    "Ar38": {
        "error": 0.018306062046673472, 
        "fit": "linear", 
        "value": 0.26189261031332978
    }, 
    "Ar39": {
        "error": 0.012121824599816783, 
        "fit": "parabolic", 
        "value": 33.653551268186945
    }, 
    "Ar40": {
        "error": 0.09399968036634862, 
        "fit": "parabolic", 
        "value": 2195.4465275098446
    }, 
    "Ar41": {
        "error": 0.0060305503551167294, 
        "fit": "average", 
        "value": 0.014933469937207153
    }
}