{
    "Ar36": {
        "error": 0.00030179098300406511, 
        "fit": "parabolic", 
        "value": 0.017304935377023503
    }, 
    "Ar37": {
        "error": 0.01309348444346224, 
        "fit": "linear", 
        "value": -0.084019929332588505
    }, 
    "Ar38": {
        "error": 0.01488751358798217, 
        "fit": "linear", 
        "value": 0.11427153176766111
    }, 
    "Ar39": {
        "error": 0.011128226592536294, 
        "fit": "parabolic", 
        "value": 22.081055814068467
    }, 
    "Ar40": {
        "error": 0.075643167488709931, 
        "fit": "parabolic", 
        "value": 1434.2538550335007
    }, 
    "Ar41": {
        "error": 0.0061653404184185785, 
        "fit": "average", 
        "value": -0.0039598844094238207
    }
}