{
    "Ar36": {
        "error": 0.00020461241683590226, 
        "fit": "parabolic", 
        "value": 0.0087325410739798534
    }, 
    "Ar37": {
        "error": 0.01330399773303965, 
        "fit": "linear", 
        "value": -0.046779957912642056
    }, 
    "Ar38": {
        "error": 0.010300155220356381, 
        "fit": "linear", 
        "value": 0.017449989337364087
    }, 
    "Ar39": {
        "error": 0.0095093182593521675, 
        "fit": "parabolic", 
        "value": 15.22547331186782
    }, 
    "Ar40": {
        "error": 0.059779403720345771, 
        "fit": "parabolic", 
        "value": 989.9789289673522
    }, 
    "Ar41": {
        "error": 0.0056822297637898226, 
        "fit": "average", 
        "value": -0.0013005848112213729
    }
}