{
    "Ar36": {
        "error": 0.0002542509627914352, 
        "fit": "parabolic", 
        "value": 0.007880154271318697
    }, 
    "Ar37": {
        "error": 0.012603033685362586, 
        "fit": "linear", 
        "value": -0.033017894954893552
    }, 
    "Ar38": {
        "error": 0.015205840979580904, 
        "fit": "linear", 
        "value": 0.16562059923710401
    }, 
    "Ar39": {
        "error": 0.01121651557045799, 
        "fit": "parabolic", 
        "value": 24.617878975455625
    }, 
    "Ar40": {
        "error": 0.078606743969300411, 
        "fit": "parabolic", 
        "value": 1601.7999042020879
    }, 
    "Ar41": {
        "error": 0.0055073956319780897, 
        "fit": "average", 
        "value": 0.0058321364344908044
    }
}