{
    "Ar36": {
        "error": 0.00024936905053848577, 
        "fit": "parabolic", 
        "value": 0.0066076925744086405
    }, 
    "Ar37": {
        "error": 0.012501022248583299, 
        "fit": "linear", 
        "value": -0.014906978428571789
    }, 
    "Ar38": {
        "error": 0.016408867256278048, 
        "fit": "linear", 
        "value": 0.37807748820735021
    }, 
    "Ar39": {
        "error": 0.012733975629441256, 
        "fit": "parabolic", 
        "value": 42.192048644358685
    }, 
    "Ar40": {
        "error": 0.10610937132734879, 
        "fit": "parabolic", 
        "value": 2737.5554508141768
    }, 
    "Ar41": {
        "error": 0.0060854239074474925, 
        "fit": "average", 
        "value": 0.023711837597138252
    }
}