{
    "Ar36": {
        "error": 0.00047588561397281232, 
        "fit": "parabolic", 
        "value": 0.048034867795635719
    }, 
    "Ar37": {
        "error": 0.013570822842958566, 
        "fit": "linear", 
        "value": -0.024608272112852783
    }, 
    "Ar38": {
        "error": 0.01401985945977431, 
        "fit": "linear", 
        "value": 0.4877925242564296
    }, 
    "Ar39": {
        "error": 0.013308916224024796, 
        "fit": "parabolic", 
        "value": 45.738551999104892
    }, 
    "Ar40": {
        "error": 0.11031225246818438, 
        "fit": "parabolic", 
        "value": 2982.2716269772695
    }, 
    "Ar41": {
        "error": 0.0088733996720319706, 
        "fit": "average", 
        "value": -0.11758681923239828
    }
}