{
    "Ar36": {
        "error": 0.00030801200748415043, 
        "fit": "parabolic", 
        "value": 0.019558803339048539
    }, 
    "Ar37": {
        "error": 0.011762659143972459, 
        "fit": "linear", 
        "value": -0.01713557668419461
    }, 
    "Ar38": {
        "error": 0.015637823647631732, 
        "fit": "linear", 
        "value": 0.36624895681344261
    }, 
    "Ar39": {
        "error": 0.012323391546134994, 
        "fit": "parabolic", 
        "value": 40.291099784762821
    }, 
    "Ar40": {
        "error": 0.10603881734848386, 
        "fit": "parabolic", 
        "value": 2620.3512044443842
    }, 
    "Ar41": {
        "error": 0.0059567195942443587, 
        "fit": "average", 
        "value": 0.027422989470895033
    }
}