{
    "Ar36": {
        "error": 0.00023303583676856699, 
        "fit": "parabolic", 
        "value": 0.0059046893312390599
    }, 
    "Ar37": {
        "error": 0.012791728380747294, 
        "fit": "linear", 
        "value": -0.014346194910195511
    }, 
    "Ar38": {
        "error": 0.016471993817359303, 
        "fit": "linear", 
        "value": 0.15825406345035689
    }, 
    "Ar39": {
        "error": 0.01138280396641991, 
        "fit": "parabolic", 
        "value": 28.495016769093176
    }, 
    "Ar40": {
        "error": 0.077576210365202264, 
        "fit": "parabolic", 
        "value": 1848.6483236531351
    }, 
    "Ar41": {
        "error": 0.0054544904995647223, 
        "fit": "average", 
        "value": -0.26545718144431402
    }
}