{
    "Ar36": {
        "error": 0.00030836122772969285, 
        "fit": "parabolic", 
        "value": 0.020872835202896366
    }, 
    "Ar37": {
        "error": 0.013869494175993646, 
        "fit": "linear", 
        "value": -0.055637885750500875
    }, 
    "Ar38": {
        "error": 0.015636499743074444, 
        "fit": "linear", 
        "value": 0.19289057081175398
    }, 
    "Ar39": {
        "error": 0.012315228367001402, 
        "fit": "parabolic", 
        "value": 27.686265501468434
    }, 
    "Ar40": {
        "error": 0.076565835004597224, 
        "fit": "parabolic", 
        "value": 1801.579484968539
    }, 
    "Ar41": {
        "error": 0.005736941672447142, 
        "fit": "average", 
        "value": 0.0070376471737043384
    }
}