{
    "Ar36": {
        "error": 0.00029949635369620151, 
        "fit": "parabolic", 
        "value": 0.020310774651596673
    }, 
    "Ar37": {
        "error": 0.013423739589886994, 
        "fit": "linear", 
        "value": -0.013972526542100037
    }, 
    "Ar38": {
        "error": 0.013232717969115513, 
        "fit": "linear", 
        "value": 0.07467945467087736
    }, 
    "Ar39": {
        "error": 0.009871721407736362, 
        "fit": "parabolic", 
        "value": 19.230637955278006
    }, 
    "Ar40": {
        "error": 0.067669516611105582, 
        "fit": "parabolic", 
        "value": 1252.7710349233016
    }, 
    "Ar41": {
        "error": 0.0063366444170668132, 
        "fit": "average", 
        "value": -0.0057280157567826491
    }
}