{
    "Ar36": {
        "error": 0.00027215578142134923, 
        "fit": "parabolic", 
        "value": 0.017808681391757751
    }, 
    "Ar37": {
        "error": 0.011965721805748541, 
        "fit": "linear", 
        "value": -0.0085371135696777328
    }, 
    "Ar38": {
        "error": 0.014767125438715247, 
        "fit": "linear", 
        "value": 0.20167613110872956
    }, 
    "Ar39": {
        "error": 0.011563189951854675, 
        "fit": "parabolic", 
        "value": 26.863250126437091
    }, 
    "Ar40": {
        "error": 0.080186513985532393, 
        "fit": "parabolic", 
        "value": 1746.8712016919569
    }, 
    "Ar41": {
        "error": 0.0059499612147139317, 
        "fit": "average", 
        "value": -0.25652055454638262
    }
}