{
    "Ar36": {
        "error": 0.0003317325736173974, 
        "fit": "parabolic", 
        "value": 0.028171086431101035
    }, 
    "Ar37": {
        "error": 0.012887570320556992, 
        "fit": "linear", 
        "value": -0.057782185305239472
    }, 
    "Ar38": {
        "error": 0.010434063848022432, 
        "fit": "linear", 
        "value": 0.016213689313649547
    }, 
    "Ar39": {
        "error": 0.010669926713437698, 
        "fit": "parabolic", 
        "value": 14.160643738070167
    }, 
    "Ar40": {
        "error": 0.05965768678136505, 
        "fit": "parabolic", 
        "value": 924.15175698833264
    }, 
    "Ar41": {
        "error": 0.0061680934963781707, 
        "fit": "average", 
        "value": -0.015153783816796683
    }
}