{
    "Ar36": {
        "error": 0.00024026058878118075, 
        "fit": "parabolic", 
        "value": 0.0096890584305994246
    }, 
    "Ar37": {
        "error": 0.013167122762904864, 
        "fit": "linear", 
        "value": -0.054828509449540666
    }, 
    "Ar38": {
        "error": 0.013151519554081333, 
        "fit": "linear", 
        "value": 0.11266033533769042
    }, 
    "Ar39": {
        "error": 0.010935900515388491, 
        "fit": "parabolic", 
        "value": 21.86494752202114
    }, 
    "Ar40": {
        "error": 0.077228499460101643, 
        "fit": "parabolic", 
        "value": 1418.191156053349
    }, 
    "Ar41": {
        "error": 0.0062201238213005624, 
        "fit": "average", 
        "value": -0.0096240223768467078
    }
}