{
    "Ar36": {
        "error": 0.00026704144433153845, 
        "fit": "parabolic", 
        "value": 0.011968837603039559
    }, 
    "Ar37": {
        "error": 0.012531836363882366, 
        "fit": "linear", 
        "value": -0.056953894899290827
    }, 
    "Ar38": {
        "error": 0.014071128923042435, 
        "fit": "linear", 
        "value": 0.12250428025788347
    }, 
    "Ar39": {
        "error": 0.010805585251389008, 
        "fit": "parabolic", 
        "value": 23.490570432779904
    }, 
    "Ar40": {
        "error": 0.081224619890697528, 
        "fit": "parabolic", 
        "value": 1523.6919503921877
    }, 
    "Ar41": {
        "error": 0.0083282066012211955, 
        "fit": "average", 
        "value": -0.1781389470910055
    }
}