{
    "Ar36": {
        "error": 0.00027652287239806619, 
        "fit": "parabolic", 
        "value": 0.014494534552068245
    }, 
    "Ar37": {
        "error": 0.01315361878817824, 
        "fit": "linear", 
        "value": -0.033300585670302113
    }, 
    "Ar38": {
        "error": 0.014435119165976755, 
        "fit": "linear", 
        "value": 0.09477922176084351
    }, 
    "Ar39": {
        "error": 0.010083469532969619, 
        "fit": "parabolic", 
        "value": 22.735210165371036
    }, 
    "Ar40": {
        "error": 0.069933015943751689, 
        "fit": "parabolic", 
        "value": 1474.3040158524782
    }, 
    "Ar41": {
        "error": 0.0068964091652149225, 
        "fit": "average", 
        "value": -0.0066020125613922807
    }
}