{
    "Ar36": {
        "error": 0.0002797524416474541, 
        "fit": "parabolic", 
        "value": 0.0078972740223487714
    }, 
    "Ar37": {
        "error": 0.013157654581570644, 
        "fit": "linear", 
        "value": -0.023113248357029478
    }, 
    "Ar38": {
        "error": 0.01470665794659729, 
        "fit": "linear", 
        "value": 0.51405469828888606
    }, 
    "Ar39": {
        "error": 0.013200828746848612, 
        "fit": "parabolic", 
        "value": 52.539517233369764
    }, 
    "Ar40": {
        "error": 0.125267457920157, 
        "fit": "parabolic", 
        "value": 3397.335482216713
    }, 
    "Ar41": {
        "error": 0.0061577548224592757, 
        "fit": "average", 
        "value": 0.04216502899031687
    }
}