{
    "Ar36": {
        "error": 0.00038532785331980591, 
        "fit": "parabolic", 
        "value": 0.027737521203510512
    }, 
    "Ar37": {
        "error": 0.012378668978059369, 
        "fit": "linear", 
        "value": -0.036255989560845324
    }, 
    "Ar38": {
        "error": 0.016207652182143147, 
        "fit": "linear", 
        "value": 0.42116890796666051
    }, 
    "Ar39": {
        "error": 0.01218923457956889, 
        "fit": "parabolic", 
        "value": 45.407103374653303
    }, 
    "Ar40": {
        "error": 0.10248400026324933, 
        "fit": "parabolic", 
        "value": 2941.7867702690764
    }, 
    "Ar41": {
        "error": 0.006041711497523714, 
        "fit": "average", 
        "value": 0.038597982075267968
    }
}