{
    "Ar36": {
        "error": 0.00028392951216331776, 
        "fit": "parabolic", 
        "value": 0.012414105941773872
    }, 
    "Ar37": {
        "error": 0.012546713138081486, 
        "fit": "linear", 
        "value": -0.056698419732891914
    }, 
    "Ar38": {
        "error": 0.016803232333633601, 
        "fit": "linear", 
        "value": 0.34696912144130676
    }, 
    "Ar39": {
        "error": 0.012244584777083697, 
        "fit": "parabolic", 
        "value": 39.972220868816379
    }, 
    "Ar40": {
        "error": 0.097775158772755527, 
        "fit": "parabolic", 
        "value": 2585.1724168335163
    }, 
    "Ar41": {
        "error": 0.0058387662840208949, 
        "fit": "average", 
        "value": 0.010891433705567558
    }
}