{
    "Ar36": {
        "error": 0.00025357551433565341, 
        "fit": "parabolic", 
        "value": 0.010161956115200148
    }, 
    "Ar37": {
        "error": 0.012726534617654045, 
        "fit": "linear", 
        "value": -0.058259384223287539
    }, 
    "Ar38": {
        "error": 0.015215169735746294, 
        "fit": "linear", 
        "value": 0.15202392745971682
    }, 
    "Ar39": {
        "error": 0.011564499404108067, 
        "fit": "parabolic", 
        "value": 25.749108878192139
    }, 
    "Ar40": {
        "error": 0.084734051989600892, 
        "fit": "parabolic", 
        "value": 1667.4814863575459
    }, 
    "Ar41": {
        "error": 0.0056288035340500758, 
        "fit": "average", 
        "value": -0.00074510624696639302
    }
}