{
    "Ar36": {
        "error": 0.00029667924922280629, 
        "fit": "parabolic", 
        "value": 0.0054665772647972833
    }, 
    "Ar37": {
        "error": 0.018329453563768291, 
        "fit": "linear", 
        "value": 0.14138606880192245
    }, 
    "Ar38": {
        "error": 0.023110671221668211, 
        "fit": "linear", 
        "value": -0.021455330879961796
    }, 
    "Ar39": {
        "error": 0.030499301645333363, 
        "fit": "parabolic", 
        "value": 12.422738052919868
    }, 
    "Ar40": {
        "error": 0.091694679282744038, 
        "fit": "parabolic", 
        "value": 808.29683175175626
    }, 
    "Ar41": {
        "error": 0.0085978186036591592, 
        "fit": "average", 
        "value": -0.055993479549884796
    }
}