{
    "Ar36": {
        "error": 0.00039167497408481368, 
        "fit": "parabolic", 
        "value": 0.013006491203436308
    }, 
    "Ar37": {
        "error": 0.018826131649233656, 
        "fit": "linear", 
        "value": 0.16667533755933889
    }, 
    "Ar38": {
        "error": 0.025694499003220336, 
        "fit": "linear", 
        "value": 0.10273508838576058
    }, 
    "Ar39": {
        "error": 0.030470881179486504, 
        "fit": "parabolic", 
        "value": 23.277102990113434
    }, 
    "Ar40": {
        "error": 0.12003335861185704, 
        "fit": "parabolic", 
        "value": 1512.7092653754667
    }, 
    "Ar41": {
        "error": 0.0071819182192851003, 
        "fit": "average", 
        "value": -0.059353429040056652
    }
}