{
    "Ar36": {
        "error": 0.00050261540239881564, 
        "fit": "parabolic", 
        "value": 0.021270560660990642
    }, 
    "Ar37": {
        "error": 0.019293537022399151, 
        "fit": "linear", 
        "value": 0.18222144358915349
    }, 
    "Ar38": {
        "error": 0.02691876434394434, 
        "fit": "linear", 
        "value": 0.15159159203873612
    }, 
    "Ar39": {
        "error": 0.034939451768157742, 
        "fit": "parabolic", 
        "value": 26.56171682549396
    }, 
    "Ar40": {
        "error": 0.12953182214964845, 
        "fit": "parabolic", 
        "value": 1721.9833301319077
    }, 
    "Ar41": {
        "error": 0.0080045455796250355, 
        "fit": "average", 
        "value": -0.0442579300571233
    }
}