{
    "Ar36": {
        "error": 0.00035421519707001347, 
        "fit": "parabolic", 
        "value": 0.0092309490568072815
    }, 
    "Ar37": {
        "error": 0.018680855096150771, 
        "fit": "linear", 
        "value": 0.16344741108357852
    }, 
    "Ar38": {
        "error": 0.023346335674206128, 
        "fit": "linear", 
        "value": 0.059780618202868431
    }, 
    "Ar39": {
        "error": 0.030934187627613869, 
        "fit": "parabolic", 
        "value": 20.495320809245214
    }, 
    "Ar40": {
        "error": 0.11605792659592182, 
        "fit": "parabolic", 
        "value": 1332.7191251655172
    }, 
    "Ar41": {
        "error": 0.0076067680942196875, 
        "fit": "average", 
        "value": -0.04441534313070588
    }
}