{
    "Ar36": {
        "error": 0.00040834629967330621, 
        "fit": "parabolic", 
        "value": 0.011340111667457601
    }, 
    "Ar37": {
        "error": 0.017373400394649716, 
        "fit": "linear", 
        "value": 0.15529988562557884
    }, 
    "Ar38": {
        "error": 0.026305278139561034, 
        "fit": "linear", 
        "value": 0.13533509590109546
    }, 
    "Ar39": {
        "error": 0.035790420593878346, 
        "fit": "parabolic", 
        "value": 27.777731960668568
    }, 
    "Ar40": {
        "error": 0.11604645470495419, 
        "fit": "parabolic", 
        "value": 1804.3084465529901
    }, 
    "Ar41": {
        "error": 0.0081427075810327921, 
        "fit": "average", 
        "value": 0.22120616824292666
    }
}