{
    "Ar36": {
        "error": 0.00030465155451761403, 
        "fit": "parabolic", 
        "value": 0.0049009099210271436
    }, 
    "Ar37": {
        "error": 0.019310607256029018, 
        "fit": "linear", 
        "value": 0.14654873515527664
    }, 
    "Ar38": {
        "error": 0.018736809235914795, 
        "fit": "linear", 
        "value": -0.014829201237194157
    }, 
    "Ar39": {
        "error": 0.032427603128567711, 
        "fit": "parabolic", 
        "value": 13.750195060482884
    }, 
    "Ar40": {
        "error": 0.087212559000226758, 
        "fit": "parabolic", 
        "value": 893.09018230292872
    }, 
    "Ar41": {
        "error": 0.007911085197712624, 
        "fit": "average", 
        "value": -0.063215212650364269
    }
}