{
    "Ar36": {
        "error": 0.00037669117653190044, 
        "fit": "parabolic", 
        "value": 0.01103279136177472
    }, 
    "Ar37": {
        "error": 0.018304822957061376, 
        "fit": "linear", 
        "value": 0.13245715666166286
    }, 
    "Ar38": {
        "error": 0.025232481103158181, 
        "fit": "linear", 
        "value": 0.11564654330865472
    }, 
    "Ar39": {
        "error": 0.03499662923463906, 
        "fit": "parabolic", 
        "value": 24.788783305152457
    }, 
    "Ar40": {
        "error": 0.11308335276872483, 
        "fit": "parabolic", 
        "value": 1552.9766535476997
    }, 
    "Ar41": {
        "error": 0.0073713557790274645, 
        "fit": "average", 
        "value": -0.04927765225165058
    }
}