{
    "Ar36": {
        "error": 0.00039483704587115907, 
        "fit": "parabolic", 
        "value": 0.010006062605775856
    }, 
    "Ar37": {
        "error": 0.018100140106103231, 
        "fit": "linear", 
        "value": 0.16743340492874376
    }, 
    "Ar38": {
        "error": 0.025464627916419545, 
        "fit": "linear", 
        "value": 0.17206526932952779
    }, 
    "Ar39": {
        "error": 0.036103921585103102, 
        "fit": "parabolic", 
        "value": 31.036182788313283
    }, 
    "Ar40": {
        "error": 0.13285266465141388, 
        "fit": "parabolic", 
        "value": 2015.0356119564565
    }, 
    "Ar41": {
        "error": 0.0084775913503945654, 
        "fit": "average", 
        "value": 0.22174777651228941
    }
}