{
    "Ar36": {
        "error": 0.00037856824970162214, 
        "fit": "parabolic", 
        "value": 0.011365674414724445
    }, 
    "Ar37": {
        "error": 0.019104758056918841, 
        "fit": "linear", 
        "value": 0.11245081728302936
    }, 
    "Ar38": {
        "error": 0.023070193005241615, 
        "fit": "linear", 
        "value": 0.056753647169821189
    }, 
    "Ar39": {
        "error": 0.035363936529918746, 
        "fit": "parabolic", 
        "value": 18.617972088214813
    }, 
    "Ar40": {
        "error": 0.10567112076347061, 
        "fit": "parabolic", 
        "value": 1213.4489769829868
    }, 
    "Ar41": {
        "error": 0.0073020851102945173, 
        "fit": "average", 
        "value": 0.19548126961523668
    }
}