{
    "Ar36": {
        "error": 0.00038675581630969813, 
        "fit": "parabolic", 
        "value": 0.013192018378394644
    }, 
    "Ar37": {
        "error": 0.019359778604556802, 
        "fit": "linear", 
        "value": 0.1112508554714885
    }, 
    "Ar38": {
        "error": 0.02281790454508309, 
        "fit": "linear", 
        "value": 0.0014140755658275366
    }, 
    "Ar39": {
        "error": 0.033718112624187828, 
        "fit": "parabolic", 
        "value": 18.073445757193312
    }, 
    "Ar40": {
        "error": 0.10628076513402993, 
        "fit": "parabolic", 
        "value": 1179.5229200282347
    }, 
    "Ar41": {
        "error": 0.0079308453549763701, 
        "fit": "average", 
        "value": 0.19130370018049142
    }
}