{
    "Ar36": {
        "error": 0.00050450851705241453, 
        "fit": "parabolic", 
        "value": 0.019795332137469167
    }, 
    "Ar37": {
        "error": 0.019862192916540445, 
        "fit": "linear", 
        "value": 0.20070719861534317
    }, 
    "Ar38": {
        "error": 0.02815816357361068, 
        "fit": "linear", 
        "value": 0.24559628781614548
    }, 
    "Ar39": {
        "error": 0.039372607919721581, 
        "fit": "parabolic", 
        "value": 35.158105056735508
    }, 
    "Ar40": {
        "error": 0.14179117239035746, 
        "fit": "parabolic", 
        "value": 2290.158661842338
    }, 
    "Ar41": {
        "error": 0.0076797196671199676, 
        "fit": "average", 
        "value": 0.22789524667151273
    }
}