{
    "Ar36": {
        "error": 0.00031118509294052275, 
        "fit": "parabolic", 
        "value": 0.0056588929155756643
    }, 
    "Ar37": {
        "error": 0.018519326384020537, 
        "fit": "linear", 
        "value": 0.073707211084103025
    }, 
    "Ar38": {
        "error": 0.020442036651628481, 
        "fit": "linear", 
        "value": -0.054330848347414071
    }, 
    "Ar39": {
        "error": 0.029162105142955669, 
        "fit": "parabolic", 
        "value": 10.343743268756807
    }, 
    "Ar40": {
        "error": 0.082469902793565919, 
        "fit": "parabolic", 
        "value": 672.98685274661079
    }, 
    "Ar41": {
        "error": 0.0078173541040748896, 
        "fit": "average", 
        "value": 0.18069644757007336
    }
}