{
    "Ar36": {
        "error": 0.00045919421314835065, 
        "fit": "parabolic", 
        "value": 0.0191722661460694
    }, 
    "Ar37": {
        "error": 0.017779950386865823, 
        "fit": "linear", 
        "value": 0.13119981129737107
    }, 
    "Ar38": {
        "error": 0.026651422520902624, 
        "fit": "linear", 
        "value": 0.11969936750384932
    }, 
    "Ar39": {
        "error": 0.033417945942279627, 
        "fit": "parabolic", 
        "value": 26.766011072353443
    }, 
    "Ar40": {
        "error": 0.12150686986075562, 
        "fit": "parabolic", 
        "value": 1737.449016385782
    }, 
    "Ar41": {
        "error": 0.0077090987868485231, 
        "fit": "average", 
        "value": -0.060905992892687208
    }
}