{
    "Ar36": {
        "error": 0.0003347970467031643, 
        "fit": "parabolic", 
        "value": 0.0059209484651499764
    }, 
    "Ar37": {
        "error": 0.018021749217932578, 
        "fit": "linear", 
        "value": 0.13551423244144975
    }, 
    "Ar38": {
        "error": 0.021817841033956731, 
        "fit": "linear", 
        "value": -0.028535928384420952
    }, 
    "Ar39": {
        "error": 0.030692258839154444, 
        "fit": "parabolic", 
        "value": 12.157331808441114
    }, 
    "Ar40": {
        "error": 0.090766133204079988, 
        "fit": "parabolic", 
        "value": 790.857023468227
    }, 
    "Ar41": {
        "error": 0.00844060852152753, 
        "fit": "average", 
        "value": -0.085788829273078585
    }
}