{
    "Ar36": {
        "error": 0.00046956462263886143, 
        "fit": "parabolic", 
        "value": 0.018296418681999816
    }, 
    "Ar37": {
        "error": 0.018307243946939819, 
        "fit": "linear", 
        "value": 0.16084391761665645
    }, 
    "Ar38": {
        "error": 0.029088683757574327, 
        "fit": "linear", 
        "value": 0.16521386793940612
    }, 
    "Ar39": {
        "error": 0.038056087295634998, 
        "fit": "parabolic", 
        "value": 31.279901968545953
    }, 
    "Ar40": {
        "error": 0.13840780132208158, 
        "fit": "parabolic", 
        "value": 2034.4775450710968
    }, 
    "Ar41": {
        "error": 0.0076628537214484208, 
        "fit": "average", 
        "value": -0.055366450617555532
    }
}