{
    "Ar36": {
        "error": 0.00041270406211763115, 
        "fit": "parabolic", 
        "value": 0.010162785742548516
    }, 
    "Ar37": {
        "error": 0.018571134786958304, 
        "fit": "linear", 
        "value": 0.19562542359720267
    }, 
    "Ar38": {
        "error": 0.027491282871270166, 
        "fit": "linear", 
        "value": 0.20946070713971182
    }, 
    "Ar39": {
        "error": 0.036707427250856205, 
        "fit": "parabolic", 
        "value": 33.437871717007695
    }, 
    "Ar40": {
        "error": 0.14631540622246927, 
        "fit": "parabolic", 
        "value": 2168.957394740637
    }, 
    "Ar41": {
        "error": 0.00799226681323594, 
        "fit": "average", 
        "value": -0.041991785862948744
    }
}