{
    "Ar36": {
        "error": 0.00033656626351007325, 
        "fit": "parabolic", 
        "value": 0.0050656258657918347
    }, 
    "Ar37": {
        "error": 0.018210107731925031, 
        "fit": "linear", 
        "value": 0.1422043188886081
    }, 
    "Ar38": {
        "error": 0.028819825115667976, 
        "fit": "linear", 
        "value": 0.18101726047816208
    }, 
    "Ar39": {
        "error": 0.03364225113013717, 
        "fit": "parabolic", 
        "value": 31.123120022753461
    }, 
    "Ar40": {
        "error": 0.14749948289947207, 
        "fit": "parabolic", 
        "value": 2018.5406298973048
    }, 
    "Ar41": {
        "error": 0.008514433067248495, 
        "fit": "average", 
        "value": -0.04260393569129519
    }
}