{
    "Ar36": {
        "error": 0.00034348425657952338, 
        "fit": "parabolic", 
        "value": 0.0067420752918121059
    }, 
    "Ar37": {
        "error": 0.018511314748819042, 
        "fit": "linear", 
        "value": 0.1291709370635247
    }, 
    "Ar38": {
        "error": 0.025717224578186523, 
        "fit": "linear", 
        "value": 0.070918896438198528
    }, 
    "Ar39": {
        "error": 0.029851616062508336, 
        "fit": "parabolic", 
        "value": 24.321466355236584
    }, 
    "Ar40": {
        "error": 0.12246863871573017, 
        "fit": "parabolic", 
        "value": 1575.8805736374761
    }, 
    "Ar41": {
        "error": 0.0082816516214658797, 
        "fit": "average", 
        "value": -0.043877820842433718
    }
}