{
    "Ar36": {
        "error": 0.00036934590700757845, 
        "fit": "parabolic", 
        "value": 0.012257185062828566
    }, 
    "Ar37": {
        "error": 0.0186419079762353, 
        "fit": "linear", 
        "value": 0.087894490943616843
    }, 
    "Ar38": {
        "error": 0.02082963840242924, 
        "fit": "linear", 
        "value": -0.096951911805683771
    }, 
    "Ar39": {
        "error": 0.03067852520669373, 
        "fit": "parabolic", 
        "value": 8.1937005326402979
    }, 
    "Ar40": {
        "error": 0.075813461635123869, 
        "fit": "parabolic", 
        "value": 537.45476835564614
    }, 
    "Ar41": {
        "error": 0.0077154935319316189, 
        "fit": "average", 
        "value": -0.083006188814761114
    }
}