{
    "Ar36": {
        "error": 0.00037501022693883947, 
        "fit": "parabolic", 
        "value": 0.012319533136652565
    }, 
    "Ar37": {
        "error": 0.018426725366176518, 
        "fit": "linear", 
        "value": 0.11900912667106511
    }, 
    "Ar38": {
        "error": 0.026691410042302858, 
        "fit": "linear", 
        "value": 0.042476726968692619
    }, 
    "Ar39": {
        "error": 0.031647817455149455, 
        "fit": "parabolic", 
        "value": 17.939211758920838
    }, 
    "Ar40": {
        "error": 0.099470320226856243, 
        "fit": "parabolic", 
        "value": 1166.0000666304559
    }, 
    "Ar41": {
        "error": 0.007424053787068498, 
        "fit": "average", 
        "value": -0.060611383519601075
    }
}