{
    "Ar36": {
        "error": 0.00029799242953718898, 
        "fit": "parabolic", 
        "value": 0.0061832182813802081
    }, 
    "Ar37": {
        "error": 0.017255049004798514, 
        "fit": "linear", 
        "value": 0.12188554567329465
    }, 
    "Ar38": {
        "error": 0.02142866927240945, 
        "fit": "linear", 
        "value": -0.019214620174361915
    }, 
    "Ar39": {
        "error": 0.029999484866734157, 
        "fit": "parabolic", 
        "value": 14.141774949020469
    }, 
    "Ar40": {
        "error": 0.090999617287571444, 
        "fit": "parabolic", 
        "value": 920.56714418636409
    }, 
    "Ar41": {
        "error": 0.00847407912408016, 
        "fit": "average", 
        "value": -0.057962661805097015
    }
}