{
    "Ar36": {
        "error": 0.00038802262785413209, 
        "fit": "parabolic", 
        "value": 0.0085481728286399515
    }, 
    "Ar37": {
        "error": 0.01647540340206767, 
        "fit": "linear", 
        "value": 0.15457164411951868
    }, 
    "Ar38": {
        "error": 0.02923541966602828, 
        "fit": "linear", 
        "value": 0.18054582908133879
    }, 
    "Ar39": {
        "error": 0.036721764865301432, 
        "fit": "parabolic", 
        "value": 28.747489159955961
    }, 
    "Ar40": {
        "error": 0.13444420861424763, 
        "fit": "parabolic", 
        "value": 1861.3218622309014
    }, 
    "Ar41": {
        "error": 0.0078478126508220447, 
        "fit": "average", 
        "value": -0.054931779629318042
    }
}