{
    "Ar36": {
        "error": 0.00035709660701332356, 
        "fit": "parabolic", 
        "value": 0.0075269845836902927
    }, 
    "Ar37": {
        "error": 0.018360118263560658, 
        "fit": "linear", 
        "value": 0.15096346320450907
    }, 
    "Ar38": {
        "error": 0.024632910889856762, 
        "fit": "linear", 
        "value": 0.061870255438426669
    }, 
    "Ar39": {
        "error": 0.032537162596726212, 
        "fit": "parabolic", 
        "value": 21.702228092592996
    }, 
    "Ar40": {
        "error": 0.10036991745241405, 
        "fit": "parabolic", 
        "value": 1408.7220452160095
    }, 
    "Ar41": {
        "error": 0.0088121388778682024, 
        "fit": "average", 
        "value": -0.058222112804884089
    }
}