{
    "Ar36": {
        "error": 0.00046055602235507958, 
        "fit": "parabolic", 
        "value": 0.014006152575635188
    }, 
    "Ar37": {
        "error": 0.0180427350110327, 
        "fit": "linear", 
        "value": 0.1976031801961711
    }, 
    "Ar38": {
        "error": 0.030551696412727335, 
        "fit": "linear", 
        "value": 0.2349472533340925
    }, 
    "Ar39": {
        "error": 0.034125053231026541, 
        "fit": "parabolic", 
        "value": 35.363493082724787
    }, 
    "Ar40": {
        "error": 0.1469516084933262, 
        "fit": "parabolic", 
        "value": 2294.7976018658346
    }, 
    "Ar41": {
        "error": 0.0080823260678992443, 
        "fit": "average", 
        "value": -0.03213010220648721
    }
}