{
    "Ar36": {
        "error": 0.00048883678051776086, 
        "fit": "parabolic", 
        "value": 0.020260777457753058
    }, 
    "Ar37": {
        "error": 0.018953879349733641, 
        "fit": "linear", 
        "value": 0.11501791241917018
    }, 
    "Ar38": {
        "error": 0.024908485660386132, 
        "fit": "linear", 
        "value": 0.092892254664298346
    }, 
    "Ar39": {
        "error": 0.037217623652687701, 
        "fit": "parabolic", 
        "value": 22.040606119660026
    }, 
    "Ar40": {
        "error": 0.11503824039379668, 
        "fit": "parabolic", 
        "value": 1438.8904820652401
    }, 
    "Ar41": {
        "error": 0.007670612225204711, 
        "fit": "average", 
        "value": -0.0708258417545585
    }
}