{
    "Ar36": {
        "error": 0.00040649404623442983, 
        "fit": "parabolic", 
        "value": 0.015980010181080903
    }, 
    "Ar37": {
        "error": 0.018513485643675415, 
        "fit": "linear", 
        "value": 0.1644769409340085
    }, 
    "Ar38": {
        "error": 0.028107048397396948, 
        "fit": "linear", 
        "value": 0.095500428743271373
    }, 
    "Ar39": {
        "error": 0.034707754105314924, 
        "fit": "parabolic", 
        "value": 24.632252697053723
    }, 
    "Ar40": {
        "error": 0.11533524596140338, 
        "fit": "parabolic", 
        "value": 1601.7364937720158
    }, 
    "Ar41": {
        "error": 0.0078277330319203066, 
        "fit": "average", 
        "value": -0.037456685243872925
    }
}