{
    "Ar36": {
        "error": 0.00049258212949383436, 
        "fit": "parabolic", 
        "value": 0.018434328066904357
    }, 
    "Ar37": {
        "error": 0.017720865707447405, 
        "fit": "linear", 
        "value": 0.15774995532317396
    }, 
    "Ar38": {
        "error": 0.026532584752794075, 
        "fit": "linear", 
        "value": 0.10010495945446701
    }, 
    "Ar39": {
        "error": 0.034043583594436801, 
        "fit": "parabolic", 
        "value": 22.745705213553851
    }, 
    "Ar40": {
        "error": 0.12425587091439909, 
        "fit": "parabolic", 
        "value": 1479.0413080373642
    }, 
    "Ar41": {
        "error": 0.0080203337038177586, 
        "fit": "average", 
        "value": -0.055392120694508773
    }
}