{
    "Ar36": {
        "error": 0.00057460277199722722, 
        "fit": "parabolic", 
        "value": 0.026319678004420741
    }, 
    "Ar37": {
        "error": 0.017957593130918749, 
        "fit": "linear", 
        "value": 0.22982589971053818
    }, 
    "Ar38": {
        "error": 0.025910702423771137, 
        "fit": "linear", 
        "value": 0.45130333020289803
    }, 
    "Ar39": {
        "error": 0.037204786859801851, 
        "fit": "parabolic", 
        "value": 50.998983738136147
    }, 
    "Ar40": {
        "error": 0.17799587281541238, 
        "fit": "parabolic", 
        "value": 3316.1133687286369
    }, 
    "Ar41": {
        "error": 0.0079122482659024877, 
        "fit": "average", 
        "value": -0.0029324495187029241
    }
}