{
    "Ar36": {
        "error": 0.00066196562385685987, 
        "fit": "parabolic", 
        "value": 0.044436464266878126
    }, 
    "Ar37": {
        "error": 0.020160187971267396, 
        "fit": "linear", 
        "value": 0.17019013710111497
    }, 
    "Ar38": {
        "error": 0.031176505502490525, 
        "fit": "linear", 
        "value": 0.26920742882130005
    }, 
    "Ar39": {
        "error": 0.035380163466428881, 
        "fit": "parabolic", 
        "value": 38.516030351806037
    }, 
    "Ar40": {
        "error": 0.14765354587782817, 
        "fit": "parabolic", 
        "value": 2514.0672870471753
    }, 
    "Ar41": {
        "error": 0.0077717103834764522, 
        "fit": "average", 
        "value": -0.033859737051185224
    }
}