{
    "Ar36": {
        "error": 0.00061273114336765644, 
        "fit": "parabolic", 
        "value": 0.035831184259541182
    }, 
    "Ar37": {
        "error": 0.019285847682755739, 
        "fit": "linear", 
        "value": 0.1080884522596519
    }, 
    "Ar38": {
        "error": 0.022899423709916929, 
        "fit": "linear", 
        "value": -0.0077786919022845256
    }, 
    "Ar39": {
        "error": 0.0305942475683833, 
        "fit": "parabolic", 
        "value": 14.234643954128675
    }, 
    "Ar40": {
        "error": 0.091939251005949824, 
        "fit": "parabolic", 
        "value": 936.15069747870507
    }, 
    "Ar41": {
        "error": 0.008139939120270865, 
        "fit": "average", 
        "value": -0.074264199278550228
    }
}