{
    "Ar36": {
        "error": 0.00029382518912977358, 
        "fit": "parabolic", 
        "value": 0.0048590210211565312
    }, 
    "Ar37": {
        "error": 0.017946715423722111, 
        "fit": "linear", 
        "value": 0.13860436732571885
    }, 
    "Ar38": {
        "error": 0.026567533731997259, 
        "fit": "linear", 
        "value": 0.064466682917862173
    }, 
    "Ar39": {
        "error": 0.034349871028936503, 
        "fit": "parabolic", 
        "value": 20.920964919353274
    }, 
    "Ar40": {
        "error": 0.10300835896233967, 
        "fit": "parabolic", 
        "value": 1359.534221845295
    }, 
    "Ar41": {
        "error": 0.007690047969961809, 
        "fit": "average", 
        "value": -0.051941369626205415
    }
}