{
    "Ar36": {
        "error": 0.00043131303747158937, 
        "fit": "parabolic", 
        "value": 0.016223848620424749
    }, 
    "Ar37": {
        "error": 0.01799771920950308, 
        "fit": "linear", 
        "value": 0.16820274227334731
    }, 
    "Ar38": {
        "error": 0.029779738306872264, 
        "fit": "linear", 
        "value": 0.19977472439731814
    }, 
    "Ar39": {
        "error": 0.036631587414699927, 
        "fit": "parabolic", 
        "value": 30.407651182220043
    }, 
    "Ar40": {
        "error": 0.13882900681196828, 
        "fit": "parabolic", 
        "value": 1977.4699713022533
    }, 
    "Ar41": {
        "error": 0.0079577062319749758, 
        "fit": "average", 
        "value": -0.040926884917542337
    }
}