{
    "Ar36": {
        "error": 0.00039674164789782902, 
        "fit": "parabolic", 
        "value": 0.0093131384239321345
    }, 
    "Ar37": {
        "error": 0.018949665281599654, 
        "fit": "linear", 
        "value": 0.11953886803895317
    }, 
    "Ar38": {
        "error": 0.025134435954947101, 
        "fit": "linear", 
        "value": 0.071905257512067611
    }, 
    "Ar39": {
        "error": 0.032143790911841122, 
        "fit": "parabolic", 
        "value": 18.634901631398868
    }, 
    "Ar40": {
        "error": 0.10891846889635728, 
        "fit": "parabolic", 
        "value": 1211.4290595018015
    }, 
    "Ar41": {
        "error": 0.0077485479951109821, 
        "fit": "average", 
        "value": -0.054589835425838826
    }
}