{
    "Ar36": {
        "error": 0.00034285411345706278, 
        "fit": "parabolic", 
        "value": 0.0077236420156210229
    }, 
    "Ar37": {
        "error": 0.017069096123369858, 
        "fit": "linear", 
        "value": 0.15690166459205182
    }, 
    "Ar38": {
        "error": 0.025887546848152729, 
        "fit": "linear", 
        "value": 0.13432797635333574
    }, 
    "Ar39": {
        "error": 0.03404609821554451, 
        "fit": "parabolic", 
        "value": 25.271099453895456
    }, 
    "Ar40": {
        "error": 0.11732996014321226, 
        "fit": "parabolic", 
        "value": 1638.6148528994149
    }, 
    "Ar41": {
        "error": 0.00828312660870229, 
        "fit": "average", 
        "value": -0.056948108030948789
    }
}