{
    "Ar36": {
        "error": 0.0003774818172726791, 
        "fit": "parabolic", 
        "value": 0.011247356547753539
    }, 
    "Ar37": {
        "error": 0.016953559943894612, 
        "fit": "linear", 
        "value": 0.14309461033230608
    }, 
    "Ar38": {
        "error": 0.028520423639225707, 
        "fit": "linear", 
        "value": 0.1251184611321815
    }, 
    "Ar39": {
        "error": 0.039145194845816654, 
        "fit": "parabolic", 
        "value": 26.312118588499231
    }, 
    "Ar40": {
        "error": 0.12755705900078554, 
        "fit": "parabolic", 
        "value": 1707.0894860307076
    }, 
    "Ar41": {
        "error": 0.008099728573396461, 
        "fit": "average", 
        "value": -0.041854537927196359
    }
}