{
    "Ar36": {
        "error": 0.00047750805808869946, 
        "fit": "parabolic", 
        "value": 0.016426053511841718
    }, 
    "Ar37": {
        "error": 0.017589813519914999, 
        "fit": "linear", 
        "value": 0.14688523375768267
    }, 
    "Ar38": {
        "error": 0.027686061967123737, 
        "fit": "linear", 
        "value": 0.17864567859547906
    }, 
    "Ar39": {
        "error": 0.036548595207957071, 
        "fit": "parabolic", 
        "value": 29.297497779240118
    }, 
    "Ar40": {
        "error": 0.12874109576334727, 
        "fit": "parabolic", 
        "value": 1906.1607648810561
    }, 
    "Ar41": {
        "error": 0.0078099087569652725, 
        "fit": "average", 
        "value": -0.043880871104542168
    }
}