{
    "Ar36": {
        "error": 0.0035619390777934978, 
        "fit": "parabolic", 
        "value": 1.2641107476340139
    }, 
    "Ar37": {
        "error": 0.018432724312531842, 
        "fit": "linear", 
        "value": 0.22856444056990108
    }, 
    "Ar38": {
        "error": 0.027780249620046778, 
        "fit": "linear", 
        "value": 0.48027994070446312
    }, 
    "Ar39": {
        "error": 0.040444111567181314, 
        "fit": "parabolic", 
        "value": 38.074784604654141
    }, 
    "Ar40": {
        "error": 0.15397510526292782, 
        "fit": "parabolic", 
        "value": 2854.3403855075721
    }, 
    "Ar41": {
        "error": 0.0073093692222251884, 
        "fit": "average", 
        "value": -0.024820980372838676
    }
}