{
    "Ar36": {
        "error": 0.0006037198475044766, 
        "fit": "parabolic", 
        "value": 0.041237576081408364
    }, 
    "Ar37": {
        "error": 0.018495256559704992, 
        "fit": "linear", 
        "value": 0.17371522534555361
    }, 
    "Ar38": {
        "error": 0.030074582039354206, 
        "fit": "linear", 
        "value": 0.2940240281182035
    }, 
    "Ar39": {
        "error": 0.03968367529618648, 
        "fit": "parabolic", 
        "value": 41.856287946408429
    }, 
    "Ar40": {
        "error": 0.14894122145816538, 
        "fit": "parabolic", 
        "value": 2720.6326629318105
    }, 
    "Ar41": {
        "error": 0.0077034194170186006, 
        "fit": "average", 
        "value": -0.02201171719795093
    }
}