{
    "Ar36": {
        "error": 0.0004334832542376268, 
        "fit": "parabolic", 
        "value": 0.013146451312932664
    }, 
    "Ar37": {
        "error": 0.019260435508462185, 
        "fit": "linear", 
        "value": 0.15409493726827159
    }, 
    "Ar38": {
        "error": 0.028089213089755281, 
        "fit": "linear", 
        "value": 0.17858151589835414
    }, 
    "Ar39": {
        "error": 0.037455446328958461, 
        "fit": "parabolic", 
        "value": 30.044490069486855
    }, 
    "Ar40": {
        "error": 0.14096765055725508, 
        "fit": "parabolic", 
        "value": 1943.3551785522018
    }, 
    "Ar41": {
        "error": 0.0070521180523239234, 
        "fit": "average", 
        "value": -0.040399071495048705
    }
}