{
    "Ar36": {
        "error": 0.00030065737760023441, 
        "fit": "parabolic", 
        "value": 0.0049905913003072504
    }, 
    "Ar37": {
        "error": 0.01843480564232949, 
        "fit": "linear", 
        "value": 0.14807656534402658
    }, 
    "Ar38": {
        "error": 0.028886565399739196, 
        "fit": "linear", 
        "value": 0.20671955954772492
    }, 
    "Ar39": {
        "error": 0.032889031867403204, 
        "fit": "parabolic", 
        "value": 29.35267734869209
    }, 
    "Ar40": {
        "error": 0.13803849197324369, 
        "fit": "parabolic", 
        "value": 1900.9219642621167
    }, 
    "Ar41": {
        "error": 0.0079404645067283914, 
        "fit": "average", 
        "value": -0.038816220394335688
    }
}