{
    "Ar36": {
        "error": 0.00057433249411700381, 
        "fit": "parabolic", 
        "value": 0.022456804298959493
    }, 
    "Ar37": {
        "error": 0.018517583985170463, 
        "fit": "linear", 
        "value": 0.23464936000125106
    }, 
    "Ar38": {
        "error": 0.028532872366249837, 
        "fit": "linear", 
        "value": 0.47410390471002295
    }, 
    "Ar39": {
        "error": 0.040915416881731566, 
        "fit": "parabolic", 
        "value": 54.91025883750963
    }, 
    "Ar40": {
        "error": 0.18619723523007947, 
        "fit": "parabolic", 
        "value": 3560.0224938754891
    }, 
    "Ar41": {
        "error": 0.0080728101004294631, 
        "fit": "average", 
        "value": -0.01201307273877319
    }
}