{
    "Ar36": {
        "error": 0.0005177807440357356, 
        "fit": "parabolic", 
        "value": 0.02128682183596857
    }, 
    "Ar37": {
        "error": 0.018043176552908779, 
        "fit": "linear", 
        "value": 0.21987728689561148
    }, 
    "Ar38": {
        "error": 0.027707847509705053, 
        "fit": "linear", 
        "value": 0.33367023956290665
    }, 
    "Ar39": {
        "error": 0.042859759188984083, 
        "fit": "parabolic", 
        "value": 41.927276728795533
    }, 
    "Ar40": {
        "error": 0.15742234950235276, 
        "fit": "parabolic", 
        "value": 2717.9460113874975
    }, 
    "Ar41": {
        "error": 0.0079825926253076235, 
        "fit": "average", 
        "value": -0.035447255056700669
    }
}