{
    "Ar36": {
        "error": 0.00051339132219389394, 
        "fit": "parabolic", 
        "value": 0.021249248302994392
    }, 
    "Ar37": {
        "error": 0.019138687642358432, 
        "fit": "linear", 
        "value": 0.2010486822173348
    }, 
    "Ar38": {
        "error": 0.030780412704822641, 
        "fit": "linear", 
        "value": 0.25689239404051672
    }, 
    "Ar39": {
        "error": 0.037563588402932016, 
        "fit": "parabolic", 
        "value": 37.461800383745825
    }, 
    "Ar40": {
        "error": 0.15666824833384055, 
        "fit": "parabolic", 
        "value": 2432.7474908014055
    }, 
    "Ar41": {
        "error": 0.0079144098816664905, 
        "fit": "average", 
        "value": -0.030454284886596725
    }
}