{
    "Ar36": {
        "error": 0.00038995078609132898, 
        "fit": "parabolic", 
        "value": 0.012383052321025694
    }, 
    "Ar37": {
        "error": 0.017196966629360395, 
        "fit": "linear", 
        "value": 0.14862874059241837
    }, 
    "Ar38": {
        "error": 0.029439809289877258, 
        "fit": "linear", 
        "value": 0.1214018267234709
    }, 
    "Ar39": {
        "error": 0.036123269352632895, 
        "fit": "parabolic", 
        "value": 26.932085815070394
    }, 
    "Ar40": {
        "error": 0.126480443660308, 
        "fit": "parabolic", 
        "value": 1748.8779172722545
    }, 
    "Ar41": {
        "error": 0.0084469234592747782, 
        "fit": "average", 
        "value": -0.05261930252968159
    }
}