{
    "Ar36": {
        "error": 0.00034295536289419639, 
        "fit": "parabolic", 
        "value": 0.0079758306519192336
    }, 
    "Ar37": {
        "error": 0.017544285101610844, 
        "fit": "linear", 
        "value": 0.17705506764988829
    }, 
    "Ar38": {
        "error": 0.028728927130824294, 
        "fit": "linear", 
        "value": 0.10030662861728031
    }, 
    "Ar39": {
        "error": 0.033067260004175536, 
        "fit": "parabolic", 
        "value": 23.441424287213792
    }, 
    "Ar40": {
        "error": 0.11537255505460969, 
        "fit": "parabolic", 
        "value": 1522.5784876339171
    }, 
    "Ar41": {
        "error": 0.0071498025291836511, 
        "fit": "average", 
        "value": -0.049654708237387241
    }
}