{
    "Ar36": {
        "error": 0.0006518628695565907, 
        "fit": "parabolic", 
        "value": 0.033238409929186204
    }, 
    "Ar37": {
        "error": 0.018316064582541335, 
        "fit": "linear", 
        "value": 0.25457105998389684
    }, 
    "Ar38": {
        "error": 0.026826969169970766, 
        "fit": "linear", 
        "value": 0.58313208846475195
    }, 
    "Ar39": {
        "error": 0.041561604316312929, 
        "fit": "parabolic", 
        "value": 63.272666650728702
    }, 
    "Ar40": {
        "error": 0.20119814097900926, 
        "fit": "parabolic", 
        "value": 4105.732520324209
    }, 
    "Ar41": {
        "error": 0.0081875889652699967, 
        "fit": "average", 
        "value": 0.01203609369462356
    }
}