{
    "Ar36": {
        "error": 0.00048770240390288099, 
        "fit": "parabolic", 
        "value": 0.020837504563374423
    }, 
    "Ar37": {
        "error": 0.018003024239682947, 
        "fit": "linear", 
        "value": 0.17745098569868561
    }, 
    "Ar38": {
        "error": 0.028388273213945547, 
        "fit": "linear", 
        "value": 0.12283873691814867
    }, 
    "Ar39": {
        "error": 0.03371574668758591, 
        "fit": "parabolic", 
        "value": 24.948493423412074
    }, 
    "Ar40": {
        "error": 0.11695759645823546, 
        "fit": "parabolic", 
        "value": 1624.1860909632705
    }, 
    "Ar41": {
        "error": 0.0080751060810278271, 
        "fit": "average", 
        "value": -0.036933323744218795
    }
}