{
    "Ar36": {
        "error": 0.00044385405460230053, 
        "fit": "parabolic", 
        "value": 0.018010936364670709
    }, 
    "Ar37": {
        "error": 0.017882444639611143, 
        "fit": "linear", 
        "value": 0.17546649338326126
    }, 
    "Ar38": {
        "error": 0.026633313954404797, 
        "fit": "linear", 
        "value": 0.12358573543463784
    }, 
    "Ar39": {
        "error": 0.03613339810759237, 
        "fit": "parabolic", 
        "value": 23.954691073192837
    }, 
    "Ar40": {
        "error": 0.11506472551327747, 
        "fit": "parabolic", 
        "value": 1559.7247064026078
    }, 
    "Ar41": {
        "error": 0.0076177712874233496, 
        "fit": "average", 
        "value": -0.050183563007041812
    }
}