{
    "Ar36": {
        "error": 0.00039883779101662452, 
        "fit": "parabolic", 
        "value": 0.011439133656468904
    }, 
    "Ar37": {
        "error": 0.018401840256892444, 
        "fit": "linear", 
        "value": 0.14729972083125076
    }, 
    "Ar38": {
        "error": 0.028300978827826517, 
        "fit": "linear", 
        "value": 0.057652983404010247
    }, 
    "Ar39": {
        "error": 0.033533814450584072, 
        "fit": "parabolic", 
        "value": 16.905350495004484
    }, 
    "Ar40": {
        "error": 0.1054831880462655, 
        "fit": "parabolic", 
        "value": 1102.5118960417735
    }, 
    "Ar41": {
        "error": 0.0084186323887320783, 
        "fit": "average", 
        "value": -0.060738359085284174
    }
}