{
    "Ar36": {
        "error": 0.00036233241599997713, 
        "fit": "parabolic", 
        "value": 0.0082716984774624698
    }, 
    "Ar37": {
        "error": 0.01837883431258722, 
        "fit": "linear", 
        "value": 0.2123431086499033
    }, 
    "Ar38": {
        "error": 0.030864996209027589, 
        "fit": "linear", 
        "value": 0.21674078891423318
    }, 
    "Ar39": {
        "error": 0.033899295842043667, 
        "fit": "parabolic", 
        "value": 35.209885949563812
    }, 
    "Ar40": {
        "error": 0.14210420650417288, 
        "fit": "parabolic", 
        "value": 2286.035409837124
    }, 
    "Ar41": {
        "error": 0.0076399201666053915, 
        "fit": "average", 
        "value": -0.02270315405842848
    }
}