{
    "Ar36": {
        "error": 0.00042576124821596718, 
        "fit": "parabolic", 
        "value": 0.015600073935636161
    }, 
    "Ar37": {
        "error": 0.018319381922509825, 
        "fit": "linear", 
        "value": 0.18657036839685476
    }, 
    "Ar38": {
        "error": 0.03176600551950947, 
        "fit": "linear", 
        "value": 0.23480644581190746
    }, 
    "Ar39": {
        "error": 0.036265751227969947, 
        "fit": "parabolic", 
        "value": 32.036765462211214
    }, 
    "Ar40": {
        "error": 0.13351775906241831, 
        "fit": "parabolic", 
        "value": 2081.8949035633104
    }, 
    "Ar41": {
        "error": 0.0077677470834104523, 
        "fit": "average", 
        "value": -0.034697655058698727
    }
}