{
    "Ar36": {
        "error": 0.00037113750563589471, 
        "fit": "parabolic", 
        "value": 0.0083630036384082194
    }, 
    "Ar37": {
        "error": 0.016959830577122765, 
        "fit": "linear", 
        "value": 0.22032927052756018
    }, 
    "Ar38": {
        "error": 0.030825600378589384, 
        "fit": "linear", 
        "value": 0.30305626706795014
    }, 
    "Ar39": {
        "error": 0.037704189149372659, 
        "fit": "parabolic", 
        "value": 38.591718758545866
    }, 
    "Ar40": {
        "error": 0.16152726252709296, 
        "fit": "parabolic", 
        "value": 2499.6691002364778
    }, 
    "Ar41": {
        "error": 0.010942126809487087, 
        "fit": "average", 
        "value": 0.084646927918773138
    }
}