{
    "Ar36": {
        "error": 0.00072982499262872803, 
        "fit": "parabolic", 
        "value": 0.060331903395340974
    }, 
    "Ar37": {
        "error": 0.016865714259171494, 
        "fit": "linear", 
        "value": 0.28105276510288901
    }, 
    "Ar38": {
        "error": 0.027570362013747053, 
        "fit": "linear", 
        "value": 0.53529384422142701
    }, 
    "Ar39": {
        "error": 0.04160473694061731, 
        "fit": "parabolic", 
        "value": 59.5260475436273
    }, 
    "Ar40": {
        "error": 0.18574393009288481, 
        "fit": "parabolic", 
        "value": 3867.0268242656903
    }, 
    "Ar41": {
        "error": 0.0078548537451915371, 
        "fit": "average", 
        "value": 0.010617519957013427
    }
}