{
    "Ar36": {
        "error": 0.00039422625783770547, 
        "fit": "parabolic", 
        "value": 0.0054469927841826436
    }, 
    "Ar37": {
        "error": 0.019150501799691994, 
        "fit": "linear", 
        "value": 0.22515202361362238
    }, 
    "Ar38": {
        "error": 0.026809391795897898, 
        "fit": "linear", 
        "value": 0.36570781714985834
    }, 
    "Ar39": {
        "error": 0.039104730804760089, 
        "fit": "parabolic", 
        "value": 46.396559387954923
    }, 
    "Ar40": {
        "error": 0.18125512165756008, 
        "fit": "parabolic", 
        "value": 3006.2892436771172
    }, 
    "Ar41": {
        "error": 0.0080039349120170078, 
        "fit": "average", 
        "value": 0.26350357506051658
    }
}