{
    "Ar36": {
        "error": 0.00046195017366309761, 
        "fit": "parabolic", 
        "value": 0.01477296024863119
    }, 
    "Ar37": {
        "error": 0.019111732752744266, 
        "fit": "linear", 
        "value": 0.18716055708009968
    }, 
    "Ar38": {
        "error": 0.030694253462662795, 
        "fit": "linear", 
        "value": 0.21330653058712584
    }, 
    "Ar39": {
        "error": 0.037844717762376988, 
        "fit": "parabolic", 
        "value": 33.118442245923369
    }, 
    "Ar40": {
        "error": 0.13363039039865518, 
        "fit": "parabolic", 
        "value": 2151.4885701691555
    }, 
    "Ar41": {
        "error": 0.0074078844756184726, 
        "fit": "average", 
        "value": 0.2350983616001904
    }
}