{
    "Ar36": {
        "error": 0.00049062551988629402, 
        "fit": "parabolic", 
        "value": 0.021921098042952808
    }, 
    "Ar37": {
        "error": 0.017442587740499012, 
        "fit": "linear", 
        "value": 0.2069016642755605
    }, 
    "Ar38": {
        "error": 0.023816694420719525, 
        "fit": "linear", 
        "value": 0.21670789567266546
    }, 
    "Ar39": {
        "error": 0.039222418307939058, 
        "fit": "parabolic", 
        "value": 35.312639395973889
    }, 
    "Ar40": {
        "error": 0.14004660370128516, 
        "fit": "parabolic", 
        "value": 2293.4642512446208
    }, 
    "Ar41": {
        "error": 0.0073227861042493674, 
        "fit": "average", 
        "value": 0.25195558308809995
    }
}