{
    "Ar36": {
        "error": 0.00054308307976929466, 
        "fit": "parabolic", 
        "value": 0.02582259859576546
    }, 
    "Ar37": {
        "error": 0.018507338302329722, 
        "fit": "linear", 
        "value": 0.28085198997786259
    }, 
    "Ar38": {
        "error": 0.027181648267004012, 
        "fit": "linear", 
        "value": 0.5215191776743463
    }, 
    "Ar39": {
        "error": 0.041626503772025869, 
        "fit": "parabolic", 
        "value": 59.003642471633526
    }, 
    "Ar40": {
        "error": 0.2039377526760246, 
        "fit": "parabolic", 
        "value": 3821.8812017934729
    }, 
    "Ar41": {
        "error": 0.0074935999293386452, 
        "fit": "average", 
        "value": 0.27489172636717557
    }
}