{
    "Ar36": {
        "error": 0.00051414203670026738, 
        "fit": "parabolic", 
        "value": 0.025065355133515002
    }, 
    "Ar37": {
        "error": 0.020304036476536537, 
        "fit": "linear", 
        "value": 0.22593509252627347
    }, 
    "Ar38": {
        "error": 0.025888862856840899, 
        "fit": "linear", 
        "value": 0.23615875033325973
    }, 
    "Ar39": {
        "error": 0.035072368565813535, 
        "fit": "parabolic", 
        "value": 32.570481005046744
    }, 
    "Ar40": {
        "error": 0.14400748796081722, 
        "fit": "parabolic", 
        "value": 2117.7327903844566
    }, 
    "Ar41": {
        "error": 0.0079691647319440669, 
        "fit": "average", 
        "value": 0.23045562852919102
    }
}