{
    "Ar36": {
        "error": 0.002344937669387176, 
        "fit": "parabolic", 
        "value": 0.026046882055235223
    }, 
    "Ar37": {
        "error": 0.14010218458939303, 
        "fit": "linear", 
        "value": 0.09060145476965005
    }, 
    "Ar38": {
        "error": 0.17383170996821795, 
        "fit": "linear", 
        "value": 0.27753852905505844
    }, 
    "Ar39": {
        "error": 0.075205826962336464, 
        "fit": "parabolic", 
        "value": 27.373997603154933
    }, 
    "Ar40": {
        "error": 0.54267065089959166, 
        "fit": "parabolic", 
        "value": 1776.5468611291801
    }, 
    "Ar41": {
        "error": 0.12497996589030334, 
        "fit": "average_SEM", 
        "value": -0.27697812691330909
    }
}