{
    "Ar36": {
        "error": 0.0021435656538147919, 
        "fit": "parabolic", 
        "value": 0.024359668612135114
    }, 
    "Ar37": {
        "error": 0.14870291045390868, 
        "fit": "linear", 
        "value": 0.066277790890808874
    }, 
    "Ar38": {
        "error": 0.16841683726202022, 
        "fit": "linear", 
        "value": 0.20052798043997017
    }, 
    "Ar39": {
        "error": 0.074147429851782257, 
        "fit": "parabolic", 
        "value": 25.510096048241444
    }, 
    "Ar40": {
        "error": 0.4743371700149886, 
        "fit": "parabolic", 
        "value": 1656.2435173117915
    }, 
    "Ar41": {
        "error": 0.11926554545783792, 
        "fit": "average_SEM", 
        "value": -0.28387476966157554
    }
}