{
    "Ar36": {
        "error": 0.0022278189155044924, 
        "fit": "parabolic", 
        "value": 0.022258090448418248
    }, 
    "Ar37": {
        "error": 0.13143336951988135, 
        "fit": "linear", 
        "value": 0.11726982613470144
    }, 
    "Ar38": {
        "error": 0.15637462448894202, 
        "fit": "linear", 
        "value": 0.38145802353963976
    }, 
    "Ar39": {
        "error": 0.079654846351131542, 
        "fit": "parabolic", 
        "value": 36.076875043091967
    }, 
    "Ar40": {
        "error": 0.55011076143132143, 
        "fit": "parabolic", 
        "value": 2338.0796860174796
    }, 
    "Ar41": {
        "error": 0.12772466019631351, 
        "fit": "average_SEM", 
        "value": -0.25917688058316707
    }
}