{
    "Ar36": {
        "error": 0.0029604200270523656, 
        "fit": "parabolic", 
        "value": 0.056858797971269123
    }, 
    "Ar37": {
        "error": 0.13831624798349901, 
        "fit": "linear", 
        "value": 0.12076615016364876
    }, 
    "Ar38": {
        "error": 0.15684281112307621, 
        "fit": "linear", 
        "value": 0.62846502609315846
    }, 
    "Ar39": {
        "error": 0.08605371913726903, 
        "fit": "parabolic", 
        "value": 55.799766490349263
    }, 
    "Ar40": {
        "error": 0.76772085381730848, 
        "fit": "parabolic", 
        "value": 3627.4463658279565
    }, 
    "Ar41": {
        "error": 0.12819741317658689, 
        "fit": "average_SEM", 
        "value": -0.22471307419426739
    }
}