{
    "Ar36": {
        "error": 0.0021654891304325016, 
        "fit": "parabolic", 
        "value": 0.026692408389827879
    }, 
    "Ar37": {
        "error": 0.13550955954261604, 
        "fit": "linear", 
        "value": 0.11501949603894651
    }, 
    "Ar38": {
        "error": 0.16377651588395234, 
        "fit": "linear", 
        "value": 0.36218869013828137
    }, 
    "Ar39": {
        "error": 0.080128238453529399, 
        "fit": "parabolic", 
        "value": 37.232727777776446
    }, 
    "Ar40": {
        "error": 0.61739669545557641, 
        "fit": "parabolic", 
        "value": 2418.5164200186537
    }, 
    "Ar41": {
        "error": 0.13276331335430713, 
        "fit": "average_SEM", 
        "value": -0.25672964890673755
    }
}