{
    "Ar36": {
        "error": 0.0022838066492745224, 
        "fit": "parabolic", 
        "value": 0.023848578307708743
    }, 
    "Ar37": {
        "error": 0.14032067888534483, 
        "fit": "linear", 
        "value": 0.14220367157160635
    }, 
    "Ar38": {
        "error": 0.14253608758793235, 
        "fit": "linear", 
        "value": 0.51778335281257393
    }, 
    "Ar39": {
        "error": 0.080413123237424139, 
        "fit": "parabolic", 
        "value": 46.914598069770101
    }, 
    "Ar40": {
        "error": 0.76253608530776296, 
        "fit": "parabolic", 
        "value": 3051.1399542145805
    }, 
    "Ar41": {
        "error": 0.12828020522601721, 
        "fit": "average_SEM", 
        "value": -0.25006527737363649
    }
}