{
    "Ar36": {
        "error": 0.0020367752438867513, 
        "fit": "parabolic", 
        "value": 0.019378660504467911
    }, 
    "Ar37": {
        "error": 0.14663463799886772, 
        "fit": "linear", 
        "value": 0.12725424645084754
    }, 
    "Ar38": {
        "error": 0.15994078328512984, 
        "fit": "linear", 
        "value": 0.4549074270548199
    }, 
    "Ar39": {
        "error": 0.08234132835210578, 
        "fit": "parabolic", 
        "value": 44.618723200515063
    }, 
    "Ar40": {
        "error": 0.69975727455335501, 
        "fit": "parabolic", 
        "value": 2892.5992588504214
    }, 
    "Ar41": {
        "error": 0.12772993826545223, 
        "fit": "average_SEM", 
        "value": -0.24137004765868186
    }
}