{
    "Ar36": {
        "error": 0.0025597663433089509, 
        "fit": "parabolic", 
        "value": 0.029973444795459932
    }, 
    "Ar37": {
        "error": 0.14549350251696763, 
        "fit": "linear", 
        "value": 0.11724849886900809
    }, 
    "Ar38": {
        "error": 0.15860635589013888, 
        "fit": "linear", 
        "value": 0.27678609523727116
    }, 
    "Ar39": {
        "error": 0.073991103139090728, 
        "fit": "parabolic", 
        "value": 29.982430903141022
    }, 
    "Ar40": {
        "error": 0.52233044178588728, 
        "fit": "parabolic", 
        "value": 1950.7475510353438
    }, 
    "Ar41": {
        "error": 0.11995377736765303, 
        "fit": "average_SEM", 
        "value": -0.27135723753062485
    }
}