{
    "Ar36": {
        "error": 0.0030204853680671903, 
        "fit": "parabolic", 
        "value": 0.046420364953885913
    }, 
    "Ar37": {
        "error": 0.13277683258419948, 
        "fit": "linear", 
        "value": 0.15439613034006514
    }, 
    "Ar38": {
        "error": 0.15437142230356976, 
        "fit": "linear", 
        "value": 0.55791407046141528
    }, 
    "Ar39": {
        "error": 0.089668252727551703, 
        "fit": "parabolic", 
        "value": 50.645687069419907
    }, 
    "Ar40": {
        "error": 0.74822398694892656, 
        "fit": "parabolic", 
        "value": 3300.4187176288697
    }, 
    "Ar41": {
        "error": 0.12369896375291285, 
        "fit": "average_SEM", 
        "value": -0.24855914671719073
    }
}