{
    "Ar36": {
        "error": 0.0022095777382405515, 
        "fit": "parabolic", 
        "value": 0.024202393809845048
    }, 
    "Ar37": {
        "error": 0.1298324583131884, 
        "fit": "linear", 
        "value": 0.11704949653381325
    }, 
    "Ar38": {
        "error": 0.17188614563156607, 
        "fit": "linear", 
        "value": 0.25687842014540685
    }, 
    "Ar39": {
        "error": 0.079243124432381393, 
        "fit": "parabolic", 
        "value": 30.734129065671027
    }, 
    "Ar40": {
        "error": 0.61289819200260531, 
        "fit": "parabolic", 
        "value": 1997.9982957504699
    }, 
    "Ar41": {
        "error": 0.11966274080151366, 
        "fit": "average_SEM", 
        "value": -0.27133370118215683
    }
}