{
    "Ar36": {
        "error": 0.0024142588338435821, 
        "fit": "parabolic", 
        "value": 0.031066451280558634
    }, 
    "Ar37": {
        "error": 0.14254012940821698, 
        "fit": "linear", 
        "value": 0.10608791728867856
    }, 
    "Ar38": {
        "error": 0.16630891676678511, 
        "fit": "linear", 
        "value": 0.23749653609167515
    }, 
    "Ar39": {
        "error": 0.076155867735659827, 
        "fit": "parabolic", 
        "value": 30.40194618482936
    }, 
    "Ar40": {
        "error": 0.6033471826340121, 
        "fit": "parabolic", 
        "value": 1978.2159027541218
    }, 
    "Ar41": {
        "error": 0.12319768103450066, 
        "fit": "average_SEM", 
        "value": -0.2746506948620081
    }
}