{
    "Ar36": {
        "error": 0.0042291829859256143, 
        "fit": "parabolic", 
        "value": 0.11145499134546753
    }, 
    "Ar37": {
        "error": 0.12686350032343202, 
        "fit": "linear", 
        "value": 0.17898403165771049
    }, 
    "Ar38": {
        "error": 0.14928909482636163, 
        "fit": "linear", 
        "value": 0.8280350398917431
    }, 
    "Ar39": {
        "error": 0.098039368042147704, 
        "fit": "parabolic", 
        "value": 68.996356376655427
    }, 
    "Ar40": {
        "error": 0.86384133332971413, 
        "fit": "parabolic", 
        "value": 4505.3779132340369
    }, 
    "Ar41": {
        "error": 0.11343815809687957, 
        "fit": "average_SEM", 
        "value": -0.21676212744880469
    }
}