{
    "Ar36": {
        "error": 0.0029059954516832652, 
        "fit": "parabolic", 
        "value": 0.047896556195283324
    }, 
    "Ar37": {
        "error": 0.13936346578144143, 
        "fit": "linear", 
        "value": 0.13330860334108025
    }, 
    "Ar38": {
        "error": 0.1662894286753685, 
        "fit": "linear", 
        "value": 0.4021136630278983
    }, 
    "Ar39": {
        "error": 0.079036896201330933, 
        "fit": "parabolic", 
        "value": 38.513162177566869
    }, 
    "Ar40": {
        "error": 0.62327886152313161, 
        "fit": "parabolic", 
        "value": 2508.7883591362161
    }, 
    "Ar41": {
        "error": 0.13424315863625405, 
        "fit": "average_SEM", 
        "value": -0.25706883492972704
    }
}