{
    "Ar36": {
        "error": 0.0022549884616519275, 
        "fit": "parabolic", 
        "value": 0.025141878378718445
    }, 
    "Ar37": {
        "error": 0.135101457997757, 
        "fit": "linear", 
        "value": 0.11714645223994524
    }, 
    "Ar38": {
        "error": 0.15367357097627748, 
        "fit": "linear", 
        "value": 0.51550558912135447
    }, 
    "Ar39": {
        "error": 0.088509565543458152, 
        "fit": "parabolic", 
        "value": 47.158239670360445
    }, 
    "Ar40": {
        "error": 0.74209686063423841, 
        "fit": "parabolic", 
        "value": 3066.2055879570926
    }, 
    "Ar41": {
        "error": 0.11761169521957604, 
        "fit": "average_SEM", 
        "value": -0.24455081061460077
    }
}