{
    "Ar36": {
        "error": 0.002356224456965979, 
        "fit": "parabolic", 
        "value": 0.02522247314372119
    }, 
    "Ar37": {
        "error": 0.14659685200708866, 
        "fit": "linear", 
        "value": 0.17516157456181625
    }, 
    "Ar38": {
        "error": 0.14572862262593389, 
        "fit": "linear", 
        "value": 0.62907299290958452
    }, 
    "Ar39": {
        "error": 0.088576715783989485, 
        "fit": "parabolic", 
        "value": 52.824285536182984
    }, 
    "Ar40": {
        "error": 0.72493429871248916, 
        "fit": "parabolic", 
        "value": 3425.6723367265222
    }, 
    "Ar41": {
        "error": 0.11961203013717125, 
        "fit": "average_SEM", 
        "value": -0.23516536090616136
    }
}