{
    "Ar36": {
        "error": 0.0017649808589036175, 
        "fit": "parabolic", 
        "value": 0.013946660988741966
    }, 
    "Ar37": {
        "error": 0.13963201002312814, 
        "fit": "linear", 
        "value": 0.11520499928685533
    }, 
    "Ar38": {
        "error": 0.16659156118161189, 
        "fit": "linear", 
        "value": 0.36207267885559358
    }, 
    "Ar39": {
        "error": 0.079906148658921011, 
        "fit": "parabolic", 
        "value": 36.403476475245299
    }, 
    "Ar40": {
        "error": 0.58817407954445056, 
        "fit": "parabolic", 
        "value": 2362.0273895267865
    }, 
    "Ar41": {
        "error": 0.12867562360223347, 
        "fit": "average_SEM", 
        "value": -0.25459087801817804
    }
}