{
    "Ar36": {
        "error": 0.0021545713642571818, 
        "fit": "parabolic", 
        "value": 0.022009700185276572
    }, 
    "Ar37": {
        "error": 0.13234594022150536, 
        "fit": "linear", 
        "value": 0.11880675955840589
    }, 
    "Ar38": {
        "error": 0.16419594395934711, 
        "fit": "linear", 
        "value": 0.43417909221618478
    }, 
    "Ar39": {
        "error": 0.083566433482235608, 
        "fit": "parabolic", 
        "value": 40.326867994875499
    }, 
    "Ar40": {
        "error": 0.69103737816862787, 
        "fit": "parabolic", 
        "value": 2619.2541927842026
    }, 
    "Ar41": {
        "error": 0.12516885648250256, 
        "fit": "average_SEM", 
        "value": -0.26295904560759664
    }
}