{
    "Ar36": {
        "error": 0.0026992386466712843, 
        "fit": "parabolic", 
        "value": 0.037647285761639018
    }, 
    "Ar37": {
        "error": 0.12644041303286771, 
        "fit": "linear", 
        "value": 0.12402254711064709
    }, 
    "Ar38": {
        "error": 0.16090127745066796, 
        "fit": "linear", 
        "value": 0.49054278756609593
    }, 
    "Ar39": {
        "error": 0.08526234361673371, 
        "fit": "parabolic", 
        "value": 44.44678936268722
    }, 
    "Ar40": {
        "error": 0.67390214830201856, 
        "fit": "parabolic", 
        "value": 2885.0162740746955
    }, 
    "Ar41": {
        "error": 0.12562769397276333, 
        "fit": "average_SEM", 
        "value": -0.24439019718766211
    }
}