{
    "Ar36": {
        "error": 0.0016613129047319073, 
        "fit": "parabolic", 
        "value": 0.0097538885888944042
    }, 
    "Ar37": {
        "error": 0.13918039509914723, 
        "fit": "linear", 
        "value": 0.05423567619009334
    }, 
    "Ar38": {
        "error": 0.15411634024305385, 
        "fit": "linear", 
        "value": 0.17445205176475978
    }, 
    "Ar39": {
        "error": 0.078336026874322173, 
        "fit": "parabolic", 
        "value": 21.962756917839428
    }, 
    "Ar40": {
        "error": 0.51036367616638389, 
        "fit": "parabolic", 
        "value": 1424.3486813515426
    }, 
    "Ar41": {
        "error": 0.13348917291852005, 
        "fit": "average_SEM", 
        "value": -0.28490253838151691
    }
}