{
    "Ar36": {
        "error": 0.0019955390721291006, 
        "fit": "parabolic", 
        "value": 0.015594290001831067
    }, 
    "Ar37": {
        "error": 0.13412553007387323, 
        "fit": "linear", 
        "value": 0.1198209203676779
    }, 
    "Ar38": {
        "error": 0.16470154699714168, 
        "fit": "linear", 
        "value": 0.3902949050713847
    }, 
    "Ar39": {
        "error": 0.083752243772854021, 
        "fit": "parabolic", 
        "value": 38.281329610373831
    }, 
    "Ar40": {
        "error": 0.61014360981028115, 
        "fit": "parabolic", 
        "value": 2482.0034521122229
    }, 
    "Ar41": {
        "error": 0.12567657438115665, 
        "fit": "average_SEM", 
        "value": -0.27055891816876831
    }
}