{
    "Ar36": {
        "error": 0.0017832674984855775, 
        "fit": "parabolic", 
        "value": 0.013154153638591414
    }, 
    "Ar37": {
        "error": 0.14584303105779739, 
        "fit": "linear", 
        "value": 0.11233952327492019
    }, 
    "Ar38": {
        "error": 0.18271934685797481, 
        "fit": "linear", 
        "value": 0.34005240674455656
    }, 
    "Ar39": {
        "error": 0.083468932472566301, 
        "fit": "parabolic", 
        "value": 35.649480743347887
    }, 
    "Ar40": {
        "error": 0.57612096382181877, 
        "fit": "parabolic", 
        "value": 2310.2046384912319
    }, 
    "Ar41": {
        "error": 0.12402571352102511, 
        "fit": "average_SEM", 
        "value": -0.27747847877442838
    }
}