{
    "Ar36": {
        "error": 0.00061424922769320054, 
        "fit": "parabolic", 
        "value": 0.029534995612281519
    }, 
    "Ar37": {
        "error": 0.016954184986993411, 
        "fit": "linear", 
        "value": 0.15935971373298125
    }, 
    "Ar38": {
        "error": 0.02418210385209341, 
        "fit": "linear", 
        "value": 0.051191256038111525
    }, 
    "Ar39": {
        "error": 0.03348496384405323, 
        "fit": "parabolic", 
        "value": 19.829066343459271
    }, 
    "Ar40": {
        "error": 0.10875635582121841, 
        "fit": "parabolic", 
        "value": 1291.5491881256344
    }, 
    "Ar41": {
        "error": 0.008038376428656924, 
        "fit": "average", 
        "value": -0.045948362523922696
    }
}