{
    "Ar36": {
        "error": 0.00032933941338539807, 
        "fit": "parabolic", 
        "value": 0.0058815328303334158
    }, 
    "Ar37": {
        "error": 0.019657789549415248, 
        "fit": "linear", 
        "value": 0.18556160011584893
    }, 
    "Ar38": {
        "error": 0.024062316410017558, 
        "fit": "linear", 
        "value": 0.080451862165317259
    }, 
    "Ar39": {
        "error": 0.03352759773699851, 
        "fit": "parabolic", 
        "value": 22.780437151782539
    }, 
    "Ar40": {
        "error": 0.1151376587820966, 
        "fit": "parabolic", 
        "value": 1475.9423661091928
    }, 
    "Ar41": {
        "error": 0.0071343351489565523, 
        "fit": "average", 
        "value": 0.23286156948003917
    }
}