{
    "Ar36": {
        "error": 0.00038628352344874649, 
        "fit": "parabolic", 
        "value": 0.007627439231284814
    }, 
    "Ar37": {
        "error": 0.01758890993994577, 
        "fit": "linear", 
        "value": 0.2234603854469237
    }, 
    "Ar38": {
        "error": 0.026642790014470272, 
        "fit": "linear", 
        "value": 0.13526261893958511
    }, 
    "Ar39": {
        "error": 0.037179776558509653, 
        "fit": "parabolic", 
        "value": 30.741140865853097
    }, 
    "Ar40": {
        "error": 0.13085081294300602, 
        "fit": "parabolic", 
        "value": 1993.3435774840282
    }, 
    "Ar41": {
        "error": 0.0077091573251513628, 
        "fit": "average", 
        "value": -0.029132504533547036
    }
}