{
    "Ar36": {
        "error": 0.00042711230786183211, 
        "fit": "parabolic", 
        "value": 0.012201033868976613
    }, 
    "Ar37": {
        "error": 0.017883899576913331, 
        "fit": "linear", 
        "value": 0.23173584063168909
    }, 
    "Ar38": {
        "error": 0.027052271684189624, 
        "fit": "linear", 
        "value": 0.28186026255666646
    }, 
    "Ar39": {
        "error": 0.037885542627069231, 
        "fit": "parabolic", 
        "value": 38.799745657511636
    }, 
    "Ar40": {
        "error": 0.14651878924406947, 
        "fit": "parabolic", 
        "value": 2515.1274132125454
    }, 
    "Ar41": {
        "error": 0.0078158784355121455, 
        "fit": "average", 
        "value": 0.25949627268314363
    }
}