{
    "Ar36": {
        "error": 0.00034201221495932903, 
        "fit": "parabolic", 
        "value": 0.0040999611830031951
    }, 
    "Ar37": {
        "error": 0.018031125885403072, 
        "fit": "linear", 
        "value": 0.18991950813988218
    }, 
    "Ar38": {
        "error": 0.025800254464645993, 
        "fit": "linear", 
        "value": 0.15254271340878922
    }, 
    "Ar39": {
        "error": 0.032818128786237334, 
        "fit": "parabolic", 
        "value": 26.957512767284044
    }, 
    "Ar40": {
        "error": 0.12373936332322809, 
        "fit": "parabolic", 
        "value": 1745.8378842043567
    }, 
    "Ar41": {
        "error": 0.007844305479560474, 
        "fit": "average", 
        "value": -0.031733919558115303
    }
}