{
    "Ar36": {
        "error": 0.00047151396390154876, 
        "fit": "parabolic", 
        "value": 0.015248769002246516
    }, 
    "Ar37": {
        "error": 0.017739641910355021, 
        "fit": "linear", 
        "value": 0.27008211198831666
    }, 
    "Ar38": {
        "error": 0.027753118180268887, 
        "fit": "linear", 
        "value": 0.26191589061996257
    }, 
    "Ar39": {
        "error": 0.036250625712989704, 
        "fit": "parabolic", 
        "value": 35.672956617585143
    }, 
    "Ar40": {
        "error": 0.14034207004737709, 
        "fit": "parabolic", 
        "value": 2313.128398363875
    }, 
    "Ar41": {
        "error": 0.010362461166242173, 
        "fit": "average", 
        "value": 0.068540730411419643
    }
}