{
    "Ar36": {
        "error": 0.00043099247142758235, 
        "fit": "parabolic", 
        "value": 0.014006157648127191
    }, 
    "Ar37": {
        "error": 0.018351696892330283, 
        "fit": "linear", 
        "value": 0.17054415216459434
    }, 
    "Ar38": {
        "error": 0.025665602887403424, 
        "fit": "linear", 
        "value": 0.11694814522027408
    }, 
    "Ar39": {
        "error": 0.034463523173204155, 
        "fit": "parabolic", 
        "value": 28.763845568819271
    }, 
    "Ar40": {
        "error": 0.13327342914978249, 
        "fit": "parabolic", 
        "value": 1864.7543885530808
    }, 
    "Ar41": {
        "error": 0.0082571607093315791, 
        "fit": "average", 
        "value": 0.24532878141663969
    }
}