{
    "Ar36": {
        "error": 0.00042066571324122186, 
        "fit": "parabolic", 
        "value": 0.011379820755667848
    }, 
    "Ar37": {
        "error": 0.018593370294630686, 
        "fit": "linear", 
        "value": 0.2229264153836345
    }, 
    "Ar38": {
        "error": 0.027380514693158522, 
        "fit": "linear", 
        "value": 0.25131649790178351
    }, 
    "Ar39": {
        "error": 0.033218878662308562, 
        "fit": "parabolic", 
        "value": 36.104678137927053
    }, 
    "Ar40": {
        "error": 0.15362896713327934, 
        "fit": "parabolic", 
        "value": 2345.0728739965098
    }, 
    "Ar41": {
        "error": 0.0078366280799718, 
        "fit": "average", 
        "value": 0.24217236910387874
    }
}