{
    "Ar36": {
        "error": 0.00035057546892435014, 
        "fit": "parabolic", 
        "value": 0.0045837083526970076
    }, 
    "Ar37": {
        "error": 0.018253842930651416, 
        "fit": "linear", 
        "value": 0.23967864260278682
    }, 
    "Ar38": {
        "error": 0.025341734846276994, 
        "fit": "linear", 
        "value": 0.22268334167153908
    }, 
    "Ar39": {
        "error": 0.035465420455412185, 
        "fit": "parabolic", 
        "value": 35.656315482931426
    }, 
    "Ar40": {
        "error": 0.13645899952598414, 
        "fit": "parabolic", 
        "value": 2311.7183491443916
    }, 
    "Ar41": {
        "error": 0.0071642158153714516, 
        "fit": "average", 
        "value": 0.24178437401726843
    }
}