{
    "Ar36": {
        "error": 0.00049677788514655079, 
        "fit": "parabolic", 
        "value": 0.0169959665877315
    }, 
    "Ar37": {
        "error": 0.017476419121216471, 
        "fit": "linear", 
        "value": 0.24034450307290905
    }, 
    "Ar38": {
        "error": 0.025187224165669802, 
        "fit": "linear", 
        "value": 0.20983871201144
    }, 
    "Ar39": {
        "error": 0.037440093738506611, 
        "fit": "parabolic", 
        "value": 32.610880411585697
    }, 
    "Ar40": {
        "error": 0.13924502694749666, 
        "fit": "parabolic", 
        "value": 2116.4917418741206
    }, 
    "Ar41": {
        "error": 0.0080199119585966754, 
        "fit": "average", 
        "value": 0.23535950252274052
    }
}