{
    "Ar36": {
        "error": 0.00035533551716581795, 
        "fit": "parabolic", 
        "value": 0.0043581736577732646
    }, 
    "Ar37": {
        "error": 0.019854190313044615, 
        "fit": "linear", 
        "value": 0.19943165337831464
    }, 
    "Ar38": {
        "error": 0.026322599733239554, 
        "fit": "linear", 
        "value": 0.17465402320595758
    }, 
    "Ar39": {
        "error": 0.038354656247027948, 
        "fit": "parabolic", 
        "value": 29.688565172605291
    }, 
    "Ar40": {
        "error": 0.1378472140746404, 
        "fit": "parabolic", 
        "value": 1924.2765247819746
    }, 
    "Ar41": {
        "error": 0.0083651149536396966, 
        "fit": "average", 
        "value": 0.2311997391358018
    }
}