{
    "Ar36": {
        "error": 0.00031076937697629785, 
        "fit": "parabolic", 
        "value": 0.0078713162646923407
    }, 
    "Ar37": {
        "error": 0.018528153760905792, 
        "fit": "linear", 
        "value": 0.18684260685399587
    }, 
    "Ar38": {
        "error": 0.021032896058731702, 
        "fit": "linear", 
        "value": 0.077386874467235939
    }, 
    "Ar39": {
        "error": 0.035334996618697191, 
        "fit": "parabolic", 
        "value": 19.498377362473427
    }, 
    "Ar40": {
        "error": 0.099345048745603431, 
        "fit": "parabolic", 
        "value": 1266.7074394032666
    }, 
    "Ar41": {
        "error": 0.0079988974580051022, 
        "fit": "average", 
        "value": 0.21971263675065711
    }
}