{
    "Ar36": {
        "error": 0.00077443359940463491, 
        "fit": "parabolic", 
        "value": 0.06077805781684692
    }, 
    "Ar37": {
        "error": 0.016696473761866882, 
        "fit": "linear", 
        "value": 0.23796223370314362
    }, 
    "Ar38": {
        "error": 0.02638574647665631, 
        "fit": "linear", 
        "value": 0.28016481212052674
    }, 
    "Ar39": {
        "error": 0.03624135573164558, 
        "fit": "parabolic", 
        "value": 35.163480023338039
    }, 
    "Ar40": {
        "error": 0.13992132305623103, 
        "fit": "parabolic", 
        "value": 2300.9468241851318
    }, 
    "Ar41": {
        "error": 0.00853349635338581, 
        "fit": "average", 
        "value": 0.25204930003453047
    }
}