{
    "Ar36": {
        "error": 0.00034223692176093981, 
        "fit": "parabolic", 
        "value": 0.0053431916158611578
    }, 
    "Ar37": {
        "error": 0.019707356645755437, 
        "fit": "linear", 
        "value": 0.18842643248648805
    }, 
    "Ar38": {
        "error": 0.022599265730247467, 
        "fit": "linear", 
        "value": 0.12730204345194468
    }, 
    "Ar39": {
        "error": 0.03231981494067037, 
        "fit": "parabolic", 
        "value": 24.520954808493805
    }, 
    "Ar40": {
        "error": 0.109613156081715, 
        "fit": "parabolic", 
        "value": 1595.6346172705539
    }, 
    "Ar41": {
        "error": 0.0079777703120482626, 
        "fit": "average", 
        "value": 0.23332725379243494
    }
}