{
    "Ar36": {
        "error": 0.00032607835278780336, 
        "fit": "parabolic", 
        "value": 0.0051582782302717753
    }, 
    "Ar37": {
        "error": 0.01861120848703797, 
        "fit": "linear", 
        "value": 0.18290988463745486
    }, 
    "Ar38": {
        "error": 0.023006037808684196, 
        "fit": "linear", 
        "value": 0.07156087492054769
    }, 
    "Ar39": {
        "error": 0.033514669009038482, 
        "fit": "parabolic", 
        "value": 18.585449748107983
    }, 
    "Ar40": {
        "error": 0.1076236596365904, 
        "fit": "parabolic", 
        "value": 1205.9488158259257
    }, 
    "Ar41": {
        "error": 0.008270506562893961, 
        "fit": "average", 
        "value": -0.042359003053978085
    }
}