{
    "Ar36": {
        "error": 0.00027059552650859572, 
        "fit": "parabolic", 
        "value": 0.004548088106297336
    }, 
    "Ar37": {
        "error": 0.019563406280907393, 
        "fit": "linear", 
        "value": 0.16461186549797113
    }, 
    "Ar38": {
        "error": 0.02379617823262142, 
        "fit": "linear", 
        "value": 0.11859186747817818
    }, 
    "Ar39": {
        "error": 0.035078026327650551, 
        "fit": "parabolic", 
        "value": 19.746375242145632
    }, 
    "Ar40": {
        "error": 0.10908027143993301, 
        "fit": "parabolic", 
        "value": 1282.4781637597489
    }, 
    "Ar41": {
        "error": 0.0084191030143537862, 
        "fit": "average", 
        "value": -0.048678207281511274
    }
}