{
    "Ar36": {
        "error": 0.0003232919247925498, 
        "fit": "parabolic", 
        "value": 0.0051767507740617131
    }, 
    "Ar37": {
        "error": 0.017158373942953355, 
        "fit": "linear", 
        "value": 0.19354789844081041
    }, 
    "Ar38": {
        "error": 0.024806306888949178, 
        "fit": "linear", 
        "value": 0.13256512682339713
    }, 
    "Ar39": {
        "error": 0.036125008926227026, 
        "fit": "parabolic", 
        "value": 24.991573674325679
    }, 
    "Ar40": {
        "error": 0.11742098918660139, 
        "fit": "parabolic", 
        "value": 1623.7162235070155
    }, 
    "Ar41": {
        "error": 0.0080040563688995783, 
        "fit": "average", 
        "value": -0.038194010436069223
    }
}