{
    "Ar36": {
        "error": 0.00051631274101852898, 
        "fit": "parabolic", 
        "value": 0.022511611643645346
    }, 
    "Ar37": {
        "error": 0.018947147327926649, 
        "fit": "linear", 
        "value": 0.16653931421946633
    }, 
    "Ar38": {
        "error": 0.021010573699176562, 
        "fit": "linear", 
        "value": -0.01830437567095166
    }, 
    "Ar39": {
        "error": 0.032039563791072083, 
        "fit": "parabolic", 
        "value": 12.794451544920163
    }, 
    "Ar40": {
        "error": 0.083825084012464038, 
        "fit": "parabolic", 
        "value": 837.3811537813101
    }, 
    "Ar41": {
        "error": 0.0075428585780172013, 
        "fit": "average", 
        "value": -0.061730658051557842
    }
}