{
    "Ar36": {
        "error": 0.00029471709981533509, 
        "fit": "parabolic", 
        "value": 0.0059106460476569013
    }, 
    "Ar37": {
        "error": 0.016684651520661179, 
        "fit": "linear", 
        "value": 0.13746225518227115
    }, 
    "Ar38": {
        "error": 0.021250932494655282, 
        "fit": "linear", 
        "value": -0.0833534393427596
    }, 
    "Ar39": {
        "error": 0.031696426866564806, 
        "fit": "parabolic", 
        "value": 10.549992277337914
    }, 
    "Ar40": {
        "error": 0.076091987361715824, 
        "fit": "parabolic", 
        "value": 687.63235149107516
    }, 
    "Ar41": {
        "error": 0.0077596878522598646, 
        "fit": "average", 
        "value": -0.051167106780223549
    }
}