{
    "Ar36": {
        "error": 0.00039410333063318726, 
        "fit": "parabolic", 
        "value": 0.013385041307973192
    }, 
    "Ar37": {
        "error": 0.018647686612445216, 
        "fit": "linear", 
        "value": 0.19602478771999549
    }, 
    "Ar38": {
        "error": 0.025851399829931263, 
        "fit": "linear", 
        "value": 0.14673175864784205
    }, 
    "Ar39": {
        "error": 0.03546141126967127, 
        "fit": "parabolic", 
        "value": 24.641316433636266
    }, 
    "Ar40": {
        "error": 0.11899446953620081, 
        "fit": "parabolic", 
        "value": 1597.1837575764189
    }, 
    "Ar41": {
        "error": 0.0080408014210687963, 
        "fit": "average", 
        "value": -0.047015413723653185
    }
}