{
    "Ar36": {
        "error": 0.00061011367218453017, 
        "fit": "parabolic", 
        "value": 0.035029474920347872
    }, 
    "Ar37": {
        "error": 0.019119736300290121, 
        "fit": "linear", 
        "value": 0.14789398790645186
    }, 
    "Ar38": {
        "error": 0.02477939163781756, 
        "fit": "linear", 
        "value": 0.15577279796476068
    }, 
    "Ar39": {
        "error": 0.034408481607853127, 
        "fit": "parabolic", 
        "value": 27.323688599249014
    }, 
    "Ar40": {
        "error": 0.13438834607864664, 
        "fit": "parabolic", 
        "value": 1779.2524467674755
    }, 
    "Ar41": {
        "error": 0.0086360742028664984, 
        "fit": "average", 
        "value": -0.033376958062872289
    }
}