{
    "Ar36": {
        "error": 0.00047699823839655506, 
        "fit": "parabolic", 
        "value": 0.042591443726973544
    }, 
    "Ar37": {
        "error": 0.014570459251549329, 
        "fit": "linear", 
        "value": 0.068951733897001724
    }, 
    "Ar38": {
        "error": 0.024520564496983536, 
        "fit": "linear", 
        "value": 0.40684469699511661
    }, 
    "Ar39": {
        "error": 0.014274607468179714, 
        "fit": "parabolic", 
        "value": 41.807268478352853
    }, 
    "Ar40": {
        "error": 0.12099522477983891, 
        "fit": "parabolic", 
        "value": 2708.7651027774855
    }, 
    "Ar41": {
        "error": 0.0060817762849424313, 
        "fit": "average", 
        "value": -0.29518810586072503
    }
}