{
    "Ar36": {
        "error": 0.00039917601970590802, 
        "fit": "parabolic", 
        "value": 0.025541027096263796
    }, 
    "Ar37": {
        "error": 0.015031189451948609, 
        "fit": "linear", 
        "value": 0.042691871944370033
    }, 
    "Ar38": {
        "error": 0.02558088416947352, 
        "fit": "linear", 
        "value": 0.38486650479423501
    }, 
    "Ar39": {
        "error": 0.013951966256285796, 
        "fit": "parabolic", 
        "value": 43.575913309100542
    }, 
    "Ar40": {
        "error": 0.12649647634402558, 
        "fit": "parabolic", 
        "value": 2820.9879888887408
    }, 
    "Ar41": {
        "error": 0.0064379476890649616, 
        "fit": "average", 
        "value": -0.27647085128992333
    }
}