{
    "Ar36": {
        "error": 0.00037697333970647547, 
        "fit": "parabolic", 
        "value": 0.022538697735029152
    }, 
    "Ar37": {
        "error": 0.014447977323867621, 
        "fit": "linear", 
        "value": -0.017356877696915247
    }, 
    "Ar38": {
        "error": 0.02459068017584063, 
        "fit": "linear", 
        "value": 0.1919469527161555
    }, 
    "Ar39": {
        "error": 0.01241578434672027, 
        "fit": "parabolic", 
        "value": 29.355287682698179
    }, 
    "Ar40": {
        "error": 0.091174830359040629, 
        "fit": "parabolic", 
        "value": 1898.7676914550659
    }, 
    "Ar41": {
        "error": 0.0065683255831891791, 
        "fit": "average", 
        "value": -0.30577731731184032
    }
}