{
    "Ar36": {
        "error": 0.000407739286263482, 
        "fit": "parabolic", 
        "value": 0.029137337593434377
    }, 
    "Ar37": {
        "error": 0.014302245577706004, 
        "fit": "linear", 
        "value": 0.064339765174265484
    }, 
    "Ar38": {
        "error": 0.022905444904820747, 
        "fit": "linear", 
        "value": 0.47018090591688982
    }, 
    "Ar39": {
        "error": 0.014918222314683375, 
        "fit": "parabolic", 
        "value": 48.606380728515333
    }, 
    "Ar40": {
        "error": 0.12241955684893158, 
        "fit": "parabolic", 
        "value": 3139.8427433941497
    }, 
    "Ar41": {
        "error": 0.0061076675033855353, 
        "fit": "average", 
        "value": -0.26725232539232818
    }
}