{
    "Ar36": {
        "error": 0.00054642236561557652, 
        "fit": "parabolic", 
        "value": 0.055542741729601539
    }, 
    "Ar37": {
        "error": 0.013587841666473033, 
        "fit": "linear", 
        "value": 0.067530630445427731
    }, 
    "Ar38": {
        "error": 0.022112921318642186, 
        "fit": "linear", 
        "value": 0.53331671334731667
    }, 
    "Ar39": {
        "error": 0.01550454819372425, 
        "fit": "parabolic", 
        "value": 50.590376906032716
    }, 
    "Ar40": {
        "error": 0.12576396246891286, 
        "fit": "parabolic", 
        "value": 3281.7946638898457
    }, 
    "Ar41": {
        "error": 0.0065422278114105406, 
        "fit": "average", 
        "value": -0.27753227357286958
    }
}