{
    "Ar36": {
        "error": 0.00032163870247451168, 
        "fit": "parabolic", 
        "value": 0.015510125744398771
    }, 
    "Ar37": {
        "error": 0.014256110110603949, 
        "fit": "linear", 
        "value": 0.0084966659027780646
    }, 
    "Ar38": {
        "error": 0.022570063570353176, 
        "fit": "linear", 
        "value": 0.056976182036440864
    }, 
    "Ar39": {
        "error": 0.012032726482156813, 
        "fit": "parabolic", 
        "value": 20.161444943257678
    }, 
    "Ar40": {
        "error": 0.076187989907968962, 
        "fit": "parabolic", 
        "value": 1302.1208052974544
    }, 
    "Ar41": {
        "error": 0.0058523347777321016, 
        "fit": "average", 
        "value": -0.32374250526074322
    }
}