{
    "Ar36": {
        "error": 0.00045571537834547212, 
        "fit": "parabolic", 
        "value": 0.042074503063178927
    }, 
    "Ar37": {
        "error": 0.014393424831777971, 
        "fit": "linear", 
        "value": 0.034766099197424682
    }, 
    "Ar38": {
        "error": 0.023590869277468111, 
        "fit": "linear", 
        "value": 0.30807728259234524
    }, 
    "Ar39": {
        "error": 0.013733865999874433, 
        "fit": "parabolic", 
        "value": 36.934072790418867
    }, 
    "Ar40": {
        "error": 0.10821045345035137, 
        "fit": "parabolic", 
        "value": 2396.3787627567972
    }, 
    "Ar41": {
        "error": 0.006745216589682787, 
        "fit": "average", 
        "value": -0.050179545205428437
    }
}