{
    "Ar36": {
        "error": 0.00044490900983349221, 
        "fit": "parabolic", 
        "value": 0.02805718367363615
    }, 
    "Ar37": {
        "error": 0.014437194007200158, 
        "fit": "linear", 
        "value": 0.074155233202551352
    }, 
    "Ar38": {
        "error": 0.02214097644436468, 
        "fit": "linear", 
        "value": 0.41909529163155251
    }, 
    "Ar39": {
        "error": 0.01437455989980101, 
        "fit": "parabolic", 
        "value": 44.739244040133002
    }, 
    "Ar40": {
        "error": 0.11933203926996007, 
        "fit": "parabolic", 
        "value": 2900.6366434307165
    }, 
    "Ar41": {
        "error": 0.0065110841878960914, 
        "fit": "average", 
        "value": -0.019318172886414686
    }
}