{
    "Ar36": {
        "error": 0.00050497167731634526, 
        "fit": "parabolic", 
        "value": 0.045605866355517326
    }, 
    "Ar37": {
        "error": 0.014153486522186015, 
        "fit": "linear", 
        "value": 0.032681832190931508
    }, 
    "Ar38": {
        "error": 0.024209420024197299, 
        "fit": "linear", 
        "value": 0.2718876628033936
    }, 
    "Ar39": {
        "error": 0.013203411972818968, 
        "fit": "parabolic", 
        "value": 35.744842992077743
    }, 
    "Ar40": {
        "error": 0.10456661130037026, 
        "fit": "parabolic", 
        "value": 2318.7298076443767
    }, 
    "Ar41": {
        "error": 0.006344616770559937, 
        "fit": "average", 
        "value": -0.29925980197731405
    }
}