{
    "Ar36": {
        "error": 0.00035709407346475362, 
        "fit": "parabolic", 
        "value": 0.019132362150367954
    }, 
    "Ar37": {
        "error": 0.014329522543020506, 
        "fit": "linear", 
        "value": 0.019269260304174626
    }, 
    "Ar38": {
        "error": 0.022637207583431865, 
        "fit": "linear", 
        "value": 0.23706951394993142
    }, 
    "Ar39": {
        "error": 0.012828608996162316, 
        "fit": "parabolic", 
        "value": 31.103478082419194
    }, 
    "Ar40": {
        "error": 0.09666594490006207, 
        "fit": "parabolic", 
        "value": 2014.2906706956378
    }, 
    "Ar41": {
        "error": 0.006239953488418778, 
        "fit": "average", 
        "value": -0.31085378119489177
    }
}