{
    "Ar36": {
        "error": 0.00058724148218170381, 
        "fit": "parabolic", 
        "value": 0.075475824755215914
    }, 
    "Ar37": {
        "error": 0.013931869432160066, 
        "fit": "linear", 
        "value": 0.066417640786003845
    }, 
    "Ar38": {
        "error": 0.022527068030172771, 
        "fit": "linear", 
        "value": 0.33379626672701079
    }, 
    "Ar39": {
        "error": 0.01294713686272733, 
        "fit": "parabolic", 
        "value": 37.660957829734237
    }, 
    "Ar40": {
        "error": 0.10956820831234931, 
        "fit": "parabolic", 
        "value": 2456.2192965470549
    }, 
    "Ar41": {
        "error": 0.0062837284860681802, 
        "fit": "average", 
        "value": -0.27727742001414302
    }
}