{
    "Ar36": {
        "error": 0.00053304601526951885, 
        "fit": "parabolic", 
        "value": 0.05096178877894033
    }, 
    "Ar37": {
        "error": 0.014555900593264018, 
        "fit": "linear", 
        "value": 0.087948089989991582
    }, 
    "Ar38": {
        "error": 0.022759520826281646, 
        "fit": "linear", 
        "value": 0.2934651300483882
    }, 
    "Ar39": {
        "error": 0.013375835751649894, 
        "fit": "parabolic", 
        "value": 34.985317741112539
    }, 
    "Ar40": {
        "error": 0.10288908189694279, 
        "fit": "parabolic", 
        "value": 2277.1587008626684
    }, 
    "Ar41": {
        "error": 0.0063247283352073332, 
        "fit": "average", 
        "value": -0.28533628375385889
    }
}