{
    "Ar36": {
        "error": 0.00041358718386255087, 
        "fit": "parabolic", 
        "value": 0.020390892561682625
    }, 
    "Ar37": {
        "error": 0.014162154129536385, 
        "fit": "linear", 
        "value": 0.036138159193657843
    }, 
    "Ar38": {
        "error": 0.022057234904701475, 
        "fit": "linear", 
        "value": 0.28373780129864712
    }, 
    "Ar39": {
        "error": 0.013730699475336826, 
        "fit": "parabolic", 
        "value": 36.411938374110548
    }, 
    "Ar40": {
        "error": 0.10453954056859606, 
        "fit": "parabolic", 
        "value": 2367.1793547685529
    }, 
    "Ar41": {
        "error": 0.0068912885923804058, 
        "fit": "average", 
        "value": -0.2843103971099481
    }
}