{
    "Ar36": {
        "error": 0.00044004902827821281, 
        "fit": "parabolic", 
        "value": 0.031005361988256527
    }, 
    "Ar37": {
        "error": 0.014821838769772541, 
        "fit": "linear", 
        "value": 0.10566887403953654
    }, 
    "Ar38": {
        "error": 0.020005807252937893, 
        "fit": "linear", 
        "value": 0.57644395778549296
    }, 
    "Ar39": {
        "error": 0.013524168214408548, 
        "fit": "parabolic", 
        "value": 53.918034824997918
    }, 
    "Ar40": {
        "error": 0.13539617386487007, 
        "fit": "parabolic", 
        "value": 3503.1655861243476
    }, 
    "Ar41": {
        "error": 0.0063014858589667405, 
        "fit": "average", 
        "value": -0.24828179372998421
    }
}