{
    "Ar36": {
        "error": 0.00050292188827676782, 
        "fit": "parabolic", 
        "value": 0.039000285965016632
    }, 
    "Ar37": {
        "error": 0.01451035318436396, 
        "fit": "linear", 
        "value": 0.13205637891046335
    }, 
    "Ar38": {
        "error": 0.020068396011895192, 
        "fit": "linear", 
        "value": 0.75407750643800275
    }, 
    "Ar39": {
        "error": 0.015567807671161657, 
        "fit": "parabolic", 
        "value": 64.095549139770668
    }, 
    "Ar40": {
        "error": 0.14231441957878033, 
        "fit": "parabolic", 
        "value": 4166.6097712989213
    }, 
    "Ar41": {
        "error": 0.0064572908897417292, 
        "fit": "average", 
        "value": -0.24263156033528502
    }
}