{
    "Ar36": {
        "error": 0.00044856228113346628, 
        "fit": "parabolic", 
        "value": 0.033565789437809287
    }, 
    "Ar37": {
        "error": 0.014056160488290685, 
        "fit": "linear", 
        "value": 0.054626771693659287
    }, 
    "Ar38": {
        "error": 0.021691332489926229, 
        "fit": "linear", 
        "value": 0.25612360415778113
    }, 
    "Ar39": {
        "error": 0.013129532783379855, 
        "fit": "parabolic", 
        "value": 33.702103805443045
    }, 
    "Ar40": {
        "error": 0.10351197694166564, 
        "fit": "parabolic", 
        "value": 2189.6998496669803
    }, 
    "Ar41": {
        "error": 0.0061289238687022339, 
        "fit": "average", 
        "value": -0.27986783835687673
    }
}