{
    "Ar36": {
        "error": 0.00048202926952444305, 
        "fit": "parabolic", 
        "value": 0.030428335617147598
    }, 
    "Ar37": {
        "error": 0.014221364600063275, 
        "fit": "linear", 
        "value": 0.16586937761881423
    }, 
    "Ar38": {
        "error": 0.021220398485623133, 
        "fit": "linear", 
        "value": 0.67702496835734782
    }, 
    "Ar39": {
        "error": 0.015673200309140649, 
        "fit": "parabolic", 
        "value": 61.943187264898349
    }, 
    "Ar40": {
        "error": 0.1431519515088481, 
        "fit": "parabolic", 
        "value": 4012.7207644798236
    }, 
    "Ar41": {
        "error": 0.0061844624747563904, 
        "fit": "average", 
        "value": -0.24213185760192574
    }
}