{
    "Ar36": {
        "error": 0.00050529389241945266, 
        "fit": "parabolic", 
        "value": 0.045958567532927125
    }, 
    "Ar37": {
        "error": 0.015026771922376133, 
        "fit": "linear", 
        "value": 0.073438125522648057
    }, 
    "Ar38": {
        "error": 0.021904169028027869, 
        "fit": "linear", 
        "value": 0.15574587142852181
    }, 
    "Ar39": {
        "error": 0.012897389335935113, 
        "fit": "parabolic", 
        "value": 34.317494805207495
    }, 
    "Ar40": {
        "error": 0.097170101184679947, 
        "fit": "parabolic", 
        "value": 2238.2231213888945
    }, 
    "Ar41": {
        "error": 0.0065922204898272363, 
        "fit": "average", 
        "value": -0.27902817824156956
    }
}