{
    "Ar36": {
        "error": 0.00046582619183345843, 
        "fit": "parabolic", 
        "value": 0.039113170162307101
    }, 
    "Ar37": {
        "error": 0.014702484246465843, 
        "fit": "linear", 
        "value": 0.10336531687548531
    }, 
    "Ar38": {
        "error": 0.022659119860143379, 
        "fit": "linear", 
        "value": 0.39198232594431953
    }, 
    "Ar39": {
        "error": 0.013932189832066441, 
        "fit": "parabolic", 
        "value": 39.101137016722149
    }, 
    "Ar40": {
        "error": 0.10819491164096416, 
        "fit": "parabolic", 
        "value": 2547.222787023421
    }, 
    "Ar41": {
        "error": 0.0065295575324900009, 
        "fit": "average", 
        "value": 0.0012298693440970965
    }
}