{
    "Ar36": {
        "error": 0.00052235658156432195, 
        "fit": "parabolic", 
        "value": 0.047798985066086645
    }, 
    "Ar37": {
        "error": 0.014078291972540864, 
        "fit": "linear", 
        "value": 0.034884248122593178
    }, 
    "Ar38": {
        "error": 0.022234026900811717, 
        "fit": "linear", 
        "value": 0.17255330217316206
    }, 
    "Ar39": {
        "error": 0.012103615818607029, 
        "fit": "parabolic", 
        "value": 25.260437150304931
    }, 
    "Ar40": {
        "error": 0.09081005153858504, 
        "fit": "parabolic", 
        "value": 1648.8389854094003
    }, 
    "Ar41": {
        "error": 0.0062662445222690186, 
        "fit": "average", 
        "value": -0.020186733694863505
    }
}