{
    "Ar36": {
        "error": 0.00035714570723279637, 
        "fit": "parabolic", 
        "value": 0.02317988991988653
    }, 
    "Ar37": {
        "error": 0.015818230496644121, 
        "fit": "linear", 
        "value": 0.068384777546877912
    }, 
    "Ar38": {
        "error": 0.020787023097386077, 
        "fit": "linear", 
        "value": 0.040405908854956651
    }, 
    "Ar39": {
        "error": 0.01203333210133386, 
        "fit": "parabolic", 
        "value": 15.727967939417153
    }, 
    "Ar40": {
        "error": 0.065368549143422772, 
        "fit": "parabolic", 
        "value": 1025.8401024978275
    }, 
    "Ar41": {
        "error": 0.0064096107466143472, 
        "fit": "average", 
        "value": -0.02964266016628244
    }
}