{
    "Ar36": {
        "error": 0.00054043974354467221, 
        "fit": "parabolic", 
        "value": 0.044560747821308769
    }, 
    "Ar37": {
        "error": 0.015088724779624672, 
        "fit": "linear", 
        "value": 0.11165813154567608
    }, 
    "Ar38": {
        "error": 0.023016478081184625, 
        "fit": "linear", 
        "value": 0.41376275047220235
    }, 
    "Ar39": {
        "error": 0.013706403284518675, 
        "fit": "parabolic", 
        "value": 39.861641663017146
    }, 
    "Ar40": {
        "error": 0.11907144852710587, 
        "fit": "parabolic", 
        "value": 2591.6002205738405
    }, 
    "Ar41": {
        "error": 0.0063300824134096606, 
        "fit": "average", 
        "value": 0.010936953948694282
    }
}