{
    "Ar36": {
        "error": 0.00050296970272876833, 
        "fit": "parabolic", 
        "value": 0.0504092535338901
    }, 
    "Ar37": {
        "error": 0.013568749341367524, 
        "fit": "linear", 
        "value": 0.072682596836023183
    }, 
    "Ar38": {
        "error": 0.023198694692322143, 
        "fit": "linear", 
        "value": 0.17329587627459442
    }, 
    "Ar39": {
        "error": 0.011885015250001586, 
        "fit": "parabolic", 
        "value": 23.767136746050358
    }, 
    "Ar40": {
        "error": 0.091685865336335215, 
        "fit": "parabolic", 
        "value": 1551.879121559512
    }, 
    "Ar41": {
        "error": 0.0058087002550597363, 
        "fit": "average", 
        "value": -0.014240989600511966
    }
}