{
    "Ar36": {
        "error": 0.00079019356589888289, 
        "fit": "parabolic", 
        "value": 0.12990180542881885
    }, 
    "Ar37": {
        "error": 0.013719615388891554, 
        "fit": "linear", 
        "value": 0.19748261057239747
    }, 
    "Ar38": {
        "error": 0.020962893563006488, 
        "fit": "linear", 
        "value": 0.6959967812360901
    }, 
    "Ar39": {
        "error": 0.014420272034635515, 
        "fit": "parabolic", 
        "value": 59.532586191227509
    }, 
    "Ar40": {
        "error": 0.14507875374676468, 
        "fit": "parabolic", 
        "value": 3883.6560191962126
    }, 
    "Ar41": {
        "error": 0.0060819617644261668, 
        "fit": "average", 
        "value": 0.021465836003917504
    }
}