{
    "Ar36": {
        "error": 0.00058281651144104414, 
        "fit": "parabolic", 
        "value": 0.058653827275266177
    }, 
    "Ar37": {
        "error": 0.014361466852502461, 
        "fit": "linear", 
        "value": 0.14589627401956781
    }, 
    "Ar38": {
        "error": 0.02282964271626477, 
        "fit": "linear", 
        "value": 0.38485660367523961
    }, 
    "Ar39": {
        "error": 0.014464479607655902, 
        "fit": "parabolic", 
        "value": 38.021488730437412
    }, 
    "Ar40": {
        "error": 0.11711281515790037, 
        "fit": "parabolic", 
        "value": 2474.5756867179534
    }, 
    "Ar41": {
        "error": 0.0062943285613340678, 
        "fit": "average", 
        "value": 0.00073659567413415057
    }
}