{
    "Ar36": {
        "error": 0.00068749748121859364, 
        "fit": "parabolic", 
        "value": 0.090551733856671868
    }, 
    "Ar37": {
        "error": 0.01524647199738559, 
        "fit": "linear", 
        "value": 0.11752379957912845
    }, 
    "Ar38": {
        "error": 0.023202161087684098, 
        "fit": "linear", 
        "value": 0.4103509534516383
    }, 
    "Ar39": {
        "error": 0.014760059275650253, 
        "fit": "parabolic", 
        "value": 39.705124083755244
    }, 
    "Ar40": {
        "error": 0.11380616078884143, 
        "fit": "parabolic", 
        "value": 2592.4514045356136
    }, 
    "Ar41": {
        "error": 0.0065149581002021187, 
        "fit": "average", 
        "value": 0.0093086787466018003
    }
}