{
    "Ar36": {
        "error": 0.00070594102963288043, 
        "fit": "parabolic", 
        "value": 0.098107797787875969
    }, 
    "Ar37": {
        "error": 0.014993196213081521, 
        "fit": "linear", 
        "value": 0.13786090829185113
    }, 
    "Ar38": {
        "error": 0.021164509456329188, 
        "fit": "linear", 
        "value": 0.49239078116703849
    }, 
    "Ar39": {
        "error": 0.015088576153122035, 
        "fit": "parabolic", 
        "value": 44.792211538734577
    }, 
    "Ar40": {
        "error": 0.12305205669172674, 
        "fit": "parabolic", 
        "value": 2925.3623012419994
    }, 
    "Ar41": {
        "error": 0.0062352885024477313, 
        "fit": "average", 
        "value": 0.0062292692912888012
    }
}