{
    "Ar36": {
        "error": 0.00050679436582536563, 
        "fit": "parabolic", 
        "value": 0.0463842374193425
    }, 
    "Ar37": {
        "error": 0.014784739992246995, 
        "fit": "linear", 
        "value": 0.13334058359253104
    }, 
    "Ar38": {
        "error": 0.020427364579095643, 
        "fit": "linear", 
        "value": 0.59868392903968803
    }, 
    "Ar39": {
        "error": 0.015014207489806876, 
        "fit": "parabolic", 
        "value": 53.590106820273249
    }, 
    "Ar40": {
        "error": 0.13292050228081584, 
        "fit": "parabolic", 
        "value": 3476.760051751296
    }, 
    "Ar41": {
        "error": 0.0063516582632400249, 
        "fit": "average", 
        "value": 0.027974324279202847
    }
}