{
    "Ar36": {
        "error": 0.00088817768417518805, 
        "fit": "parabolic", 
        "value": 0.17127611202073853
    }, 
    "Ar37": {
        "error": 0.014122692360398394, 
        "fit": "linear", 
        "value": 0.10260923797162713
    }, 
    "Ar38": {
        "error": 0.023620435192128298, 
        "fit": "linear", 
        "value": 0.28213894032498721
    }, 
    "Ar39": {
        "error": 0.014426608044353306, 
        "fit": "parabolic", 
        "value": 31.753308112369474
    }, 
    "Ar40": {
        "error": 0.10593521509858769, 
        "fit": "parabolic", 
        "value": 2103.0345170345749
    }, 
    "Ar41": {
        "error": 0.0061594595230545623, 
        "fit": "average", 
        "value": 0.0046111349591319599
    }
}