{
    "Ar36": {
        "error": 0.00053848268718117542, 
        "fit": "parabolic", 
        "value": 0.056187809057645088
    }, 
    "Ar37": {
        "error": 0.015949676489075349, 
        "fit": "linear", 
        "value": 0.090895023836321809
    }, 
    "Ar38": {
        "error": 0.024241609693410878, 
        "fit": "linear", 
        "value": 0.23724695069539789
    }, 
    "Ar39": {
        "error": 0.01242660226284719, 
        "fit": "parabolic", 
        "value": 27.620784324785284
    }, 
    "Ar40": {
        "error": 0.093216043971648635, 
        "fit": "parabolic", 
        "value": 1802.2672515938498
    }, 
    "Ar41": {
        "error": 0.0062832877658341793, 
        "fit": "average", 
        "value": -0.0056947498179215471
    }
}