{
    "Ar36": {
        "error": 0.00065729117139016221, 
        "fit": "parabolic", 
        "value": 0.086492857492420805
    }, 
    "Ar37": {
        "error": 0.013558733483265487, 
        "fit": "linear", 
        "value": 0.13190774818298226
    }, 
    "Ar38": {
        "error": 0.023078844755841953, 
        "fit": "linear", 
        "value": 0.43490277284676321
    }, 
    "Ar39": {
        "error": 0.01283657454989654, 
        "fit": "parabolic", 
        "value": 41.146265591791646
    }, 
    "Ar40": {
        "error": 0.11647893127765833, 
        "fit": "parabolic", 
        "value": 2684.323369759868
    }, 
    "Ar41": {
        "error": 0.0062931698880761945, 
        "fit": "average", 
        "value": 0.0073534871307947471
    }
}