{
    "Ar36": {
        "error": 0.00060720405777588225, 
        "fit": "parabolic", 
        "value": 0.072520415551105777
    }, 
    "Ar37": {
        "error": 0.015455112002792978, 
        "fit": "linear", 
        "value": 0.12424273830809701
    }, 
    "Ar38": {
        "error": 0.02194025587992832, 
        "fit": "linear", 
        "value": 0.56564115398355663
    }, 
    "Ar39": {
        "error": 0.014451047259878901, 
        "fit": "parabolic", 
        "value": 48.078248149804239
    }, 
    "Ar40": {
        "error": 0.12386259867535912, 
        "fit": "parabolic", 
        "value": 3122.7792342763523
    }, 
    "Ar41": {
        "error": 0.0065358398125143413, 
        "fit": "average", 
        "value": 0.01507733079677564
    }
}