{
    "Ar36": {
        "error": 0.0006168736184054282, 
        "fit": "parabolic", 
        "value": 0.070463949036195322
    }, 
    "Ar37": {
        "error": 0.015118045337245034, 
        "fit": "linear", 
        "value": 0.11875185421370665
    }, 
    "Ar38": {
        "error": 0.019676186885368211, 
        "fit": "linear", 
        "value": 0.656501525835538
    }, 
    "Ar39": {
        "error": 0.015543313980216796, 
        "fit": "parabolic", 
        "value": 57.425122190692136
    }, 
    "Ar40": {
        "error": 0.13777170816412529, 
        "fit": "parabolic", 
        "value": 3724.6624802265978
    }, 
    "Ar41": {
        "error": 0.0061326610256261394, 
        "fit": "average", 
        "value": 0.020578643474727869
    }
}