{
    "Ar36": {
        "error": 0.00068012489705280416, 
        "fit": "parabolic", 
        "value": 0.086169644489116959
    }, 
    "Ar37": {
        "error": 0.014325451229214005, 
        "fit": "linear", 
        "value": 0.20402869171580307
    }, 
    "Ar38": {
        "error": 0.020621942357993875, 
        "fit": "linear", 
        "value": 0.88346861270768251
    }, 
    "Ar39": {
        "error": 0.016028034772246458, 
        "fit": "parabolic", 
        "value": 72.661812190118482
    }, 
    "Ar40": {
        "error": 0.15967089094662032, 
        "fit": "parabolic", 
        "value": 4711.9882785969949
    }, 
    "Ar41": {
        "error": 0.0061181105804197413, 
        "fit": "average", 
        "value": 0.046860465147328799
    }
}