{
    "Ar36": {
        "error": 0.00038839853627670591, 
        "fit": "parabolic", 
        "value": 0.014265270500294868
    }, 
    "Ar37": {
        "error": 0.013186353008160616, 
        "fit": "linear", 
        "value": 0.11284008224352593
    }, 
    "Ar38": {
        "error": 0.022344947977375386, 
        "fit": "linear", 
        "value": 0.46659893996537938
    }, 
    "Ar39": {
        "error": 0.014582164570848755, 
        "fit": "parabolic", 
        "value": 46.510753917091023
    }, 
    "Ar40": {
        "error": 0.11316570836519227, 
        "fit": "parabolic", 
        "value": 3004.5534265710448
    }, 
    "Ar41": {
        "error": 0.0063052719660606372, 
        "fit": "average", 
        "value": 0.012334926896473917
    }
}