{
    "AX": {
        "error": 0.011342812805542769, 
        "fit": "average", 
        "value": -0.059743421943691526
    }, 
    "CDD": {
        "error": 1.7931297770118078e-06, 
        "fit": "average", 
        "value": 2.5465909857302903e-06
    }, 
    "H1": {
        "error": 0.01262987073506105, 
        "fit": "average", 
        "value": -0.030676312781482314
    }, 
    "H2": {
        "error": 0.010400480949954742, 
        "fit": "average", 
        "value": -0.11027912915257426
    }, 
    "L1": {
        "error": 0.012073848220534845, 
        "fit": "average", 
        "value": -0.20344149521746052
    }, 
    "L2": {
        "error": 0.011550407543562808, 
        "fit": "average", 
        "value": 0.054127807286567985
    }
}