{
    "AX": {
        "error": 0.061125086266406205, 
        "fit": "average_SEM", 
        "value": -0.03318396759738486
    }, 
    "CDD": {
        "error": 3.402583532384326e-05, 
        "fit": "average_SEM", 
        "value": 7.773468678351491e-06
    }, 
    "H1": {
        "error": 0.11429349510732037, 
        "fit": "average_SEM", 
        "value": 0.0002877678838558495
    }, 
    "H2": {
        "error": 0.11864119755525178, 
        "fit": "average_SEM", 
        "value": -0.029517043529388807
    }, 
    "L1": {
        "error": 0.1346973589347152, 
        "fit": "average_SEM", 
        "value": -0.14596084823133423
    }, 
    "L2": {
        "error": 0.13287849715254987, 
        "fit": "average_SEM", 
        "value": -0.11929591086227447
    }
}