{
    "AX": {
        "error": 0.0103418633435898, 
        "fit": "average", 
        "value": -0.06296259183630658
    }, 
    "CDD": {
        "error": 3.2827965084757367e-06, 
        "fit": "average", 
        "value": 8.913068450056017e-06
    }, 
    "H1": {
        "error": 0.012014302081220259, 
        "fit": "average", 
        "value": 0.07000284683114538
    }, 
    "H2": {
        "error": 0.009402758350718295, 
        "fit": "average", 
        "value": -0.07404930871465089
    }, 
    "L1": {
        "error": 0.013634283841256483, 
        "fit": "average", 
        "value": -0.165282938342231
    }, 
    "L2": {
        "error": 0.011207221446097365, 
        "fit": "average", 
        "value": 0.09790646934840576
    }
}