{
    "AX": {
        "error": 0.005918238198998627, 
        "fit": "average", 
        "value": 0.0009111410773281629
    }, 
    "CDD": {
        "error": 2.219603019292814e-06, 
        "fit": "average", 
        "value": 3.87718464480713e-06
    }, 
    "H1": {
        "error": 0.011444818349619006, 
        "fit": "average", 
        "value": -0.0169999437542477
    }, 
    "H2": {
        "error": 0.0124111652917173, 
        "fit": "average", 
        "value": -0.3204338500082182
    }, 
    "L1": {
        "error": 0.01703953068444296, 
        "fit": "average", 
        "value": -0.11541694284339125
    }, 
    "L2": {
        "error": 0.01134550237660415, 
        "fit": "average", 
        "value": -0.027401120980114987
    }
}