{
    "AX": {
        "error": 0.00906630524496386, 
        "fit": "average", 
        "value": -0.05933396267082252
    }, 
    "CDD": {
        "error": 0.0, 
        "fit": "average", 
        "value": 0.0
    }, 
    "H1": {
        "error": 0.009320142387891578, 
        "fit": "average", 
        "value": 0.018139591702235353
    }, 
    "H2": {
        "error": 0.011091680390594603, 
        "fit": "average", 
        "value": -0.12060895576748726
    }, 
    "L1": {
        "error": 0.01105636636299889, 
        "fit": "average", 
        "value": -0.20006419013699758
    }, 
    "L2": {
        "error": 0.010554891513094035, 
        "fit": "average", 
        "value": 0.06509718173414324
    }
}