{
    "AX": {
        "error": 0.00898363321004812, 
        "fit": "average", 
        "value": -0.06843037077524058
    }, 
    "CDD": {
        "error": 4.108576467017947e-06, 
        "fit": "average", 
        "value": 1.1459659435786308e-05
    }, 
    "H1": {
        "error": 0.012207058787378836, 
        "fit": "average", 
        "value": 0.03149281613295898
    }, 
    "H2": {
        "error": 0.012825723860735144, 
        "fit": "average", 
        "value": -0.0991749786885824
    }, 
    "L1": {
        "error": 0.010264811861313276, 
        "fit": "average", 
        "value": -0.17650395557284354
    }, 
    "L2": {
        "error": 0.011374439275280647, 
        "fit": "average", 
        "value": 0.08122500660053143
    }
}