{
    "AX": {
        "error": 0.00780974574075584, 
        "fit": "average", 
        "value": -0.04887516689486802
    }, 
    "CDD": {
        "error": 1.7931297770118074e-06, 
        "fit": "average", 
        "value": 2.5465909857302903e-06
    }, 
    "H1": {
        "error": 0.01155337746310146, 
        "fit": "average", 
        "value": 0.0022711160735828647
    }, 
    "H2": {
        "error": 0.010428772605505185, 
        "fit": "average", 
        "value": 0.1749431467188212
    }, 
    "L1": {
        "error": 0.01565644905916128, 
        "fit": "average", 
        "value": -0.1791136514977552
    }, 
    "L2": {
        "error": 0.012186665630069506, 
        "fit": "average", 
        "value": 0.09640995090691527
    }
}