{
    "AX": {
        "error": 0.05239250158900442, 
        "fit": "average_SEM", 
        "value": -0.01819471358709658
    }, 
    "CDD": {
        "error": 3.9874786325656645e-05, 
        "fit": "average_SEM", 
        "value": 5.169579526409507e-06
    }, 
    "H1": {
        "error": 0.11924413149550571, 
        "fit": "average_SEM", 
        "value": 0.02097062762186397
    }, 
    "H2": {
        "error": 0.12734004653564926, 
        "fit": "average_SEM", 
        "value": -0.3256997946416959
    }, 
    "L1": {
        "error": 0.16118074247319392, 
        "fit": "average_SEM", 
        "value": -0.1072440144943054
    }, 
    "L2": {
        "error": 0.11930823869267254, 
        "fit": "average_SEM", 
        "value": 0.019532381164996573
    }
}