{
    "AX": {
        "error": 0.011129370809554348, 
        "fit": "average", 
        "value": -0.05635271751889377
    }, 
    "CDD": {
        "error": 2.798914573509482e-06, 
        "fit": "average", 
        "value": 6.366477464325726e-06
    }, 
    "H1": {
        "error": 0.011321956541064609, 
        "fit": "average", 
        "value": -0.028557496496553845
    }, 
    "H2": {
        "error": 0.010835759643257791, 
        "fit": "average", 
        "value": -0.09606725207607572
    }, 
    "L1": {
        "error": 0.015176260688343721, 
        "fit": "average", 
        "value": -0.20281638056815912
    }, 
    "L2": {
        "error": 0.013230279357172633, 
        "fit": "average", 
        "value": 0.05183575733875235
    }
}