{
    "AX": {
        "error": 0.0052636716126793735, 
        "fit": "average", 
        "value": -0.004485047006649741
    }, 
    "CDD": {
        "error": 2.5520004048831005e-06, 
        "fit": "average", 
        "value": 5.169579526409507e-06
    }, 
    "H1": {
        "error": 0.012065309031502013, 
        "fit": "average", 
        "value": -0.036425276668766556
    }, 
    "H2": {
        "error": 0.012263581706552765, 
        "fit": "average", 
        "value": -0.31195559532303985
    }, 
    "L1": {
        "error": 0.017883585466502837, 
        "fit": "average", 
        "value": -0.23920570548507386
    }, 
    "L2": {
        "error": 0.011000418762150506, 
        "fit": "average", 
        "value": -0.03590282557391523
    }
}