{
    "AX": {
        "error": 0.010843579071263956, 
        "fit": "average", 
        "value": -0.047317068243864925
    }, 
    "CDD": {
        "error": 4.041711524024729e-06, 
        "fit": "average", 
        "value": 1.4006250421516597e-05
    }, 
    "H1": {
        "error": 0.012116400428458884, 
        "fit": "average", 
        "value": 0.024808005759647738
    }, 
    "H2": {
        "error": 0.012189530197646504, 
        "fit": "average", 
        "value": -0.09262396289753573
    }, 
    "L1": {
        "error": 0.015309581703481175, 
        "fit": "average", 
        "value": -0.17323854629842875
    }, 
    "L2": {
        "error": 0.010595022825684428, 
        "fit": "average", 
        "value": 0.06574761814226804
    }
}