{
    "AX": {
        "error": 0.01082973073358362, 
        "fit": "average", 
        "value": -0.06799623386856789
    }, 
    "CDD": {
        "error": 1.2732954928651454e-06, 
        "fit": "average", 
        "value": 1.2732954928651452e-06
    }, 
    "H1": {
        "error": 0.01060888055578277, 
        "fit": "average", 
        "value": -0.02413067108160855
    }, 
    "H2": {
        "error": 0.012641231346419198, 
        "fit": "average", 
        "value": -0.09245957993261981
    }, 
    "L1": {
        "error": 0.013212976910931148, 
        "fit": "average", 
        "value": -0.22555160567038304
    }, 
    "L2": {
        "error": 0.013259959755509526, 
        "fit": "average", 
        "value": 0.054473904664822236
    }
}