{
    "AX": {
        "error": 0.009848909489269121, 
        "fit": "average", 
        "value": -0.04707984454580583
    }, 
    "CDD": {
        "error": 2.1868010780972214e-06, 
        "fit": "average", 
        "value": 3.819886478595435e-06
    }, 
    "H1": {
        "error": 0.010439135684196271, 
        "fit": "average", 
        "value": -0.022337676835983682
    }, 
    "H2": {
        "error": 0.011124153592301584, 
        "fit": "average", 
        "value": -0.10888391726572687
    }, 
    "L1": {
        "error": 0.01472764311673704, 
        "fit": "average", 
        "value": -0.21976184988646613
    }, 
    "L2": {
        "error": 0.011704878813848385, 
        "fit": "average", 
        "value": 0.045018689181112376
    }
}