{
    "AX": {
        "error": 0.007156647005785549, 
        "fit": "average", 
        "value": -0.050852221157821315
    }, 
    "CDD": {
        "error": 0.0, 
        "fit": "average", 
        "value": 0.0
    }, 
    "H1": {
        "error": 0.008391674119041778, 
        "fit": "average", 
        "value": 0.0007827996062032417
    }, 
    "H2": {
        "error": 0.010694433371008855, 
        "fit": "average", 
        "value": -0.08801521435582443
    }, 
    "L1": {
        "error": 0.011248789782992562, 
        "fit": "average", 
        "value": -0.19333600703669762
    }, 
    "L2": {
        "error": 0.009577093594241507, 
        "fit": "average", 
        "value": 0.06844590643785246
    }
}