{
    "AX": {
        "error": 0.00999000319120974, 
        "fit": "average", 
        "value": -0.05674604927383674
    }, 
    "CDD": {
        "error": 3.05269750654722e-06, 
        "fit": "average", 
        "value": 7.63977295719087e-06
    }, 
    "H1": {
        "error": 0.011752472825191682, 
        "fit": "average", 
        "value": -0.02803491206044176
    }, 
    "H2": {
        "error": 0.013263758295143861, 
        "fit": "average", 
        "value": -0.0758070047129877
    }, 
    "L1": {
        "error": 0.012397406657984325, 
        "fit": "average", 
        "value": -0.19259280550759286
    }, 
    "L2": {
        "error": 0.0120714574376117, 
        "fit": "average", 
        "value": 0.07019231364053363
    }
}