{
    "AX": {
        "error": 0.011653159861805937, 
        "fit": "average", 
        "value": -0.07142478759245326
    }, 
    "CDD": {
        "error": 2.1868010780972214e-06, 
        "fit": "average", 
        "value": 3.819886478595435e-06
    }, 
    "H1": {
        "error": 0.010936966943718972, 
        "fit": "average", 
        "value": 0.03981012215275162
    }, 
    "H2": {
        "error": 0.011528842400486766, 
        "fit": "average", 
        "value": -0.05258235997850231
    }, 
    "L1": {
        "error": 0.013062285181539509, 
        "fit": "average", 
        "value": -0.18392914963963752
    }, 
    "L2": {
        "error": 0.013184770272501973, 
        "fit": "average", 
        "value": 0.08562461054922703
    }
}