{
    "AX": {
        "error": 0.011412013467532204, 
        "fit": "average", 
        "value": -0.05243935263515596
    }, 
    "CDD": {
        "error": 1.7931297770118074e-06, 
        "fit": "average", 
        "value": 2.5465909857302903e-06
    }, 
    "H1": {
        "error": 0.011651844281383932, 
        "fit": "average", 
        "value": 0.06560334560429813
    }, 
    "H2": {
        "error": 0.012799012786294292, 
        "fit": "average", 
        "value": -0.04995591804521003
    }, 
    "L1": {
        "error": 0.01194683402859452, 
        "fit": "average", 
        "value": -0.16267749806478
    }, 
    "L2": {
        "error": 0.010947990020232034, 
        "fit": "average", 
        "value": 0.07985307093476876
    }
}