{
    "AX": {
        "error": 0.0050297290306146325, 
        "fit": "average", 
        "value": -0.00493955554945084
    }, 
    "CDD": {
        "error": 1.292394881602377e-06, 
        "fit": "average", 
        "value": 1.2923948816023767e-06
    }, 
    "H1": {
        "error": 0.011165808200531686, 
        "fit": "average", 
        "value": -0.00444558912422508
    }, 
    "H2": {
        "error": 0.01145241786079604, 
        "fit": "average", 
        "value": -0.059578587498981504
    }, 
    "L1": {
        "error": 0.018445622754566824, 
        "fit": "average", 
        "value": -0.13889237792658
    }, 
    "L2": {
        "error": 0.013337580730921516, 
        "fit": "average", 
        "value": 0.0046700109926556856
    }
}