{
    "AX": {
        "error": 0.056169223390636326, 
        "fit": "average_SEM", 
        "value": -0.032402344116902286
    }, 
    "CDD": {
        "error": 5.401935268053803e-05, 
        "fit": "average_SEM", 
        "value": 1.8138093582820148e-05
    }, 
    "H1": {
        "error": 0.11881508152893015, 
        "fit": "average_SEM", 
        "value": 0.008556802992582864
    }, 
    "H2": {
        "error": 0.1328731449981606, 
        "fit": "average_SEM", 
        "value": -0.02709769239105905
    }, 
    "L1": {
        "error": 0.1346568315388898, 
        "fit": "average_SEM", 
        "value": -0.13739821611743536
    }, 
    "L2": {
        "error": 0.1399785783430982, 
        "fit": "average_SEM", 
        "value": -0.09596104922772307
    }
}