{
    "AX": {
        "error": 0.010537080185561197, 
        "fit": "average", 
        "value": -0.0715316989197163
    }, 
    "CDD": {
        "error": 2.1868010780972214e-06, 
        "fit": "average", 
        "value": 3.819886478595435e-06
    }, 
    "H1": {
        "error": 0.010663500366140784, 
        "fit": "average", 
        "value": 0.0351299211770917
    }, 
    "H2": {
        "error": 0.012819692009823438, 
        "fit": "average", 
        "value": 0.16765122138313018
    }, 
    "L1": {
        "error": 0.012815410520908592, 
        "fit": "average", 
        "value": -0.17650566040926302
    }, 
    "L2": {
        "error": 0.011194338935997878, 
        "fit": "average", 
        "value": 0.10147587101964746
    }
}