{
    "AX": {
        "error": 0.004836210481570815, 
        "fit": "average", 
        "value": -0.004456845729631217
    }, 
    "CDD": {
        "error": 1.8200266621883902e-06, 
        "fit": "average", 
        "value": 2.5847897632047533e-06
    }, 
    "H1": {
        "error": 0.011248962086373918, 
        "fit": "average", 
        "value": -0.011672654755238909
    }, 
    "H2": {
        "error": 0.010869323896856483, 
        "fit": "average", 
        "value": -0.05572878465221341
    }, 
    "L1": {
        "error": 0.01752549325378925, 
        "fit": "average", 
        "value": -0.0846837207810798
    }, 
    "L2": {
        "error": 0.011740953300614098, 
        "fit": "average", 
        "value": -0.011343493182600166
    }
}