{
    "AX": {
        "error": 0.0668184798540129, 
        "fit": "average_SEM", 
        "value": -0.03415242202051256
    }, 
    "CDD": {
        "error": 5.003395480651171e-05, 
        "fit": "average_SEM", 
        "value": 1.1660203017527238e-05
    }, 
    "H1": {
        "error": 0.15106656831300802, 
        "fit": "average_SEM", 
        "value": 0.03874877934576944
    }, 
    "H2": {
        "error": 0.13906096854704933, 
        "fit": "average_SEM", 
        "value": -0.01578420531586744
    }, 
    "L1": {
        "error": 0.13000205731950717, 
        "fit": "average_SEM", 
        "value": -0.11648385066109768
    }, 
    "L2": {
        "error": 0.12559822423591938, 
        "fit": "average_SEM", 
        "value": -0.08937682049581781
    }
}