{
    "AX": {
        "error": 0.008247435887952381, 
        "fit": "average", 
        "value": -0.05617150656747215
    }, 
    "CDD": {
        "error": 0.0, 
        "fit": "average", 
        "value": 0.0
    }, 
    "H1": {
        "error": 0.00992424868667135, 
        "fit": "average", 
        "value": 0.010609002350096928
    }, 
    "H2": {
        "error": 0.010548146638960915, 
        "fit": "average", 
        "value": -0.09642661605999898
    }, 
    "L1": {
        "error": 0.011182124803659694, 
        "fit": "average", 
        "value": -0.19491704339079097
    }, 
    "L2": {
        "error": 0.010702928653928061, 
        "fit": "average", 
        "value": 0.04426096645487553
    }
}