{
    "AX": {
        "error": 0.06028711963376323, 
        "fit": "average_SEM", 
        "value": -0.03852004335494712
    }, 
    "CDD": {
        "error": 3.659055414416811e-05, 
        "fit": "average_SEM", 
        "value": 9.069046791410074e-06
    }, 
    "H1": {
        "error": 0.12417783467829753, 
        "fit": "average_SEM", 
        "value": -0.00033653460523055403
    }, 
    "H2": {
        "error": 0.13973985910882494, 
        "fit": "average_SEM", 
        "value": -0.2894223934951394
    }, 
    "L1": {
        "error": 0.12846237739549768, 
        "fit": "average_SEM", 
        "value": -0.13492460160826644
    }, 
    "L2": {
        "error": 0.13310921755217742, 
        "fit": "average_SEM", 
        "value": -0.08256005780179597
    }
}