{
    "AX": {
        "error": 0.00793291904962696, 
        "fit": "average", 
        "value": -0.05249873187251227
    }, 
    "CDD": {
        "error": 0.0, 
        "fit": "average", 
        "value": 0.0
    }, 
    "H1": {
        "error": 0.01086780869501258, 
        "fit": "average", 
        "value": 0.03856445488551807
    }, 
    "H2": {
        "error": 0.00858335975305948, 
        "fit": "average", 
        "value": -0.0805832545046468
    }, 
    "L1": {
        "error": 0.010008769305668679, 
        "fit": "average", 
        "value": -0.1916756479788871
    }, 
    "L2": {
        "error": 0.010208021906424527, 
        "fit": "average", 
        "value": 0.08653627433734508
    }
}