{
    "AX": {
        "error": 0.01634331569699924, 
        "fit": "average", 
        "value": -0.06130086269695312
    }, 
    "CDD": {
        "error": 0.0, 
        "fit": "average", 
        "value": 0.0
    }, 
    "H1": {
        "error": 0.016487621627534307, 
        "fit": "average", 
        "value": -0.011944719040258907
    }, 
    "H2": {
        "error": 0.019944171601841722, 
        "fit": "average", 
        "value": -0.0699897755525614
    }, 
    "L1": {
        "error": 0.016087179207526173, 
        "fit": "average", 
        "value": -0.17253214208758436
    }, 
    "L2": {
        "error": 0.012961471773917268, 
        "fit": "average", 
        "value": 0.08700525822319291
    }
}