{
    "AX": {
        "error": 0.005590715298218003, 
        "fit": "average", 
        "value": -0.005069842640477873
    }, 
    "CDD": {
        "error": 3.0984878644817526e-06, 
        "fit": "average", 
        "value": 7.75436928961426e-06
    }, 
    "H1": {
        "error": 0.013045897135399026, 
        "fit": "average", 
        "value": 0.030241298242860162
    }, 
    "H2": {
        "error": 0.010086297940236676, 
        "fit": "average", 
        "value": -0.0658153770006417
    }, 
    "L1": {
        "error": 0.01931367132638198, 
        "fit": "average", 
        "value": -0.13361815711759845
    }, 
    "L2": {
        "error": 0.011525865754730689, 
        "fit": "average", 
        "value": -0.015373465219454374
    }
}