{
    "AX": {
        "error": 0.06339504934673397, 
        "fit": "average_SEM", 
        "value": -0.028154020338115517
    }, 
    "CDD": {
        "error": 3.659055414416811e-05, 
        "fit": "average_SEM", 
        "value": 9.069046791410074e-06
    }, 
    "H1": {
        "error": 0.11774608651615058, 
        "fit": "average_SEM", 
        "value": 0.003349804238920721
    }, 
    "H2": {
        "error": 0.12296948945550959, 
        "fit": "average_SEM", 
        "value": -0.30012308014556766
    }, 
    "L1": {
        "error": 0.11862730338606131, 
        "fit": "average_SEM", 
        "value": -0.15053542555009092
    }, 
    "L2": {
        "error": 0.13448534983985275, 
        "fit": "average_SEM", 
        "value": -0.0906063703383552
    }
}