{
    "AX": {
        "error": 0.008359780701718117, 
        "fit": "average", 
        "value": -0.05651081204996444
    }, 
    "CDD": {
        "error": 2.798914573509482e-06, 
        "fit": "average", 
        "value": 6.366477464325726e-06
    }, 
    "H1": {
        "error": 0.01133493806635779, 
        "fit": "average", 
        "value": -0.015198987307182202
    }, 
    "H2": {
        "error": 0.011536108550717043, 
        "fit": "average", 
        "value": -0.07376105901033346
    }, 
    "L1": {
        "error": 0.011548024283921638, 
        "fit": "average", 
        "value": -0.1831264872394968
    }, 
    "L2": {
        "error": 0.012737659352001583, 
        "fit": "average", 
        "value": 0.07038749547039819
    }
}