{
    "AX": {
        "error": 0.01038584608000703, 
        "fit": "average", 
        "value": -0.059175823286995693
    }, 
    "CDD": {
        "error": 0.0, 
        "fit": "average", 
        "value": 0.0
    }, 
    "H1": {
        "error": 0.009709124828812562, 
        "fit": "average", 
        "value": 0.0567726200890069
    }, 
    "H2": {
        "error": 0.010351191698114041, 
        "fit": "average", 
        "value": -0.08695044667338547
    }, 
    "L1": {
        "error": 0.01121299100561159, 
        "fit": "average", 
        "value": -0.18977158182234694
    }, 
    "L2": {
        "error": 0.011855277599892836, 
        "fit": "average", 
        "value": 0.08309116802812586
    }
}