{
    "AX": {
        "error": 0.005342997595963462, 
        "fit": "average", 
        "value": 0.0018166276272192287
    }, 
    "CDD": {
        "error": 1.8200266621883902e-06, 
        "fit": "average", 
        "value": 2.5847897632047533e-06
    }, 
    "H1": {
        "error": 0.01110410379720395, 
        "fit": "average", 
        "value": -0.05752430244659384
    }, 
    "H2": {
        "error": 0.011114398944980909, 
        "fit": "average", 
        "value": -0.3657176499875883
    }, 
    "L1": {
        "error": 0.018267125582542464, 
        "fit": "average", 
        "value": -0.14489313057468584
    }, 
    "L2": {
        "error": 0.012493016887678787, 
        "fit": "average", 
        "value": -0.07688617669045925
    }
}