{
    "AX": {
        "error": 0.010535857498830247, 
        "fit": "average", 
        "value": -0.05692406313961935
    }, 
    "CDD": {
        "error": 2.5142861981152726e-06, 
        "fit": "average", 
        "value": 5.093181971460581e-06
    }, 
    "H1": {
        "error": 0.0102270601380906, 
        "fit": "average", 
        "value": 0.043681591900531204
    }, 
    "H2": {
        "error": 0.011128876858105144, 
        "fit": "average", 
        "value": -0.0932081835528758
    }, 
    "L1": {
        "error": 0.01341897737732065, 
        "fit": "average", 
        "value": -0.17919269688233422
    }, 
    "L2": {
        "error": 0.012042226966439386, 
        "fit": "average", 
        "value": 0.07735881035332567
    }
}