{
    "AX": {
        "error": 0.010447124320739633, 
        "fit": "average", 
        "value": -0.048717406953801404
    }, 
    "CDD": {
        "error": 1.7931297770118078e-06, 
        "fit": "average", 
        "value": 2.5465909857302903e-06
    }, 
    "H1": {
        "error": 0.012069823389563005, 
        "fit": "average", 
        "value": 0.01763117514977542
    }, 
    "H2": {
        "error": 0.009657071785289488, 
        "fit": "average", 
        "value": 0.1984206575648083
    }, 
    "L1": {
        "error": 0.011669833318296546, 
        "fit": "average", 
        "value": -0.1842289564878835
    }, 
    "L2": {
        "error": 0.011988721406289453, 
        "fit": "average", 
        "value": 0.07829190207800517
    }
}