{
    "AX": {
        "error": 0.05661691703321291, 
        "fit": "average_SEM", 
        "value": -0.01429970789855967
    }, 
    "CDD": {
        "error": 2.4314532847464975e-05, 
        "fit": "average_SEM", 
        "value": 3.87718464480713e-06
    }, 
    "H1": {
        "error": 0.13986778023178642, 
        "fit": "average_SEM", 
        "value": 0.030092791987893483
    }, 
    "H2": {
        "error": 0.12988077251045965, 
        "fit": "average_SEM", 
        "value": -0.3163200434297323
    }, 
    "L1": {
        "error": 0.15995044784543183, 
        "fit": "average_SEM", 
        "value": -0.10844334803841775
    }, 
    "L2": {
        "error": 0.13977490930269668, 
        "fit": "average_SEM", 
        "value": -0.0017831601008462409
    }
}