{
    "AX": {
        "error": 0.007960884797008495, 
        "fit": "average", 
        "value": -0.05112894536853817
    }, 
    "CDD": {
        "error": 0.0, 
        "fit": "average", 
        "value": 0.0
    }, 
    "H1": {
        "error": 0.0097675761358695, 
        "fit": "average", 
        "value": 0.02887415032825645
    }, 
    "H2": {
        "error": 0.010092809070599814, 
        "fit": "average", 
        "value": -0.09125297511724872
    }, 
    "L1": {
        "error": 0.009088999837285585, 
        "fit": "average", 
        "value": -0.20074718011739223
    }, 
    "L2": {
        "error": 0.011390414336223285, 
        "fit": "average", 
        "value": 0.06556864508879659
    }
}