{
    "AX": {
        "error": 0.01153636208272813, 
        "fit": "average", 
        "value": -0.05221683881633605
    }, 
    "CDD": {
        "error": 3.3322265891142705e-06, 
        "fit": "average", 
        "value": 6.366477464325726e-06
    }, 
    "H1": {
        "error": 0.012941144952266085, 
        "fit": "average", 
        "value": -0.02903779986712228
    }, 
    "H2": {
        "error": 0.012519828931839349, 
        "fit": "average", 
        "value": -0.08851020585085886
    }, 
    "L1": {
        "error": 0.01376751228070494, 
        "fit": "average", 
        "value": -0.1964022961833204
    }, 
    "L2": {
        "error": 0.012724125499221485, 
        "fit": "average", 
        "value": 0.07274975918899144
    }
}