{
    "AX": {
        "error": 0.05968992598217786, 
        "fit": "average_SEM", 
        "value": -0.021539144906273577
    }, 
    "CDD": {
        "error": 2.7955763770335828e-05, 
        "fit": "average_SEM", 
        "value": 5.169579526409507e-06
    }, 
    "H1": {
        "error": 0.14378604237538, 
        "fit": "average_SEM", 
        "value": 0.012441190500976518
    }, 
    "H2": {
        "error": 0.1243347024443471, 
        "fit": "average_SEM", 
        "value": -0.31331611471250653
    }, 
    "L1": {
        "error": 0.16837083101287462, 
        "fit": "average_SEM", 
        "value": -0.10681092273249912
    }, 
    "L2": {
        "error": 0.14076648637485614, 
        "fit": "average_SEM", 
        "value": 0.013279589729063446
    }
}