{
    "AX": {
        "error": 0.008806307001097375, 
        "fit": "average", 
        "value": -0.05543409671297233
    }, 
    "CDD": {
        "error": 0.0, 
        "fit": "average", 
        "value": 0.0
    }, 
    "H1": {
        "error": 0.0108784814466919, 
        "fit": "average", 
        "value": 0.018885953291640455
    }, 
    "H2": {
        "error": 0.011414790091272138, 
        "fit": "average", 
        "value": -0.08807720466926373
    }, 
    "L1": {
        "error": 0.010886684948617284, 
        "fit": "average", 
        "value": -0.1898128427765814
    }, 
    "L2": {
        "error": 0.009349742040144061, 
        "fit": "average", 
        "value": 0.07182893629260031
    }
}