{
    "AX": {
        "error": 0.005707929354502569, 
        "fit": "average", 
        "value": 0.008957181194333922
    }, 
    "CDD": {
        "error": 3.3320383435501067e-06, 
        "fit": "average", 
        "value": 9.046764171216637e-06
    }, 
    "H1": {
        "error": 0.012451379436242003, 
        "fit": "average", 
        "value": -0.051832156026891125
    }, 
    "H2": {
        "error": 0.010565130169558382, 
        "fit": "average", 
        "value": -0.3507834516543274
    }, 
    "L1": {
        "error": 0.02027493190317889, 
        "fit": "average", 
        "value": -0.18627471444002974
    }, 
    "L2": {
        "error": 0.011403323752826862, 
        "fit": "average", 
        "value": -0.05814535010916491
    }
}