{
    "AX": {
        "error": 0.004818213618512459, 
        "fit": "average", 
        "value": 0.010051208016799743
    }, 
    "CDD": {
        "error": 2.840898196149559e-06, 
        "fit": "average", 
        "value": 6.4619744080118835e-06
    }, 
    "H1": {
        "error": 0.012529394626104185, 
        "fit": "average", 
        "value": -0.0764343109408704
    }, 
    "H2": {
        "error": 0.010599077666877652, 
        "fit": "average", 
        "value": -0.36008337009698155
    }, 
    "L1": {
        "error": 0.020254989398654305, 
        "fit": "average", 
        "value": -0.1734070221815879
    }, 
    "L2": {
        "error": 0.011738847640019813, 
        "fit": "average", 
        "value": -0.08788120159491276
    }
}