{
    "AX": {
        "error": 0.009081645800276886, 
        "fit": "average", 
        "value": -0.04256181876099485
    }, 
    "CDD": {
        "error": 0.0, 
        "fit": "average", 
        "value": 0.0
    }, 
    "H1": {
        "error": 0.008196915252921207, 
        "fit": "average", 
        "value": 0.009734865281611384
    }, 
    "H2": {
        "error": 0.009888414772612892, 
        "fit": "average", 
        "value": -0.10510310777442947
    }, 
    "L1": {
        "error": 0.009412870268080561, 
        "fit": "average", 
        "value": -0.18795443872665674
    }, 
    "L2": {
        "error": 0.011498595564657474, 
        "fit": "average", 
        "value": 0.03765121801427148
    }
}