{
    "AX": {
        "error": 0.010018219849900884, 
        "fit": "average", 
        "value": -0.05742277793954902
    }, 
    "CDD": {
        "error": 1.2732954928651456e-06, 
        "fit": "average", 
        "value": 1.2732954928651452e-06
    }, 
    "H1": {
        "error": 0.010974201309725085, 
        "fit": "average", 
        "value": -0.024889119629127283
    }, 
    "H2": {
        "error": 0.011925100318279992, 
        "fit": "average", 
        "value": -0.10636302193452138
    }, 
    "L1": {
        "error": 0.01368340498599102, 
        "fit": "average", 
        "value": -0.22093234709658038
    }, 
    "L2": {
        "error": 0.01203088561259828, 
        "fit": "average", 
        "value": 0.0693118788728801
    }
}