{
    "AX": {
        "error": 0.007310256035650967, 
        "fit": "average", 
        "value": -0.05344809631452612
    }, 
    "CDD": {
        "error": 0.0, 
        "fit": "average", 
        "value": 0.0
    }, 
    "H1": {
        "error": 0.009709461881505337, 
        "fit": "average", 
        "value": 0.056815516256028785
    }, 
    "H2": {
        "error": 0.008987553878381023, 
        "fit": "average", 
        "value": -0.055552687402416624
    }, 
    "L1": {
        "error": 0.010730392714520833, 
        "fit": "average", 
        "value": -0.19525389616661099
    }, 
    "L2": {
        "error": 0.010353481873764284, 
        "fit": "average", 
        "value": 0.06390685129343815
    }
}