{
    "AX": {
        "error": 0.009948928147934313, 
        "fit": "average", 
        "value": -0.050609408926053825
    }, 
    "CDD": {
        "error": 1.7931297770118074e-06, 
        "fit": "average", 
        "value": 2.5465909857302903e-06
    }, 
    "H1": {
        "error": 0.010547233161989963, 
        "fit": "average", 
        "value": 0.03806410097082941
    }, 
    "H2": {
        "error": 0.010438794582952793, 
        "fit": "average", 
        "value": -0.08399295740916084
    }, 
    "L1": {
        "error": 0.011950998809675555, 
        "fit": "average", 
        "value": -0.19141694543262322
    }, 
    "L2": {
        "error": 0.012235732396561151, 
        "fit": "average", 
        "value": 0.07064668248203816
    }
}