{
    "AX": {
        "error": 0.00909743654108964, 
        "fit": "average", 
        "value": -0.05555069659059644
    }, 
    "CDD": {
        "error": 0.0, 
        "fit": "average", 
        "value": 0.0
    }, 
    "H1": {
        "error": 0.009982795893792048, 
        "fit": "average", 
        "value": 0.014339449947185227
    }, 
    "H2": {
        "error": 0.00909807723984843, 
        "fit": "average", 
        "value": -0.07479660506318656
    }, 
    "L1": {
        "error": 0.011132168332189612, 
        "fit": "average", 
        "value": -0.20178545521901406
    }, 
    "L2": {
        "error": 0.01052214155585685, 
        "fit": "average", 
        "value": 0.07122827296680362
    }
}