{
    "AX": {
        "error": 0.01078276265277847, 
        "fit": "average", 
        "value": -0.05820169178768993
    }, 
    "CDD": {
        "error": 0.0, 
        "fit": "average", 
        "value": 0.0
    }, 
    "H1": {
        "error": 0.011530654066987833, 
        "fit": "average", 
        "value": 0.03525154540839139
    }, 
    "H2": {
        "error": 0.011385699471353036, 
        "fit": "average", 
        "value": 0.1868650248196597
    }, 
    "L1": {
        "error": 0.013339666183493758, 
        "fit": "average", 
        "value": -0.20088880953844637
    }, 
    "L2": {
        "error": 0.012143407631020179, 
        "fit": "average", 
        "value": 0.08591285839041424
    }
}