{
    "AX": {
        "error": 0.011075825248322842, 
        "fit": "average", 
        "value": -0.06274785849964246
    }, 
    "CDD": {
        "error": 2.798914573509482e-06, 
        "fit": "average", 
        "value": 6.366477464325726e-06
    }, 
    "H1": {
        "error": 0.010514936746469795, 
        "fit": "average", 
        "value": 0.034303702377170946
    }, 
    "H2": {
        "error": 0.010952597468261731, 
        "fit": "average", 
        "value": -0.07885924112027472
    }, 
    "L1": {
        "error": 0.011205235894984589, 
        "fit": "average", 
        "value": -0.17335726810075963
    }, 
    "L2": {
        "error": 0.013382843070849226, 
        "fit": "average", 
        "value": 0.07717061429090487
    }
}