{
    "AX": {
        "error": 0.008097658519005638, 
        "fit": "average", 
        "value": -0.04322982364611929
    }, 
    "CDD": {
        "error": 0.0, 
        "fit": "average", 
        "value": 0.0
    }, 
    "H1": {
        "error": 0.010673279370728013, 
        "fit": "average", 
        "value": 0.006433920203469312
    }, 
    "H2": {
        "error": 0.00937889861758347, 
        "fit": "average", 
        "value": -0.08466241795021578
    }, 
    "L1": {
        "error": 0.010079783729179514, 
        "fit": "average", 
        "value": -0.20812719801948074
    }, 
    "L2": {
        "error": 0.010280319318554639, 
        "fit": "average", 
        "value": 0.03263770732066958
    }
}