{
    "AX": {
        "error": 0.06078891501800834, 
        "fit": "average_SEM", 
        "value": -0.011159582676676412
    }, 
    "CDD": {
        "error": 2.7955763770335828e-05, 
        "fit": "average_SEM", 
        "value": 5.169579526409507e-06
    }, 
    "H1": {
        "error": 0.11016285752531496, 
        "fit": "average_SEM", 
        "value": 0.018996843174803265
    }, 
    "H2": {
        "error": 0.12937184515464986, 
        "fit": "average_SEM", 
        "value": -0.31793066998943686
    }, 
    "L1": {
        "error": 0.16846153367562983, 
        "fit": "average_SEM", 
        "value": -0.09964325493401702
    }, 
    "L2": {
        "error": 0.1260736072781392, 
        "fit": "average_SEM", 
        "value": -0.006222832286342358
    }
}