{
    "AX": {
        "error": 0.0047335115234577955, 
        "fit": "average", 
        "value": -0.011073226794380591
    }, 
    "CDD": {
        "error": 3.139067633407055e-06, 
        "fit": "average", 
        "value": 1.0339159052819013e-05
    }, 
    "H1": {
        "error": 0.009746216461900182, 
        "fit": "average", 
        "value": -0.024643404209443057
    }, 
    "H2": {
        "error": 0.009597696460941552, 
        "fit": "average", 
        "value": -0.04428119906353661
    }, 
    "L1": {
        "error": 0.014751063584900722, 
        "fit": "average", 
        "value": -0.12473227283383798
    }, 
    "L2": {
        "error": 0.010378541099264043, 
        "fit": "average", 
        "value": -0.0016095310992871722
    }
}