{
    "AX": {
        "error": 0.004229622789548948, 
        "fit": "average", 
        "value": -0.002967783198497879
    }, 
    "CDD": {
        "error": 1.9049407899959744e-06, 
        "fit": "average", 
        "value": 4.307982938674589e-06
    }, 
    "H1": {
        "error": 0.009056373634171161, 
        "fit": "average", 
        "value": -0.020437356227517335
    }, 
    "H2": {
        "error": 0.010111135678712772, 
        "fit": "average", 
        "value": -0.04420295658282056
    }, 
    "L1": {
        "error": 0.014367666059615928, 
        "fit": "average", 
        "value": -0.11455645580459127
    }, 
    "L2": {
        "error": 0.009642490789117874, 
        "fit": "average", 
        "value": -0.032834155699593894
    }
}