{
    "AX": {
        "error": 0.0568001168173981, 
        "fit": "average_SEM", 
        "value": -0.015755387578651102
    }, 
    "CDD": {
        "error": 2.2924508698018685e-05, 
        "fit": "average_SEM", 
        "value": 3.4463863509396712e-06
    }, 
    "H1": {
        "error": 0.11962421220608552, 
        "fit": "average_SEM", 
        "value": 0.016196704850557984
    }, 
    "H2": {
        "error": 0.12242376274891742, 
        "fit": "average_SEM", 
        "value": -0.30141939841624765
    }, 
    "L1": {
        "error": 0.16438192699297255, 
        "fit": "average_SEM", 
        "value": -0.09777573599438054
    }, 
    "L2": {
        "error": 0.14019126064921475, 
        "fit": "average_SEM", 
        "value": 0.003634351433882128
    }
}