{
    "AX": {
        "error": 0.006042641671653246, 
        "fit": "average", 
        "value": 0.011625368896784494
    }, 
    "CDD": {
        "error": 3.314964887958374e-06, 
        "fit": "average", 
        "value": 5.8157769672106955e-06
    }, 
    "H1": {
        "error": 0.0150783943636435, 
        "fit": "average", 
        "value": -0.04372736714649363
    }, 
    "H2": {
        "error": 0.011625327274396588, 
        "fit": "average", 
        "value": -0.36055086059495806
    }, 
    "L1": {
        "error": 0.023861976907383495, 
        "fit": "average", 
        "value": -0.1521110358648002
    }, 
    "L2": {
        "error": 0.015907884552313373, 
        "fit": "average", 
        "value": -0.0743738838697027
    }
}