{
    "AX": {
        "error": 0.004018342581070608, 
        "fit": "average", 
        "value": -0.007110328150318108
    }, 
    "CDD": {
        "error": 1.2150732329097412e-06, 
        "fit": "average", 
        "value": 1.7231931754698356e-06
    }, 
    "H1": {
        "error": 0.009098135342285837, 
        "fit": "average", 
        "value": -0.02587517115106392
    }, 
    "H2": {
        "error": 0.009483551574220532, 
        "fit": "average", 
        "value": -0.32123828740376564
    }, 
    "L1": {
        "error": 0.015213257975765134, 
        "fit": "average", 
        "value": -0.13631757548783854
    }, 
    "L2": {
        "error": 0.010256500008988813, 
        "fit": "average", 
        "value": 0.004061356111843553
    }
}