{
    "AX": {
        "error": 0.0571877708121759, 
        "fit": "average_SEM", 
        "value": -0.013717303763729028
    }, 
    "CDD": {
        "error": 4.069980781557192e-05, 
        "fit": "average_SEM", 
        "value": 9.477562465084095e-06
    }, 
    "H1": {
        "error": 0.11588672625951263, 
        "fit": "average_SEM", 
        "value": 0.005944677741111567
    }, 
    "H2": {
        "error": 0.11894537661838227, 
        "fit": "average_SEM", 
        "value": -0.32923334369228946
    }, 
    "L1": {
        "error": 0.16391481526822882, 
        "fit": "average_SEM", 
        "value": -0.10554201744445083
    }, 
    "L2": {
        "error": 0.13566806607400764, 
        "fit": "average_SEM", 
        "value": 0.015293320807217646
    }
}