{
    "AX": {
        "error": 0.055347395108613105, 
        "fit": "average_SEM", 
        "value": -0.03551505866732138
    }, 
    "CDD": {
        "error": 4.579482440770552e-05, 
        "fit": "average_SEM", 
        "value": 1.1660203017527238e-05
    }, 
    "H1": {
        "error": 0.11883453949471552, 
        "fit": "average_SEM", 
        "value": 0.02670151615360131
    }, 
    "H2": {
        "error": 0.14115429380135505, 
        "fit": "average_SEM", 
        "value": -0.3055049635935575
    }, 
    "L1": {
        "error": 0.13884000498978383, 
        "fit": "average_SEM", 
        "value": -0.12464175840480797
    }, 
    "L2": {
        "error": 0.13067315515462627, 
        "fit": "average_SEM", 
        "value": -0.07429024241282604
    }
}