{
    "AX": {
        "error": 0.009881975446040539, 
        "fit": "average", 
        "value": -0.057945375907002016
    }, 
    "CDD": {
        "error": 1.1989540322277258e-05, 
        "fit": "average", 
        "value": 0.00011077670787926764
    }, 
    "H1": {
        "error": 0.01142017437369468, 
        "fit": "average", 
        "value": -0.024225501557035994
    }, 
    "H2": {
        "error": 0.012516309000162982, 
        "fit": "average", 
        "value": -0.09061561721609905
    }, 
    "L1": {
        "error": 0.013898035870881065, 
        "fit": "average", 
        "value": -0.18324229190669333
    }, 
    "L2": {
        "error": 0.01174282501979542, 
        "fit": "average", 
        "value": 0.06945289111657378
    }
}