{
    "AX": {
        "error": 0.00823781014392597, 
        "fit": "average", 
        "value": -0.05046753856198241
    }, 
    "CDD": {
        "error": 9.004315344382499e-06, 
        "fit": "average", 
        "value": 6.748466112185269e-05
    }, 
    "H1": {
        "error": 0.01070617703625671, 
        "fit": "average", 
        "value": 0.010331213672179729
    }, 
    "H2": {
        "error": 0.011637969722205054, 
        "fit": "average", 
        "value": -0.10936050818806203
    }, 
    "L1": {
        "error": 0.012928589803402392, 
        "fit": "average", 
        "value": -0.1832784166908823
    }, 
    "L2": {
        "error": 0.011708876094336308, 
        "fit": "average", 
        "value": 0.08014589548353494
    }
}