{
    "AX": {
        "error": 0.01039111000861108, 
        "fit": "average", 
        "value": -0.0555716342413992
    }, 
    "CDD": {
        "error": 1.1234532224525386e-05, 
        "fit": "average", 
        "value": 0.0001069568214006722
    }, 
    "H1": {
        "error": 0.011263433475367816, 
        "fit": "average", 
        "value": -0.019640380673566445
    }, 
    "H2": {
        "error": 0.01179794035976055, 
        "fit": "average", 
        "value": -0.08011427201175442
    }, 
    "L1": {
        "error": 0.014649634636569119, 
        "fit": "average", 
        "value": -0.17359191293265516
    }, 
    "L2": {
        "error": 0.012967773199465722, 
        "fit": "average", 
        "value": 0.08535039775112334
    }
}