{
    "AX": {
        "error": 0.009292690465095508, 
        "fit": "average", 
        "value": -0.05931621674875108
    }, 
    "CDD": {
        "error": 1.0773331667178132e-05, 
        "fit": "average", 
        "value": 9.040397999342531e-05
    }, 
    "H1": {
        "error": 0.011654359576156558, 
        "fit": "average", 
        "value": -0.010382656542545495
    }, 
    "H2": {
        "error": 0.011670857307585264, 
        "fit": "average", 
        "value": -0.09485670448727129
    }, 
    "L1": {
        "error": 0.012329105444480995, 
        "fit": "average", 
        "value": -0.20445911904098465
    }, 
    "L2": {
        "error": 0.011491590589736814, 
        "fit": "average", 
        "value": 0.059380045626312494
    }
}