{
    "AX": {
        "error": 0.011012294863657072, 
        "fit": "average", 
        "value": -0.059274655788127954
    }, 
    "CDD": {
        "error": 9.533474108386261e-06, 
        "fit": "average", 
        "value": 9.804375295061619e-05
    }, 
    "H1": {
        "error": 0.010701117750951098, 
        "fit": "average", 
        "value": 1.4864927895056704e-05
    }, 
    "H2": {
        "error": 0.010572096229076856, 
        "fit": "average", 
        "value": -0.08368400176356469
    }, 
    "L1": {
        "error": 0.012826016936262674, 
        "fit": "average", 
        "value": -0.19181641094813434
    }, 
    "L2": {
        "error": 0.012184013772392876, 
        "fit": "average", 
        "value": 0.0775123846164206
    }
}