{
    "AX": {
        "error": 0.011613752493870363, 
        "fit": "average", 
        "value": -0.050615824696918325
    }, 
    "CDD": {
        "error": 9.898066458655613e-06, 
        "fit": "average", 
        "value": 8.021761605050414e-05
    }, 
    "H1": {
        "error": 0.010945617565333446, 
        "fit": "average", 
        "value": 0.007812088239976826
    }, 
    "H2": {
        "error": 0.011488952661698816, 
        "fit": "average", 
        "value": -0.08576511712453794
    }, 
    "L1": {
        "error": 0.013179447292902016, 
        "fit": "average", 
        "value": -0.1876548323974324
    }, 
    "L2": {
        "error": 0.01110394200155124, 
        "fit": "average", 
        "value": 0.08270357873795244
    }
}