{
    "AX": {
        "error": 0.009717855340712369, 
        "fit": "average", 
        "value": -0.06256915850293202
    }, 
    "CDD": {
        "error": 1.1657681164629654e-05, 
        "fit": "average", 
        "value": 0.00013369602675084025
    }, 
    "H1": {
        "error": 0.010682804677491846, 
        "fit": "average", 
        "value": 0.012219575347019902
    }, 
    "H2": {
        "error": 0.010568623451780858, 
        "fit": "average", 
        "value": -0.07186063524519946
    }, 
    "L1": {
        "error": 0.011491241977205484, 
        "fit": "average", 
        "value": -0.19773555221424127
    }, 
    "L2": {
        "error": 0.01128038253933509, 
        "fit": "average", 
        "value": 0.07955672681370439
    }
}