{
    "AX": {
        "error": 0.010723318130030584, 
        "fit": "average", 
        "value": -0.04791435203223955
    }, 
    "CDD": {
        "error": 1.2082924826996452e-05, 
        "fit": "average", 
        "value": 9.931704844348132e-05
    }, 
    "H1": {
        "error": 0.012226068003261752, 
        "fit": "average", 
        "value": -0.0063477353393561016
    }, 
    "H2": {
        "error": 0.010585957690572544, 
        "fit": "average", 
        "value": -0.0811677072100186
    }, 
    "L1": {
        "error": 0.013666153714979793, 
        "fit": "average", 
        "value": -0.1843611691069479
    }, 
    "L2": {
        "error": 0.01173072890242573, 
        "fit": "average", 
        "value": 0.08109602602259353
    }
}