{
    "AX": {
        "error": 0.010796153503440847, 
        "fit": "average", 
        "value": -0.053127651824615894
    }, 
    "CDD": {
        "error": 1.0666574301763696e-05, 
        "fit": "average", 
        "value": 9.804375295061619e-05
    }, 
    "H1": {
        "error": 0.010536179128161275, 
        "fit": "average", 
        "value": -0.013557580863440914
    }, 
    "H2": {
        "error": 0.011068548260889361, 
        "fit": "average", 
        "value": -0.08270933776560317
    }, 
    "L1": {
        "error": 0.01080684115761748, 
        "fit": "average", 
        "value": -0.19255874483690907
    }, 
    "L2": {
        "error": 0.012686251820438654, 
        "fit": "average", 
        "value": 0.08325157392343195
    }
}