{
    "AX": {
        "error": 0.011445806019562247, 
        "fit": "average", 
        "value": -0.06662477012626672
    }, 
    "CDD": {
        "error": 1.3356986052411435e-05, 
        "fit": "average", 
        "value": 0.00013369602675084025
    }, 
    "H1": {
        "error": 0.012288616321729794, 
        "fit": "average", 
        "value": 0.014196743610712777
    }, 
    "H2": {
        "error": 0.012067615739107735, 
        "fit": "average", 
        "value": 0.16837570198331378
    }, 
    "L1": {
        "error": 0.015095513614777126, 
        "fit": "average", 
        "value": -0.18514680422376842
    }, 
    "L2": {
        "error": 0.012120271345195515, 
        "fit": "average", 
        "value": 0.09188835160712187
    }
}