{
    "AX": {
        "error": 0.009865530858966362, 
        "fit": "average", 
        "value": -0.062312250530036785
    }, 
    "CDD": {
        "error": 1.2984592509975989e-05, 
        "fit": "average", 
        "value": 0.00013369602675084025
    }, 
    "H1": {
        "error": 0.011860613690033278, 
        "fit": "average", 
        "value": 0.011149138153996319
    }, 
    "H2": {
        "error": 0.011438777447395783, 
        "fit": "average", 
        "value": 0.17105411746306345
    }, 
    "L1": {
        "error": 0.013528558636697345, 
        "fit": "average", 
        "value": -0.1842164951066176
    }, 
    "L2": {
        "error": 0.014050610304947668, 
        "fit": "average", 
        "value": 0.11190663028974086
    }
}