{
    "AX": {
        "error": 0.011093647303504891, 
        "fit": "average", 
        "value": -0.05968973040532243
    }, 
    "CDD": {
        "error": 1.3184511392249573e-05, 
        "fit": "average", 
        "value": 0.00010313693492207676
    }, 
    "H1": {
        "error": 0.012105499997793409, 
        "fit": "average", 
        "value": -0.01645964907365851
    }, 
    "H2": {
        "error": 0.009989861286932671, 
        "fit": "average", 
        "value": 0.19315667647946005
    }, 
    "L1": {
        "error": 0.01531326379983725, 
        "fit": "average", 
        "value": -0.20223121606977656
    }, 
    "L2": {
        "error": 0.01229714914080282, 
        "fit": "average", 
        "value": 0.0794844520171561
    }
}