{
    "AX": {
        "error": 0.009643521110817403, 
        "fit": "average", 
        "value": -0.06502411626570392
    }, 
    "CDD": {
        "error": 9.113353158166724e-06, 
        "fit": "average", 
        "value": 6.111818365752696e-05
    }, 
    "H1": {
        "error": 0.010676316262934407, 
        "fit": "average", 
        "value": -0.019267909927293658
    }, 
    "H2": {
        "error": 0.010874620009733705, 
        "fit": "average", 
        "value": 0.1747840710100718
    }, 
    "L1": {
        "error": 0.01199246938952442, 
        "fit": "average", 
        "value": -0.18421048535274168
    }, 
    "L2": {
        "error": 0.012030998429978377, 
        "fit": "average", 
        "value": 0.08610490982149106
    }
}