{
    "AX": {
        "error": 0.01157395201411761, 
        "fit": "average", 
        "value": -0.05880810664578651
    }, 
    "CDD": {
        "error": 1.3451005758328942e-05, 
        "fit": "average", 
        "value": 0.00012732954928651452
    }, 
    "H1": {
        "error": 0.010820511992664799, 
        "fit": "average", 
        "value": -0.004644646430945917
    }, 
    "H2": {
        "error": 0.010837609633818352, 
        "fit": "average", 
        "value": 0.17226719119547246
    }, 
    "L1": {
        "error": 0.0118236037468203, 
        "fit": "average", 
        "value": -0.18563856941182166
    }, 
    "L2": {
        "error": 0.013237237877736488, 
        "fit": "average", 
        "value": 0.08885645265302931
    }
}