{
    "AX": {
        "error": 0.010624924911362176, 
        "fit": "average", 
        "value": -0.042531430151575476
    }, 
    "CDD": {
        "error": 1.4673686343398852e-05, 
        "fit": "average", 
        "value": 0.00016043523210100829
    }, 
    "H1": {
        "error": 0.011864206501955792, 
        "fit": "average", 
        "value": 0.016204166204988723
    }, 
    "H2": {
        "error": 0.012968206148311453, 
        "fit": "average", 
        "value": 0.20480528946888324
    }, 
    "L1": {
        "error": 0.012780171116562497, 
        "fit": "average", 
        "value": -0.19213465179879374
    }, 
    "L2": {
        "error": 0.013077542460932548, 
        "fit": "average", 
        "value": 0.06939709297973119
    }
}