{
    "AX": {
        "error": 0.058052567433218474, 
        "fit": "average_SEM", 
        "value": -0.011465346968422333
    }, 
    "CDD": {
        "error": 0.00015637983183787378, 
        "fit": "average_SEM", 
        "value": 0.0001563797830992068
    }, 
    "H1": {
        "error": 0.12575626568829376, 
        "fit": "average_SEM", 
        "value": 0.0521270344829342
    }, 
    "H2": {
        "error": 0.13250407523111488, 
        "fit": "average_SEM", 
        "value": -0.2962226677375535
    }, 
    "L1": {
        "error": 0.15209452529952244, 
        "fit": "average_SEM", 
        "value": -0.10131966553938886
    }, 
    "L2": {
        "error": 0.15420678400518567, 
        "fit": "average_SEM", 
        "value": 0.009124533337308094
    }
}