{
    "AX": {
        "error": 0.054133540291812686, 
        "fit": "average_SEM", 
        "value": -0.010299607484375884
    }, 
    "CDD": {
        "error": 0.00010826442993072255, 
        "fit": "average_SEM", 
        "value": 7.88360880202769e-05
    }, 
    "H1": {
        "error": 0.1280689948229126, 
        "fit": "average_SEM", 
        "value": 0.03438032274813547
    }, 
    "H2": {
        "error": 0.12625520438439936, 
        "fit": "average_SEM", 
        "value": -0.3011854778043926
    }, 
    "L1": {
        "error": 0.16106998790998137, 
        "fit": "average_SEM", 
        "value": -0.10417341128534947
    }, 
    "L2": {
        "error": 0.13220973167492164, 
        "fit": "average_SEM", 
        "value": -0.00769077616132563
    }
}