{
    "AX": {
        "error": 0.060176674902062244, 
        "fit": "average_SEM", 
        "value": -0.014524535543993503
    }, 
    "CDD": {
        "error": 0.0001284180030538961, 
        "fit": "average_SEM", 
        "value": 0.00010726877614312495
    }, 
    "H1": {
        "error": 0.12152369367013978, 
        "fit": "average_SEM", 
        "value": 0.032707534185343924
    }, 
    "H2": {
        "error": 0.12004348588358295, 
        "fit": "average_SEM", 
        "value": -0.30956202937910954
    }, 
    "L1": {
        "error": 0.16619330230261425, 
        "fit": "average_SEM", 
        "value": -0.11168970891036831
    }, 
    "L2": {
        "error": 0.11290138983630249, 
        "fit": "average_SEM", 
        "value": -0.007229462635101906
    }
}