{
    "AX": {
        "error": 0.06018897276203745, 
        "fit": "average_SEM", 
        "value": -0.014754329866779397
    }, 
    "CDD": {
        "error": 0.0001703600009188666, 
        "fit": "average_SEM", 
        "value": 0.00017188852216349916
    }, 
    "H1": {
        "error": 0.12677837341706988, 
        "fit": "average_SEM", 
        "value": 0.04429698216651256
    }, 
    "H2": {
        "error": 0.12837959384169603, 
        "fit": "average_SEM", 
        "value": -0.2845510220504366
    }, 
    "L1": {
        "error": 0.16487334509233045, 
        "fit": "average_SEM", 
        "value": -0.11353341708891093
    }, 
    "L2": {
        "error": 0.15346934383815172, 
        "fit": "average_SEM", 
        "value": -0.003054048338284095
    }
}