{
    "AX": {
        "error": 0.059630981587621965, 
        "fit": "average_SEM", 
        "value": -0.02223198537734182
    }, 
    "CDD": {
        "error": 0.00013606016315573948, 
        "fit": "average_SEM", 
        "value": 0.00010726877614312495
    }, 
    "H1": {
        "error": 0.12472090818770934, 
        "fit": "average_SEM", 
        "value": 0.02503195599031945
    }, 
    "H2": {
        "error": 0.11158944675842467, 
        "fit": "average_SEM", 
        "value": -0.3017820717922101
    }, 
    "L1": {
        "error": 0.16053444547790174, 
        "fit": "average_SEM", 
        "value": -0.12152122750679457
    }, 
    "L2": {
        "error": 0.1390855469530931, 
        "fit": "average_SEM", 
        "value": 0.009288558984553674
    }
}