{
    "AX": {
        "error": 0.05962443380690249, 
        "fit": "average_SEM", 
        "value": -0.012372498350062718
    }, 
    "CDD": {
        "error": 0.0001660187463775927, 
        "fit": "average_SEM", 
        "value": 0.00018868965659445773
    }, 
    "H1": {
        "error": 0.12463963428352581, 
        "fit": "average_SEM", 
        "value": 0.043095344396836786
    }, 
    "H2": {
        "error": 0.11362729822974843, 
        "fit": "average_SEM", 
        "value": -0.29510477976873517
    }, 
    "L1": {
        "error": 0.16041984235404907, 
        "fit": "average_SEM", 
        "value": -0.08959688138177929
    }, 
    "L2": {
        "error": 0.13280959380253776, 
        "fit": "average_SEM", 
        "value": 0.00990518046116146
    }
}