{
    "AX": {
        "error": 0.05577881438975158, 
        "fit": "average_SEM", 
        "value": -0.015724998656272266
    }, 
    "CDD": {
        "error": 0.00017832075549894798, 
        "fit": "average_SEM", 
        "value": 0.00022099953105983634
    }, 
    "H1": {
        "error": 0.13153544214383017, 
        "fit": "average_SEM", 
        "value": 0.04171793673885986
    }, 
    "H2": {
        "error": 0.14130785144250407, 
        "fit": "average_SEM", 
        "value": -0.315008457726799
    }, 
    "L1": {
        "error": 0.1626214728321513, 
        "fit": "average_SEM", 
        "value": -0.10557429541756089
    }, 
    "L2": {
        "error": 0.12733211866255437, 
        "fit": "average_SEM", 
        "value": -0.007496514109273752
    }
}