{
    "AX": {
        "error": 0.05472701419133013, 
        "fit": "average_SEM", 
        "value": -0.019560400963860046
    }, 
    "CDD": {
        "error": 0.0001614670239915479, 
        "fit": "average_SEM", 
        "value": 0.0001537949940635978
    }, 
    "H1": {
        "error": 0.1268235324093226, 
        "fit": "average_SEM", 
        "value": 0.03418089710515536
    }, 
    "H2": {
        "error": 0.13962574311352377, 
        "fit": "average_SEM", 
        "value": -0.30167456311173735
    }, 
    "L1": {
        "error": 0.15322105779455888, 
        "fit": "average_SEM", 
        "value": -0.08582173984614201
    }, 
    "L2": {
        "error": 0.13760156650932706, 
        "fit": "average_SEM", 
        "value": 0.003911928226201174
    }
}