{
    "AX": {
        "error": 0.055475314687132994, 
        "fit": "average_SEM", 
        "value": -0.017447501103257917
    }, 
    "CDD": {
        "error": 0.00015143880070590956, 
        "fit": "average_SEM", 
        "value": 0.00011890033104767402
    }, 
    "H1": {
        "error": 0.14095941193439954, 
        "fit": "average_SEM", 
        "value": 0.045685242135853815
    }, 
    "H2": {
        "error": 0.11604735919168127, 
        "fit": "average_SEM", 
        "value": -0.3099951469805092
    }, 
    "L1": {
        "error": 0.1646509361957592, 
        "fit": "average_SEM", 
        "value": -0.1164324022771325
    }, 
    "L2": {
        "error": 0.13751059990121697, 
        "fit": "average_SEM", 
        "value": -0.003071661635961694
    }
}