{
    "AX": {
        "error": 0.0539990009392569, 
        "fit": "average_SEM", 
        "value": -0.013652877800632268
    }, 
    "CDD": {
        "error": 0.00016530704720475221, 
        "fit": "average_SEM", 
        "value": 0.00018610486755884874
    }, 
    "H1": {
        "error": 0.1306997854089276, 
        "fit": "average_SEM", 
        "value": 0.034862258415523685
    }, 
    "H2": {
        "error": 0.1279932954169604, 
        "fit": "average_SEM", 
        "value": -0.2980614525886873
    }, 
    "L1": {
        "error": 0.16294447903559206, 
        "fit": "average_SEM", 
        "value": -0.09626480787034476
    }, 
    "L2": {
        "error": 0.12678582167255173, 
        "fit": "average_SEM", 
        "value": -0.0004443144013445514
    }
}