{
    "AX": {
        "error": 0.0563435447515763, 
        "fit": "average_SEM", 
        "value": -0.016436391090974212
    }, 
    "CDD": {
        "error": 0.00017341726221560278, 
        "fit": "average_SEM", 
        "value": 0.00014862541526478406
    }, 
    "H1": {
        "error": 0.12254453328807317, 
        "fit": "average_SEM", 
        "value": 0.0243612465254652
    }, 
    "H2": {
        "error": 0.13662544204457733, 
        "fit": "average_SEM", 
        "value": -0.31198140218233067
    }, 
    "L1": {
        "error": 0.15642746918333703, 
        "fit": "average_SEM", 
        "value": -0.08773732558183837
    }, 
    "L2": {
        "error": 0.15211005855388351, 
        "fit": "average_SEM", 
        "value": 0.007997038188235214
    }
}