{
    "AX": {
        "error": 0.06121646315041524, 
        "fit": "average_SEM", 
        "value": -0.018262671839329413
    }, 
    "CDD": {
        "error": 0.00015495157901368985, 
        "fit": "average_SEM", 
        "value": 0.0001486254145371883
    }, 
    "H1": {
        "error": 0.1327241027241704, 
        "fit": "average_SEM", 
        "value": 0.02618572244294531
    }, 
    "H2": {
        "error": 0.1315537597498548, 
        "fit": "average_SEM", 
        "value": -0.2967971686118593
    }, 
    "L1": {
        "error": 0.15579360691921645, 
        "fit": "average_SEM", 
        "value": -0.10408686116182556
    }, 
    "L2": {
        "error": 0.14651221153977345, 
        "fit": "average_SEM", 
        "value": -0.008253984743108352
    }
}