{
    "AX": {
        "error": 0.056019884666992356, 
        "fit": "average_SEM", 
        "value": -0.0028883279435831357
    }, 
    "CDD": {
        "error": 0.00014772291276474438, 
        "fit": "average_SEM", 
        "value": 0.00012665470082235213
    }, 
    "H1": {
        "error": 0.13063122759360363, 
        "fit": "average_SEM", 
        "value": 0.03359806743489268
    }, 
    "H2": {
        "error": 0.13409914151903077, 
        "fit": "average_SEM", 
        "value": -0.31169959615605575
    }, 
    "L1": {
        "error": 0.16480223355525073, 
        "fit": "average_SEM", 
        "value": -0.08873131559812464
    }, 
    "L2": {
        "error": 0.12905623322608722, 
        "fit": "average_SEM", 
        "value": -0.008374241991744687
    }
}