{
    "AX": {
        "error": 0.059024182582519576, 
        "fit": "average_SEM", 
        "value": -0.008127716405094057
    }, 
    "CDD": {
        "error": 0.00011384571600661354, 
        "fit": "average_SEM", 
        "value": 9.692961684777401e-05
    }, 
    "H1": {
        "error": 0.11978718892552259, 
        "fit": "average_SEM", 
        "value": 0.03062341223897723
    }, 
    "H2": {
        "error": 0.1301975696532712, 
        "fit": "average_SEM", 
        "value": -0.3056310503433148
    }, 
    "L1": {
        "error": 0.16227220377814117, 
        "fit": "average_SEM", 
        "value": -0.10286228364663354
    }, 
    "L2": {
        "error": 0.1288019872215198, 
        "fit": "average_SEM", 
        "value": 0.005559012069231054
    }
}