{
    "AX": {
        "error": 0.060519520036488535, 
        "fit": "average_SEM", 
        "value": -0.015373079313333923
    }, 
    "CDD": {
        "error": 0.00016121647991282988, 
        "fit": "average_SEM", 
        "value": 0.0002158299498357034
    }, 
    "H1": {
        "error": 0.12254286766623701, 
        "fit": "average_SEM", 
        "value": 0.053679076751480655
    }, 
    "H2": {
        "error": 0.13747610386436732, 
        "fit": "average_SEM", 
        "value": -0.30764325900624195
    }, 
    "L1": {
        "error": 0.15999340064493456, 
        "fit": "average_SEM", 
        "value": -0.09821320099775524
    }, 
    "L2": {
        "error": 0.1229333927712522, 
        "fit": "average_SEM", 
        "value": -0.005736031877737939
    }
}