{
    "AX": {
        "error": 0.052154859628872875, 
        "fit": "average_SEM", 
        "value": -0.0059225828452326825
    }, 
    "CDD": {
        "error": 0.0001005282209465303, 
        "fit": "average_SEM", 
        "value": 7.75436928961426e-05
    }, 
    "H1": {
        "error": 0.11263546197978287, 
        "fit": "average_SEM", 
        "value": 0.015758390588962355
    }, 
    "H2": {
        "error": 0.12125663760243663, 
        "fit": "average_SEM", 
        "value": -0.31486257932459316
    }, 
    "L1": {
        "error": 0.14915019401558688, 
        "fit": "average_SEM", 
        "value": -0.1141409515311049
    }, 
    "L2": {
        "error": 0.13644014723390135, 
        "fit": "average_SEM", 
        "value": 0.010724117620945132
    }
}