{
    "AX": {
        "error": 0.00968307295383373, 
        "fit": "average", 
        "value": -0.052281480538658796
    }, 
    "CDD": {
        "error": 9.726589272388063e-06, 
        "fit": "average", 
        "value": 8.149091154336929e-05
    }, 
    "H1": {
        "error": 0.011207666767657443, 
        "fit": "average", 
        "value": 0.06119001147223268
    }, 
    "H2": {
        "error": 0.011649688361085427, 
        "fit": "average", 
        "value": -0.06818255161439689
    }, 
    "L1": {
        "error": 0.01137828536477434, 
        "fit": "average", 
        "value": -0.19617884991069634
    }, 
    "L2": {
        "error": 0.01208434719367946, 
        "fit": "average", 
        "value": 0.08634400633357776
    }
}