{
    "AX": {
        "error": 0.011176032001615092, 
        "fit": "average", 
        "value": -0.056592343351561186
    }, 
    "CDD": {
        "error": 1.2493157743340394e-05, 
        "fit": "average", 
        "value": 0.00011714318534359336
    }, 
    "H1": {
        "error": 0.01103217666419156, 
        "fit": "average", 
        "value": 0.04863318886103419
    }, 
    "H2": {
        "error": 0.010537954485878442, 
        "fit": "average", 
        "value": 0.19161814376711844
    }, 
    "L1": {
        "error": 0.013979136700435902, 
        "fit": "average", 
        "value": -0.2095320310727402
    }, 
    "L2": {
        "error": 0.01212003896637054, 
        "fit": "average", 
        "value": 0.09061755286820698
    }
}