{
    "AX": {
        "error": 0.010946761862398522, 
        "fit": "average", 
        "value": -0.06009176209651438
    }, 
    "CDD": {
        "error": 1.3770817999212723e-05, 
        "fit": "average", 
        "value": 0.000166801709565334
    }, 
    "H1": {
        "error": 0.013165854573519849, 
        "fit": "average", 
        "value": 0.059965067533388115
    }, 
    "H2": {
        "error": 0.010998146333911963, 
        "fit": "average", 
        "value": 0.20205288180926192
    }, 
    "L1": {
        "error": 0.013002752546221191, 
        "fit": "average", 
        "value": -0.18426121418209127
    }, 
    "L2": {
        "error": 0.012246939334685522, 
        "fit": "average", 
        "value": 0.07969750403329574
    }
}