{
    "AX": {
        "error": 0.010901588743127608, 
        "fit": "average", 
        "value": -0.05650025268550962
    }, 
    "CDD": {
        "error": 1.4682968200449106e-05, 
        "fit": "average", 
        "value": 0.0001324227312579751
    }, 
    "H1": {
        "error": 0.010713223856716133, 
        "fit": "average", 
        "value": 0.07248365255224296
    }, 
    "H2": {
        "error": 0.010697249427386143, 
        "fit": "average", 
        "value": 0.1909446920772704
    }, 
    "L1": {
        "error": 0.012555296811747567, 
        "fit": "average", 
        "value": -0.18213954869279406
    }, 
    "L2": {
        "error": 0.011679966273926758, 
        "fit": "average", 
        "value": 0.10689940179387729
    }
}