{
    "AX": {
        "error": 0.009756981466896656, 
        "fit": "average", 
        "value": -0.05489118222370356
    }, 
    "CDD": {
        "error": 1.2695986392568827e-05, 
        "fit": "average", 
        "value": 0.0001235096628079191
    }, 
    "H1": {
        "error": 0.011230129231597816, 
        "fit": "average", 
        "value": 0.0478042073509035
    }, 
    "H2": {
        "error": 0.011975433751130679, 
        "fit": "average", 
        "value": 0.21610775796774154
    }, 
    "L1": {
        "error": 0.011924335260322603, 
        "fit": "average", 
        "value": -0.17978543468440572
    }, 
    "L2": {
        "error": 0.012514038824209303, 
        "fit": "average", 
        "value": 0.08816218614034975
    }
}