{
    "AX": {
        "error": 0.008875363293034764, 
        "fit": "average", 
        "value": -0.05516916757551371
    }, 
    "CDD": {
        "error": 1.3731186812640862e-05, 
        "fit": "average", 
        "value": 0.00012605625379364939
    }, 
    "H1": {
        "error": 0.011808468927374303, 
        "fit": "average", 
        "value": 0.054073122176729764
    }, 
    "H2": {
        "error": 0.011446664971661545, 
        "fit": "average", 
        "value": 0.19795337796288853
    }, 
    "L1": {
        "error": 0.012170359402962022, 
        "fit": "average", 
        "value": -0.19694282627024223
    }, 
    "L2": {
        "error": 0.01152446500691093, 
        "fit": "average", 
        "value": 0.09236257127831778
    }
}