{
    "AX": {
        "error": 0.011048305609422326, 
        "fit": "average", 
        "value": -0.05268205849024525
    }, 
    "CDD": {
        "error": 1.2987215395066872e-05, 
        "fit": "average", 
        "value": 0.00014006250421516597
    }, 
    "H1": {
        "error": 0.011901427478860008, 
        "fit": "average", 
        "value": 0.0645858326771607
    }, 
    "H2": {
        "error": 0.010772927553878615, 
        "fit": "average", 
        "value": 0.20943570900174865
    }, 
    "L1": {
        "error": 0.01257254921446599, 
        "fit": "average", 
        "value": -0.1660543060483178
    }, 
    "L2": {
        "error": 0.011871545524106769, 
        "fit": "average", 
        "value": 0.11327967435742418
    }
}