{
    "AX": {
        "error": 0.009130665928643733, 
        "fit": "average", 
        "value": -0.06439726346094782
    }, 
    "CDD": {
        "error": 1.0527724217929958e-05, 
        "fit": "average", 
        "value": 8.276420703623444e-05
    }, 
    "H1": {
        "error": 0.010655313464910996, 
        "fit": "average", 
        "value": 0.06573811455891701
    }, 
    "H2": {
        "error": 0.01092143265278496, 
        "fit": "average", 
        "value": 0.20843809768751573
    }, 
    "L1": {
        "error": 0.011864104057015866, 
        "fit": "average", 
        "value": -0.17119604257071236
    }, 
    "L2": {
        "error": 0.012266800176363514, 
        "fit": "average", 
        "value": 0.0837927306885831
    }
}