{
    "AX": {
        "error": 0.010056967106012562, 
        "fit": "average", 
        "value": -0.05830956526624505
    }, 
    "CDD": {
        "error": 1.1937725095423563e-05, 
        "fit": "average", 
        "value": 8.9130684985624e-05
    }, 
    "H1": {
        "error": 0.012087202357150544, 
        "fit": "average", 
        "value": 0.06750730192288756
    }, 
    "H2": {
        "error": 0.017092901701759967, 
        "fit": "average", 
        "value": 0.08748321683572916
    }, 
    "L1": {
        "error": 0.014193533916116453, 
        "fit": "average", 
        "value": -0.16673520185674232
    }, 
    "L2": {
        "error": 0.011968835630831997, 
        "fit": "average", 
        "value": 0.09496654060591633
    }
}