{
    "AX": {
        "error": 0.008684339266543809, 
        "fit": "average", 
        "value": -0.05708212278720263
    }, 
    "CDD": {
        "error": 1.2048485188954281e-05, 
        "fit": "average", 
        "value": 0.00010823011689353734
    }, 
    "H1": {
        "error": 0.010227041784495955, 
        "fit": "average", 
        "value": 0.065679887347081
    }, 
    "H2": {
        "error": 0.012014688250811053, 
        "fit": "average", 
        "value": 0.20942190755158663
    }, 
    "L1": {
        "error": 0.010956068023472758, 
        "fit": "average", 
        "value": -0.15882026151909182
    }, 
    "L2": {
        "error": 0.010758393018880267, 
        "fit": "average", 
        "value": 0.07729333614115604
    }
}