{
    "AX": {
        "error": 0.010423625591038106, 
        "fit": "average", 
        "value": -0.058590109867509454
    }, 
    "CDD": {
        "error": 9.04055623683418e-06, 
        "fit": "average", 
        "value": 7.512443407904356e-05
    }, 
    "H1": {
        "error": 0.012834647650900255, 
        "fit": "average", 
        "value": 0.057763187003244336
    }, 
    "H2": {
        "error": 0.012497772504497004, 
        "fit": "average", 
        "value": -0.06991462055593729
    }, 
    "L1": {
        "error": 0.012647315255195716, 
        "fit": "average", 
        "value": -0.15432987589932357
    }, 
    "L2": {
        "error": 0.011653338347324434, 
        "fit": "average", 
        "value": 0.0913698124907872
    }
}