{
    "AX": {
        "error": 0.01010614618541253, 
        "fit": "average", 
        "value": -0.04730526684749445
    }, 
    "CDD": {
        "error": 1.1190180816900723e-05, 
        "fit": "average", 
        "value": 9.29505709791556e-05
    }, 
    "H1": {
        "error": 0.010451243689804325, 
        "fit": "average", 
        "value": 0.05320694197046881
    }, 
    "H2": {
        "error": 0.010555453296165326, 
        "fit": "average", 
        "value": -0.07665729267173446
    }, 
    "L1": {
        "error": 0.01282196440001015, 
        "fit": "average", 
        "value": -0.16241659280134021
    }, 
    "L2": {
        "error": 0.011151951125485, 
        "fit": "average", 
        "value": 0.09502915917546488
    }
}