{
    "AX": {
        "error": 0.009887018406730948, 
        "fit": "average", 
        "value": -0.054981228213728174
    }, 
    "CDD": {
        "error": 1.0924032518370652e-05, 
        "fit": "average", 
        "value": 9.040397999342531e-05
    }, 
    "H1": {
        "error": 0.010844216093717102, 
        "fit": "average", 
        "value": 0.0465040936464599
    }, 
    "H2": {
        "error": 0.011374564266385808, 
        "fit": "average", 
        "value": -0.06567456496316784
    }, 
    "L1": {
        "error": 0.013186335770707736, 
        "fit": "average", 
        "value": -0.1873727234158044
    }, 
    "L2": {
        "error": 0.013435445562347301, 
        "fit": "average", 
        "value": 0.09834494960183898
    }
}