{
    "AX": {
        "error": 0.009546406192935394, 
        "fit": "average", 
        "value": -0.0545758599730713
    }, 
    "CDD": {
        "error": 7.49574924005782e-06, 
        "fit": "average", 
        "value": 4.3292046757414934e-05
    }, 
    "H1": {
        "error": 0.011780038217609833, 
        "fit": "average", 
        "value": 0.037989594998725805
    }, 
    "H2": {
        "error": 0.01128718946701702, 
        "fit": "average", 
        "value": -0.05859899660669422
    }, 
    "L1": {
        "error": 0.014376475169680885, 
        "fit": "average", 
        "value": -0.17348298958968372
    }, 
    "L2": {
        "error": 0.011037572953955034, 
        "fit": "average", 
        "value": 0.07716323342622976
    }
}