{
    "AX": {
        "error": 0.011038144842167048, 
        "fit": "average", 
        "value": -0.050202320580380426
    }, 
    "CDD": {
        "error": 1.3769333888275014e-05, 
        "fit": "average", 
        "value": 0.00015024886815808713
    }, 
    "H1": {
        "error": 0.010447952812793489, 
        "fit": "average", 
        "value": 0.06724655099242227
    }, 
    "H2": {
        "error": 0.011296804002200725, 
        "fit": "average", 
        "value": -0.07966416738539313
    }, 
    "L1": {
        "error": 0.012996498136337567, 
        "fit": "average", 
        "value": -0.17619009087017426
    }, 
    "L2": {
        "error": 0.012573441557327767, 
        "fit": "average", 
        "value": 0.07110230688995216
    }
}