{
    "AX": {
        "error": 0.010163089870963258, 
        "fit": "average", 
        "value": -0.06229685358460604
    }, 
    "CDD": {
        "error": 8.545512542528891e-06, 
        "fit": "average", 
        "value": 5.093181971460581e-05
    }, 
    "H1": {
        "error": 0.010755986016326761, 
        "fit": "average", 
        "value": 0.0244386934209615
    }, 
    "H2": {
        "error": 0.011580518313167473, 
        "fit": "average", 
        "value": -0.06462276694461859
    }, 
    "L1": {
        "error": 0.012526038582758412, 
        "fit": "average", 
        "value": -0.18502044148432711
    }, 
    "L2": {
        "error": 0.01060666012649305, 
        "fit": "average", 
        "value": 0.07990541740048987
    }
}