{
    "AX": {
        "error": 0.009196159371929387, 
        "fit": "average", 
        "value": -0.05489083210050012
    }, 
    "CDD": {
        "error": 1.2493157743340394e-05, 
        "fit": "average", 
        "value": 0.00011205000337213277
    }, 
    "H1": {
        "error": 0.01165911786868674, 
        "fit": "average", 
        "value": 0.06732101317284105
    }, 
    "H2": {
        "error": 0.011206768595165194, 
        "fit": "average", 
        "value": -0.05785376098550235
    }, 
    "L1": {
        "error": 0.012440895346089267, 
        "fit": "average", 
        "value": -0.17536547418761378
    }, 
    "L2": {
        "error": 0.01298693040056348, 
        "fit": "average", 
        "value": 0.08156196485021307
    }
}