{
    "AX": {
        "error": 0.00946226424136124, 
        "fit": "average", 
        "value": -0.050718864974866544
    }, 
    "CDD": {
        "error": 8.273333600342954e-06, 
        "fit": "average", 
        "value": 5.6025001686066386e-05
    }, 
    "H1": {
        "error": 0.010289013057167739, 
        "fit": "average", 
        "value": 0.061198272647258516
    }, 
    "H2": {
        "error": 0.010619654998553007, 
        "fit": "average", 
        "value": -0.06200172180542722
    }, 
    "L1": {
        "error": 0.014086668734727303, 
        "fit": "average", 
        "value": -0.16275436934859802
    }, 
    "L2": {
        "error": 0.011233983318733851, 
        "fit": "average", 
        "value": 0.09483804998841758
    }
}