{
    "AX": {
        "error": 0.011022029630793958, 
        "fit": "average", 
        "value": -0.050802463403185054
    }, 
    "CDD": {
        "error": 8.442053131015765e-06, 
        "fit": "average", 
        "value": 5.4751706193201245e-05
    }, 
    "H1": {
        "error": 0.011468260662493616, 
        "fit": "average", 
        "value": 0.04855567331930312
    }, 
    "H2": {
        "error": 0.012758675627710646, 
        "fit": "average", 
        "value": -0.05935156393291739
    }, 
    "L1": {
        "error": 0.01190974900891017, 
        "fit": "average", 
        "value": -0.1855171576840803
    }, 
    "L2": {
        "error": 0.011714863914247697, 
        "fit": "average", 
        "value": 0.08139079512135747
    }
}