{
    "AX": {
        "error": 0.010308735202743082, 
        "fit": "average", 
        "value": -0.05426584839976082
    }, 
    "CDD": {
        "error": 1.2614166243595934e-05, 
        "fit": "average", 
        "value": 8.785738900769502e-05
    }, 
    "H1": {
        "error": 0.010766817644642287, 
        "fit": "average", 
        "value": 0.054444851457325666
    }, 
    "H2": {
        "error": 0.01145521114965427, 
        "fit": "average", 
        "value": -0.06111952997913856
    }, 
    "L1": {
        "error": 0.01249367488139753, 
        "fit": "average", 
        "value": -0.17632550797425212
    }, 
    "L2": {
        "error": 0.010600859818418563, 
        "fit": "average", 
        "value": 0.08698437725543044
    }
}