{
    "AX": {
        "error": 0.005003658860512652, 
        "fit": "average", 
        "value": 0.0046199459983351215
    }, 
    "CDD": {
        "error": 9.430383123837346e-06, 
        "fit": "average", 
        "value": 6.2034954559446e-05
    }, 
    "H1": {
        "error": 0.010940059513301511, 
        "fit": "average", 
        "value": -0.04479731327931707
    }, 
    "H2": {
        "error": 0.010606956505159621, 
        "fit": "average", 
        "value": -0.36030163007477917
    }, 
    "L1": {
        "error": 0.019675011195850436, 
        "fit": "average", 
        "value": -0.1804482816058832
    }, 
    "L2": {
        "error": 0.012649102656422448, 
        "fit": "average", 
        "value": -0.08865011166005085
    }
}