{
    "AX": {
        "error": 0.0053209286434170566, 
        "fit": "average", 
        "value": 0.0015119023126317188
    }, 
    "CDD": {
        "error": 1.2265885098074877e-05, 
        "fit": "average", 
        "value": 0.00012794709424876298
    }, 
    "H1": {
        "error": 0.011335285636682995, 
        "fit": "average", 
        "value": -0.04174453512823675
    }, 
    "H2": {
        "error": 0.010767173315763377, 
        "fit": "average", 
        "value": -0.35272198195258775
    }, 
    "L1": {
        "error": 0.020832507766477652, 
        "fit": "average", 
        "value": -0.178505183562811
    }, 
    "L2": {
        "error": 0.014014992741854658, 
        "fit": "average", 
        "value": -0.0789093368225925
    }
}