{
    "AX": {
        "error": 0.005426803756765011, 
        "fit": "average", 
        "value": 0.008286132677070176
    }, 
    "CDD": {
        "error": 1.6921007407362907e-05, 
        "fit": "average", 
        "value": 0.00016930373409801785
    }, 
    "H1": {
        "error": 0.012084081607636462, 
        "fit": "average", 
        "value": -0.053022171133003816
    }, 
    "H2": {
        "error": 0.011035921934455526, 
        "fit": "average", 
        "value": -0.35194861131409805
    }, 
    "L1": {
        "error": 0.021283324410539588, 
        "fit": "average", 
        "value": -0.18444564422922363
    }, 
    "L2": {
        "error": 0.012400059445111801, 
        "fit": "average", 
        "value": -0.10663540119615694
    }
}