{
    "AX": {
        "error": 0.0049679730798179375, 
        "fit": "average", 
        "value": 0.017103291797441973
    }, 
    "CDD": {
        "error": 1.4065970793830415e-05, 
        "fit": "average", 
        "value": 0.0001447482291647854
    }, 
    "H1": {
        "error": 0.010484614271139225, 
        "fit": "average", 
        "value": -0.06829706777643878
    }, 
    "H2": {
        "error": 0.012078620940621128, 
        "fit": "average", 
        "value": -0.3700968803837895
    }, 
    "L1": {
        "error": 0.020274499235458095, 
        "fit": "average", 
        "value": -0.1782453227089718
    }, 
    "L2": {
        "error": 0.012734549862805115, 
        "fit": "average", 
        "value": -0.08310071593926599
    }
}