{
    "AX": {
        "error": 0.005504728893368704, 
        "fit": "average", 
        "value": 0.008251185475091915
    }, 
    "CDD": {
        "error": 1.2137623845214324e-05, 
        "fit": "average", 
        "value": 0.00011373075103620068
    }, 
    "H1": {
        "error": 0.010204498042865565, 
        "fit": "average", 
        "value": -0.0593553994433023
    }, 
    "H2": {
        "error": 0.010184273715007132, 
        "fit": "average", 
        "value": -0.3508021344197914
    }, 
    "L1": {
        "error": 0.021107562309015122, 
        "fit": "average", 
        "value": -0.16916378805714583
    }, 
    "L2": {
        "error": 0.012542795924577115, 
        "fit": "average", 
        "value": -0.10236589427804574
    }
}