{
    "AX": {
        "error": 0.00553480139441214, 
        "fit": "average", 
        "value": -0.00394389440333119
    }, 
    "CDD": {
        "error": 1.5744074019488398e-05, 
        "fit": "average", 
        "value": 0.0002197071354506382
    }, 
    "H1": {
        "error": 0.011185289462250999, 
        "fit": "average", 
        "value": -0.038377215061336754
    }, 
    "H2": {
        "error": 0.011049261688710654, 
        "fit": "average", 
        "value": -0.07497736786026507
    }, 
    "L1": {
        "error": 0.019640163978549775, 
        "fit": "average", 
        "value": -0.1469377963299242
    }, 
    "L2": {
        "error": 0.013146473321199269, 
        "fit": "average", 
        "value": -0.08627727145697767
    }
}