{
    "AX": {
        "error": 0.00512479635583084, 
        "fit": "average", 
        "value": 0.004811192173845787
    }, 
    "CDD": {
        "error": 1.1631554241492625e-05, 
        "fit": "average", 
        "value": 0.0001046839863799202
    }, 
    "H1": {
        "error": 0.011095606939304071, 
        "fit": "average", 
        "value": -0.04178613146893137
    }, 
    "H2": {
        "error": 0.010943972325974672, 
        "fit": "average", 
        "value": -0.08838536514279743
    }, 
    "L1": {
        "error": 0.019686187518736763, 
        "fit": "average", 
        "value": -0.15599175997000808
    }, 
    "L2": {
        "error": 0.012486044574222043, 
        "fit": "average", 
        "value": -0.07465456104449307
    }
}