{
    "AX": {
        "error": 0.0052872956085703695, 
        "fit": "average", 
        "value": 0.011245721582478533
    }, 
    "CDD": {
        "error": 1.842674784707803e-05, 
        "fit": "average", 
        "value": 0.00024167785110572974
    }, 
    "H1": {
        "error": 0.010564035428012639, 
        "fit": "average", 
        "value": 0.0016240692280310516
    }, 
    "H2": {
        "error": 0.010707505493086175, 
        "fit": "average", 
        "value": -0.0738018339247598
    }, 
    "L1": {
        "error": 0.020311304474402676, 
        "fit": "average", 
        "value": -0.167734965289128
    }, 
    "L2": {
        "error": 0.011763787477611528, 
        "fit": "average", 
        "value": -0.07755996457199217
    }
}