{
    "AX": {
        "error": 0.005331754715058063, 
        "fit": "average", 
        "value": 0.0030548347742296754
    }, 
    "CDD": {
        "error": 1.4097368757609943e-05, 
        "fit": "average", 
        "value": 0.00017964289193817725
    }, 
    "H1": {
        "error": 0.012718416048755756, 
        "fit": "average", 
        "value": -0.0025203244724252725
    }, 
    "H2": {
        "error": 0.012570549686121125, 
        "fit": "average", 
        "value": -0.32816515766705073
    }, 
    "L1": {
        "error": 0.017058943426803738, 
        "fit": "average", 
        "value": -0.13268891383777373
    }, 
    "L2": {
        "error": 0.013215594485648248, 
        "fit": "average", 
        "value": -0.05287743282606243
    }
}