{
    "AX": {
        "error": 0.005487791040682231, 
        "fit": "average", 
        "value": 0.003862525825146198
    }, 
    "CDD": {
        "error": 1.4332863540954597e-05, 
        "fit": "average", 
        "value": 0.00012665470033728827
    }, 
    "H1": {
        "error": 0.011788081086484662, 
        "fit": "average", 
        "value": -0.037055488702996325
    }, 
    "H2": {
        "error": 0.011392516980912565, 
        "fit": "average", 
        "value": -0.3236214207795759
    }, 
    "L1": {
        "error": 0.01782397511399582, 
        "fit": "average", 
        "value": -0.1799282107987286
    }, 
    "L2": {
        "error": 0.011639218859971828, 
        "fit": "average", 
        "value": -0.038732653794189296
    }
}