{
    "AX": {
        "error": 0.005388490670365037, 
        "fit": "average", 
        "value": -0.000496147088415455
    }, 
    "CDD": {
        "error": 1.1341338130378896e-05, 
        "fit": "average", 
        "value": 0.00011114596078793208
    }, 
    "H1": {
        "error": 0.011636457262218885, 
        "fit": "average", 
        "value": -0.03050360117267701
    }, 
    "H2": {
        "error": 0.010276348299835423, 
        "fit": "average", 
        "value": -0.31820264663547276
    }, 
    "L1": {
        "error": 0.016707682046307255, 
        "fit": "average", 
        "value": -0.11885012831165416
    }, 
    "L2": {
        "error": 0.014120625418237791, 
        "fit": "average", 
        "value": -0.04163346694937597
    }
}