{
    "AX": {
        "error": 0.005023615780217807, 
        "fit": "average", 
        "value": 0.0032597764671663753
    }, 
    "CDD": {
        "error": 9.915048167118923e-06, 
        "fit": "average", 
        "value": 5.945016528130509e-05
    }, 
    "H1": {
        "error": 0.01239490381237401, 
        "fit": "average", 
        "value": -0.04198024940997129
    }, 
    "H2": {
        "error": 0.012236640586546907, 
        "fit": "average", 
        "value": -0.3361139276064932
    }, 
    "L1": {
        "error": 0.017720000218447263, 
        "fit": "average", 
        "value": -0.13748975996089333
    }, 
    "L2": {
        "error": 0.010803694793863911, 
        "fit": "average", 
        "value": -0.04827177463757835
    }
}