{
    "AX": {
        "error": 0.004768423297986918, 
        "fit": "average", 
        "value": -0.002426655697248255
    }, 
    "CDD": {
        "error": 1.4156981640045439e-05, 
        "fit": "average", 
        "value": 0.0001537949940635978
    }, 
    "H1": {
        "error": 0.012501093119920398, 
        "fit": "average", 
        "value": -0.012561727653276952
    }, 
    "H2": {
        "error": 0.011275762919654474, 
        "fit": "average", 
        "value": -0.3334607512457296
    }, 
    "L1": {
        "error": 0.01843856752449869, 
        "fit": "average", 
        "value": -0.14973247875265466
    }, 
    "L2": {
        "error": 0.011801409214537904, 
        "fit": "average", 
        "value": -0.03265675976484393
    }
}