{
    "AX": {
        "error": 0.00484246193226174, 
        "fit": "average", 
        "value": -0.0011770251983155807
    }, 
    "CDD": {
        "error": 1.7459897610392684e-05, 
        "fit": "average", 
        "value": 0.0002184147425092912
    }, 
    "H1": {
        "error": 0.011235795066658257, 
        "fit": "average", 
        "value": -0.0040260389369602
    }, 
    "H2": {
        "error": 0.011302709257847949, 
        "fit": "average", 
        "value": -0.3060814336873591
    }, 
    "L1": {
        "error": 0.019794283589135916, 
        "fit": "average", 
        "value": -0.2220567571988795
    }, 
    "L2": {
        "error": 0.01300438256327959, 
        "fit": "average", 
        "value": -0.03166738047390633
    }
}