{
    "AX": {
        "error": 0.005445637379926314, 
        "fit": "average", 
        "value": -0.004660444401330703
    }, 
    "CDD": {
        "error": 2.1081653618262176e-05, 
        "fit": "average", 
        "value": 0.00028949646706071994
    }, 
    "H1": {
        "error": 0.011674992944062577, 
        "fit": "average", 
        "value": -0.003985409254770881
    }, 
    "H2": {
        "error": 0.011234269437528583, 
        "fit": "average", 
        "value": -0.3136565806887423
    }, 
    "L1": {
        "error": 0.01948986730544867, 
        "fit": "average", 
        "value": -0.2171304434790121
    }, 
    "L2": {
        "error": 0.013552497306279365, 
        "fit": "average", 
        "value": -0.04746077658201102
    }
}