{
    "AX": {
        "error": 0.004822084154646049, 
        "fit": "average", 
        "value": 0.00484269256163922
    }, 
    "CDD": {
        "error": 1.1794526143387125e-05, 
        "fit": "average", 
        "value": 0.00012536230448555822
    }, 
    "H1": {
        "error": 0.011884815794101796, 
        "fit": "average", 
        "value": -0.01915808354485004
    }, 
    "H2": {
        "error": 0.011062088849820297, 
        "fit": "average", 
        "value": -0.32476236699149014
    }, 
    "L1": {
        "error": 0.01883877006271595, 
        "fit": "average", 
        "value": -0.13923542589182034
    }, 
    "L2": {
        "error": 0.014220227950710047, 
        "fit": "average", 
        "value": -0.03218853384266064
    }
}