{
    "AX": {
        "error": 0.005176647350458802, 
        "fit": "average", 
        "value": -0.0017350278238154714
    }, 
    "CDD": {
        "error": 1.0358147572890987e-05, 
        "fit": "average", 
        "value": 8.52980626708207e-05
    }, 
    "H1": {
        "error": 0.012025187296535591, 
        "fit": "average", 
        "value": -0.022371226601535454
    }, 
    "H2": {
        "error": 0.010295453612318572, 
        "fit": "average", 
        "value": -0.32090966834997137
    }, 
    "L1": {
        "error": 0.017350110452783875, 
        "fit": "average", 
        "value": -0.10701496523494522
    }, 
    "L2": {
        "error": 0.012747238490416325, 
        "fit": "average", 
        "value": -0.023191082425182686
    }
}