{
    "AX": {
        "error": 0.005371645668332009, 
        "fit": "average", 
        "value": -0.0019779197399960443
    }, 
    "CDD": {
        "error": 1.2842784009134176e-05, 
        "fit": "average", 
        "value": 0.00011243835663966213
    }, 
    "H1": {
        "error": 0.01197096166189224, 
        "fit": "average", 
        "value": -0.03649544152043139
    }, 
    "H2": {
        "error": 0.01655214064302008, 
        "fit": "average", 
        "value": -0.20752989717875608
    }, 
    "L1": {
        "error": 0.019350584029333845, 
        "fit": "average", 
        "value": -0.12818302384015018
    }, 
    "L2": {
        "error": 0.013169082383693843, 
        "fit": "average", 
        "value": -0.02701291556780537
    }
}