{
    "AX": {
        "error": 0.006266863253720172, 
        "fit": "average", 
        "value": -0.007116333266215709
    }, 
    "CDD": {
        "error": 1.1775469979800821e-05, 
        "fit": "average", 
        "value": 0.0001434558328279915
    }, 
    "H1": {
        "error": 0.01037151266545537, 
        "fit": "average", 
        "value": -0.0182574034416272
    }, 
    "H2": {
        "error": 0.011688301360952266, 
        "fit": "average", 
        "value": -0.07617272059433162
    }, 
    "L1": {
        "error": 0.01885992446623296, 
        "fit": "average", 
        "value": -0.11514405843724186
    }, 
    "L2": {
        "error": 0.012761956395746074, 
        "fit": "average", 
        "value": -0.028202207570332878
    }
}