{
    "AX": {
        "error": 0.005334100968735435, 
        "fit": "average", 
        "value": -0.0071200456334433206
    }, 
    "CDD": {
        "error": 1.2607288518963832e-05, 
        "fit": "average", 
        "value": 0.00013699385914757537
    }, 
    "H1": {
        "error": 0.011513715206486017, 
        "fit": "average", 
        "value": -0.00026214051298059833
    }, 
    "H2": {
        "error": 0.011065780053374644, 
        "fit": "average", 
        "value": -0.057407303151042775
    }, 
    "L1": {
        "error": 0.01811598743122697, 
        "fit": "average", 
        "value": -0.12919416990868438
    }, 
    "L2": {
        "error": 0.013097032994971931, 
        "fit": "average", 
        "value": -0.030888805380285097
    }
}