{
    "AX": {
        "error": 0.005432444844424983, 
        "fit": "average", 
        "value": 0.004841174733398171
    }, 
    "CDD": {
        "error": 1.2173995921436705e-05, 
        "fit": "average", 
        "value": 0.00011760793519594396
    }, 
    "H1": {
        "error": 0.011552004346421375, 
        "fit": "average", 
        "value": -0.038968222895103585
    }, 
    "H2": {
        "error": 0.010711898985299697, 
        "fit": "average", 
        "value": -0.32001597725902686
    }, 
    "L1": {
        "error": 0.01956940101077243, 
        "fit": "average", 
        "value": -0.20988928262377157
    }, 
    "L2": {
        "error": 0.01281666369816486, 
        "fit": "average", 
        "value": -0.04739728281905021
    }
}