{
    "AX": {
        "error": 0.00523549634732446, 
        "fit": "average", 
        "value": -0.005821042283302328
    }, 
    "CDD": {
        "error": 1.3609523405308256e-05, 
        "fit": "average", 
        "value": 0.00015767217773827725
    }, 
    "H1": {
        "error": 0.012941532120789623, 
        "fit": "average", 
        "value": -0.001772802926643635
    }, 
    "H2": {
        "error": 0.012509631289038477, 
        "fit": "average", 
        "value": -0.052585720798621574
    }, 
    "L1": {
        "error": 0.01868250355496008, 
        "fit": "average", 
        "value": -0.11207183438430851
    }, 
    "L2": {
        "error": 0.013317853837864912, 
        "fit": "average", 
        "value": -0.017677524862422918
    }
}