{
    "AX": {
        "error": 0.005589343377955383, 
        "fit": "average", 
        "value": -0.00835827778452464
    }, 
    "CDD": {
        "error": 1.6181957009469016e-05, 
        "fit": "average", 
        "value": 0.00019127444757032207
    }, 
    "H1": {
        "error": 0.012174937688161731, 
        "fit": "average", 
        "value": 0.008052720384633479
    }, 
    "H2": {
        "error": 0.011332363283220159, 
        "fit": "average", 
        "value": -0.04588959981471514
    }, 
    "L1": {
        "error": 0.019927586936124148, 
        "fit": "average", 
        "value": -0.11359855657380345
    }, 
    "L2": {
        "error": 0.01276541384179126, 
        "fit": "average", 
        "value": -0.007506191728559012
    }
}