{
    "AX": {
        "error": 0.004327616816790431, 
        "fit": "average", 
        "value": 0.0037283352023223413
    }, 
    "CDD": {
        "error": 9.711226261918763e-06, 
        "fit": "average", 
        "value": 7.625129825707214e-05
    }, 
    "H1": {
        "error": 0.012388301437875017, 
        "fit": "average", 
        "value": 0.007555298567846573
    }, 
    "H2": {
        "error": 0.011000814160812918, 
        "fit": "average", 
        "value": -0.058021283075383207
    }, 
    "L1": {
        "error": 0.018382709919682508, 
        "fit": "average", 
        "value": -0.09944762593562094
    }, 
    "L2": {
        "error": 0.011477760664488435, 
        "fit": "average", 
        "value": -0.01987600614860033
    }
}