{
    "AX": {
        "error": 0.005262461249699684, 
        "fit": "average", 
        "value": -0.0012760705751134083
    }, 
    "CDD": {
        "error": 1.3170838735371668e-05, 
        "fit": "average", 
        "value": 0.0001150231464028669
    }, 
    "H1": {
        "error": 0.011669081545746599, 
        "fit": "average", 
        "value": -0.010604775378790994
    }, 
    "H2": {
        "error": 0.011480835612944232, 
        "fit": "average", 
        "value": -0.06531901459481257
    }, 
    "L1": {
        "error": 0.0190969940191345, 
        "fit": "average", 
        "value": -0.116236059833318
    }, 
    "L2": {
        "error": 0.012352940716057813, 
        "fit": "average", 
        "value": -0.02234449297187287
    }
}