{
    "AX": {
        "error": 0.005594275634393567, 
        "fit": "average", 
        "value": 0.00046750958329842737
    }, 
    "CDD": {
        "error": 9.569268395685855e-06, 
        "fit": "average", 
        "value": 5.945016503877317e-05
    }, 
    "H1": {
        "error": 0.012189531474830309, 
        "fit": "average", 
        "value": -0.03452509945479202
    }, 
    "H2": {
        "error": 0.010432927987446886, 
        "fit": "average", 
        "value": -0.041190555093514075
    }, 
    "L1": {
        "error": 0.01884856706795242, 
        "fit": "average", 
        "value": -0.12140974009331937
    }, 
    "L2": {
        "error": 0.012681774331021016, 
        "fit": "average", 
        "value": -0.0018673769416636787
    }
}