{
    "AX": {
        "error": 0.005097679424159403, 
        "fit": "average", 
        "value": -0.006785780566375858
    }, 
    "CDD": {
        "error": 9.355668002519295e-06, 
        "fit": "average", 
        "value": 8.012848265934736e-05
    }, 
    "H1": {
        "error": 0.0125234198184629, 
        "fit": "average", 
        "value": 0.0021077510008277994
    }, 
    "H2": {
        "error": 0.011784468290484736, 
        "fit": "average", 
        "value": -0.04644075141598781
    }, 
    "L1": {
        "error": 0.017673090299798803, 
        "fit": "average", 
        "value": -0.10858081518235849
    }, 
    "L2": {
        "error": 0.012138954300923944, 
        "fit": "average", 
        "value": -0.03229733160133037
    }
}