{
    "AX": {
        "error": 0.005162885387573779, 
        "fit": "average", 
        "value": -0.0001501385342029001
    }, 
    "CDD": {
        "error": 1.5501497573228614e-05, 
        "fit": "average", 
        "value": 0.00018093528827497116
    }, 
    "H1": {
        "error": 0.012093716619157686, 
        "fit": "average", 
        "value": 0.012007352973644933
    }, 
    "H2": {
        "error": 0.01064884892500495, 
        "fit": "average", 
        "value": -0.039925529710793245
    }, 
    "L1": {
        "error": 0.019341883913947477, 
        "fit": "average", 
        "value": -0.14462581655340426
    }, 
    "L2": {
        "error": 0.011345018649749275, 
        "fit": "average", 
        "value": 2.2048892181677122e-05
    }
}