{
    "AX": {
        "error": 0.005471387011432996, 
        "fit": "average", 
        "value": -0.009777678926669371
    }, 
    "CDD": {
        "error": 1.2801734206157734e-05, 
        "fit": "average", 
        "value": 0.00013182427937863395
    }, 
    "H1": {
        "error": 0.011605173979167376, 
        "fit": "average", 
        "value": 0.003002967585537893
    }, 
    "H2": {
        "error": 0.011265387467338144, 
        "fit": "average", 
        "value": -0.025915414661479494
    }, 
    "L1": {
        "error": 0.019516483257047954, 
        "fit": "average", 
        "value": -0.13110417638090438
    }, 
    "L2": {
        "error": 0.012490031214683148, 
        "fit": "average", 
        "value": -0.018216180979895094
    }
}