{
    "AX": {
        "error": 0.0053364451686452865, 
        "fit": "average", 
        "value": -0.002929179080092581
    }, 
    "CDD": {
        "error": 1.273743252145816e-05, 
        "fit": "average", 
        "value": 0.0001434558337981192
    }, 
    "H1": {
        "error": 0.01108439708049072, 
        "fit": "average", 
        "value": 0.04264081443895217
    }, 
    "H2": {
        "error": 0.012084955384939164, 
        "fit": "average", 
        "value": -0.043801542813889684
    }, 
    "L1": {
        "error": 0.018630891128654854, 
        "fit": "average", 
        "value": -0.09223018217259475
    }, 
    "L2": {
        "error": 0.013725756114961492, 
        "fit": "average", 
        "value": -0.024008031191381937
    }
}