{
    "AX": {
        "error": 0.005359803002520476, 
        "fit": "average", 
        "value": 0.0024141642437219466
    }, 
    "CDD": {
        "error": 1.305362429108393e-05, 
        "fit": "average", 
        "value": 0.0001421634389165168
    }, 
    "H1": {
        "error": 0.010661727647555096, 
        "fit": "average", 
        "value": 0.011809022274489205
    }, 
    "H2": {
        "error": 0.012050765123549207, 
        "fit": "average", 
        "value": -0.043269308435264976
    }, 
    "L1": {
        "error": 0.019002338483557042, 
        "fit": "average", 
        "value": -0.1308609859785065
    }, 
    "L2": {
        "error": 0.012012317127456233, 
        "fit": "average", 
        "value": -0.012508234415630188
    }
}