{
    "AX": {
        "error": 0.005004361282284282, 
        "fit": "average", 
        "value": -0.006756371602568834
    }, 
    "CDD": {
        "error": 1.5571963084641866e-05, 
        "fit": "average", 
        "value": 0.000157672178465873
    }, 
    "H1": {
        "error": 0.012800039984348012, 
        "fit": "average", 
        "value": 0.0004344047692332727
    }, 
    "H2": {
        "error": 0.012688403690036085, 
        "fit": "average", 
        "value": -0.03390052371347944
    }, 
    "L1": {
        "error": 0.017712308915174214, 
        "fit": "average", 
        "value": -0.14998793494693624
    }, 
    "L2": {
        "error": 0.012655941412414008, 
        "fit": "average", 
        "value": -0.0068530242754301675
    }
}