{
    "AX": {
        "error": 0.005430239236691136, 
        "fit": "average", 
        "value": -0.007316090018624284
    }, 
    "CDD": {
        "error": 1.1298560369934414e-05, 
        "fit": "average", 
        "value": 8.400566803175024e-05
    }, 
    "H1": {
        "error": 0.012226503212785839, 
        "fit": "average", 
        "value": -0.020427542856972045
    }, 
    "H2": {
        "error": 0.010508758793318125, 
        "fit": "average", 
        "value": -0.034827409696299584
    }, 
    "L1": {
        "error": 0.0182530907027267, 
        "fit": "average", 
        "value": -0.12284183452526728
    }, 
    "L2": {
        "error": 0.012705256081445272, 
        "fit": "average", 
        "value": -0.001422216687448478
    }
}