{
    "AX": {
        "error": 0.005593537175713236, 
        "fit": "average", 
        "value": -0.010996121461115156
    }, 
    "CDD": {
        "error": 1.3606945025376085e-05, 
        "fit": "average", 
        "value": 0.00011243835712472597
    }, 
    "H1": {
        "error": 0.013397966338297424, 
        "fit": "average", 
        "value": 0.02370771617279388
    }, 
    "H2": {
        "error": 0.011594892405870938, 
        "fit": "average", 
        "value": -0.04756703989599676
    }, 
    "L1": {
        "error": 0.019230633593334562, 
        "fit": "average", 
        "value": -0.10924755634187022
    }, 
    "L2": {
        "error": 0.0122514006696226, 
        "fit": "average", 
        "value": -0.016368350032886763
    }
}