{
    "AX": {
        "error": 0.005043075811148703, 
        "fit": "average", 
        "value": -0.00446784250671044
    }, 
    "CDD": {
        "error": 8.789435050857615e-06, 
        "fit": "average", 
        "value": 7.23741133697331e-05
    }, 
    "H1": {
        "error": 0.011411900761582215, 
        "fit": "average", 
        "value": 0.006191466062470378
    }, 
    "H2": {
        "error": 0.011474789529782982, 
        "fit": "average", 
        "value": -0.05243891295588886
    }, 
    "L1": {
        "error": 0.018275371103186784, 
        "fit": "average", 
        "value": -0.09779207049869001
    }, 
    "L2": {
        "error": 0.01342767239549044, 
        "fit": "average", 
        "value": 0.004499892826424911
    }
}