{
    "AX": {
        "error": 0.005944002588912466, 
        "fit": "average", 
        "value": -0.005235069046223847
    }, 
    "CDD": {
        "error": 1.4356347303898571e-05, 
        "fit": "average", 
        "value": 0.00013699386011770305
    }, 
    "H1": {
        "error": 0.012007365113001026, 
        "fit": "average", 
        "value": 0.025312592120220263
    }, 
    "H2": {
        "error": 0.011791611066252755, 
        "fit": "average", 
        "value": -0.0362497386658409
    }, 
    "L1": {
        "error": 0.01842837897815471, 
        "fit": "average", 
        "value": -0.11032200116515015
    }, 
    "L2": {
        "error": 0.01381370498799763, 
        "fit": "average", 
        "value": -0.028365720893392184
    }
}