{
    "AX": {
        "error": 0.00578225880339502, 
        "fit": "average", 
        "value": -5.5698924067352586e-05
    }, 
    "CDD": {
        "error": 1.5354112176790374e-05, 
        "fit": "average", 
        "value": 0.00020419839638634584
    }, 
    "H1": {
        "error": 0.011273278127402853, 
        "fit": "average", 
        "value": 0.01648942446578682
    }, 
    "H2": {
        "error": 0.01092842536469388, 
        "fit": "average", 
        "value": -0.025544187896108874
    }, 
    "L1": {
        "error": 0.01898378386588179, 
        "fit": "average", 
        "value": -0.09626777067993923
    }, 
    "L2": {
        "error": 0.01165899508264079, 
        "fit": "average", 
        "value": 0.0019198983670018304
    }
}