{
    "AX": {
        "error": 0.005773649872465289, 
        "fit": "average", 
        "value": 3.988864045822993e-05
    }, 
    "CDD": {
        "error": 1.606355929525974e-05, 
        "fit": "average", 
        "value": 0.00018610486828644449
    }, 
    "H1": {
        "error": 0.012435556859069384, 
        "fit": "average", 
        "value": -0.009718061288246342
    }, 
    "H2": {
        "error": 0.017377671613657365, 
        "fit": "average", 
        "value": -0.15987515821664905
    }, 
    "L1": {
        "error": 0.018862518256986663, 
        "fit": "average", 
        "value": -0.12661358394495134
    }, 
    "L2": {
        "error": 0.013234948345655405, 
        "fit": "average", 
        "value": -0.0007219402662788829
    }
}