{
    "AX": {
        "error": 0.006366693553272679, 
        "fit": "average", 
        "value": -0.010535139280091244
    }, 
    "CDD": {
        "error": 1.6388807635096126e-05, 
        "fit": "average", 
        "value": 0.00016542655018080647
    }, 
    "H1": {
        "error": 0.01155053876188684, 
        "fit": "average", 
        "value": -0.010563148882162447
    }, 
    "H2": {
        "error": 0.011423524600178878, 
        "fit": "average", 
        "value": -0.0370972947178719
    }, 
    "L1": {
        "error": 0.01786593097471632, 
        "fit": "average", 
        "value": -0.12646846876111037
    }, 
    "L2": {
        "error": 0.013239200414530958, 
        "fit": "average", 
        "value": -0.006398825110712399
    }
}