{
    "AX": {
        "error": 0.006306079652213631, 
        "fit": "average", 
        "value": 0.0025405636344657976
    }, 
    "CDD": {
        "error": 1.0958652156042853e-05, 
        "fit": "average", 
        "value": 0.00010080680125004923
    }, 
    "H1": {
        "error": 0.011390590742597469, 
        "fit": "average", 
        "value": -0.002022706071632759
    }, 
    "H2": {
        "error": 0.01203798752838648, 
        "fit": "average", 
        "value": -0.052614835851515336
    }, 
    "L1": {
        "error": 0.01696027740520991, 
        "fit": "average", 
        "value": -0.11651824644795852
    }, 
    "L2": {
        "error": 0.012080881739753552, 
        "fit": "average", 
        "value": 0.016290829121135175
    }
}