{
    "AX": {
        "error": 0.00490271031384254, 
        "fit": "average", 
        "value": -0.007080411129087831
    }, 
    "CDD": {
        "error": 1.4326986695004267e-05, 
        "fit": "average", 
        "value": 0.0001344090703544983
    }, 
    "H1": {
        "error": 0.012699076172505297, 
        "fit": "average", 
        "value": 0.009349640113456795
    }, 
    "H2": {
        "error": 0.01132296968902755, 
        "fit": "average", 
        "value": -0.044154441379942
    }, 
    "L1": {
        "error": 0.018565568623197002, 
        "fit": "average", 
        "value": -0.09038624784249502
    }, 
    "L2": {
        "error": 0.012230142205576984, 
        "fit": "average", 
        "value": -0.006029026715017001
    }
}