{
    "AX": {
        "error": 0.0051252662150447275, 
        "fit": "average", 
        "value": -0.010305669375278133
    }, 
    "CDD": {
        "error": 1.7178270978028126e-05, 
        "fit": "average", 
        "value": 0.00018610486877150833
    }, 
    "H1": {
        "error": 0.011374624220076464, 
        "fit": "average", 
        "value": 0.039187172377326836
    }, 
    "H2": {
        "error": 0.012656996657513749, 
        "fit": "average", 
        "value": -0.04638278363502953
    }, 
    "L1": {
        "error": 0.01774146966898201, 
        "fit": "average", 
        "value": -0.11031132495748655
    }, 
    "L2": {
        "error": 0.01205085558639661, 
        "fit": "average", 
        "value": -0.01805885616619586
    }
}