{
    "AX": {
        "error": 0.005355792080168956, 
        "fit": "average", 
        "value": -0.0040652120871527584
    }, 
    "CDD": {
        "error": 1.186571390655332e-05, 
        "fit": "average", 
        "value": 0.00010726877614312495
    }, 
    "H1": {
        "error": 0.009934529710177845, 
        "fit": "average", 
        "value": -0.0011990912214969284
    }, 
    "H2": {
        "error": 0.011703414454416928, 
        "fit": "average", 
        "value": -0.025591820162177707
    }, 
    "L1": {
        "error": 0.017854100426115915, 
        "fit": "average", 
        "value": -0.12060784384957515
    }, 
    "L2": {
        "error": 0.01094527506216433, 
        "fit": "average", 
        "value": -0.009540452404568594
    }
}