{
    "AX": {
        "error": 0.00535718220045463, 
        "fit": "average", 
        "value": -0.0004704835713103724
    }, 
    "CDD": {
        "error": 1.2337197492468026e-05, 
        "fit": "average", 
        "value": 0.00012148512032581494
    }, 
    "H1": {
        "error": 0.012099187609160986, 
        "fit": "average", 
        "value": 0.025591481957720437
    }, 
    "H2": {
        "error": 0.011449190588297341, 
        "fit": "average", 
        "value": -0.03891397366966582
    }, 
    "L1": {
        "error": 0.018903579905670275, 
        "fit": "average", 
        "value": -0.10813659628426346
    }, 
    "L2": {
        "error": 0.012039229447258498, 
        "fit": "average", 
        "value": 0.006015810201643035
    }
}