{
    "AX": {
        "error": 0.005727722496537901, 
        "fit": "average", 
        "value": -0.012322310149769086
    }, 
    "CDD": {
        "error": 1.8370676062763604e-05, 
        "fit": "average", 
        "value": 0.0002507246157620102
    }, 
    "H1": {
        "error": 0.01104580584934646, 
        "fit": "average", 
        "value": 0.02204077737163364
    }, 
    "H2": {
        "error": 0.010929406989372507, 
        "fit": "average", 
        "value": -0.034465045862210296
    }, 
    "L1": {
        "error": 0.017885512849270223, 
        "fit": "average", 
        "value": -0.11473337824772897
    }, 
    "L2": {
        "error": 0.01271911740642489, 
        "fit": "average", 
        "value": -0.01722920061244319
    }
}