{
    "AX": {
        "error": 0.005639971402957866, 
        "fit": "average", 
        "value": -0.008846108788081135
    }, 
    "CDD": {
        "error": 1.3029947061643679e-05, 
        "fit": "average", 
        "value": 0.00013957864891078013
    }, 
    "H1": {
        "error": 0.012307760046424115, 
        "fit": "average", 
        "value": -0.011148082977645876
    }, 
    "H2": {
        "error": 0.011332587754541205, 
        "fit": "average", 
        "value": -0.03980875177852188
    }, 
    "L1": {
        "error": 0.019207045490614808, 
        "fit": "average", 
        "value": -0.12457541100933062
    }, 
    "L2": {
        "error": 0.012710270915084495, 
        "fit": "average", 
        "value": -0.031065784757568812
    }
}