{
    "AX": {
        "error": 0.004940647688616395, 
        "fit": "average", 
        "value": -0.006607528329368506
    }, 
    "CDD": {
        "error": 1.4625139085452861e-05, 
        "fit": "average", 
        "value": 0.00020807558030355722
    }, 
    "H1": {
        "error": 0.01328415823716492, 
        "fit": "average", 
        "value": -0.003852826524719906
    }, 
    "H2": {
        "error": 0.010496730392012061, 
        "fit": "average", 
        "value": -0.029992637492250653
    }, 
    "L1": {
        "error": 0.01749795955510901, 
        "fit": "average", 
        "value": -0.0997158532118192
    }, 
    "L2": {
        "error": 0.014689175365241064, 
        "fit": "average", 
        "value": 0.002350139297777787
    }
}