{
    "AX": {
        "error": 0.005553202497702675, 
        "fit": "average", 
        "value": -0.0010987813312870762
    }, 
    "CDD": {
        "error": 1.57601131340988e-05, 
        "fit": "average", 
        "value": 0.00019127444732779016
    }, 
    "H1": {
        "error": 0.01306379117674824, 
        "fit": "average", 
        "value": 0.012414744696191823
    }, 
    "H2": {
        "error": 0.0115711552983625, 
        "fit": "average", 
        "value": -0.045539027321501634
    }, 
    "L1": {
        "error": 0.019744809334097186, 
        "fit": "average", 
        "value": -0.13036491066159214
    }, 
    "L2": {
        "error": 0.012047070724213111, 
        "fit": "average", 
        "value": -0.019384988912497646
    }
}