{
    "AX": {
        "error": 0.004893818631033711, 
        "fit": "average", 
        "value": -0.009652965548836316
    }, 
    "CDD": {
        "error": 1.1238772559596858e-05, 
        "fit": "average", 
        "value": 9.176003732136451e-05
    }, 
    "H1": {
        "error": 0.011864559204836764, 
        "fit": "average", 
        "value": -0.03050570431708669
    }, 
    "H2": {
        "error": 0.011396804453671404, 
        "fit": "average", 
        "value": -0.061303125626485176
    }, 
    "L1": {
        "error": 0.019410094294108886, 
        "fit": "average", 
        "value": -0.13060523326663923
    }, 
    "L2": {
        "error": 0.011084154071807748, 
        "fit": "average", 
        "value": -0.008163880479211608
    }
}