{
    "AX": {
        "error": 0.004931334195101976, 
        "fit": "average", 
        "value": -0.01503178854084884
    }, 
    "CDD": {
        "error": 1.4681175221871235e-05, 
        "fit": "average", 
        "value": 0.00012665470106488404
    }, 
    "H1": {
        "error": 0.01282373467525763, 
        "fit": "average", 
        "value": 0.010393441470902568
    }, 
    "H2": {
        "error": 0.011617029036196515, 
        "fit": "average", 
        "value": -0.05156050276127644
    }, 
    "L1": {
        "error": 0.01783509110182348, 
        "fit": "average", 
        "value": -0.10625080427416833
    }, 
    "L2": {
        "error": 0.011639455693616886, 
        "fit": "average", 
        "value": -0.009055451880946445
    }
}