{
    "AX": {
        "error": 0.004131607786859908, 
        "fit": "average", 
        "value": -0.008317749764440425
    }, 
    "CDD": {
        "error": 1.1505371133971463e-05, 
        "fit": "average", 
        "value": 0.00012536230472809013
    }, 
    "H1": {
        "error": 0.012615644981847423, 
        "fit": "average", 
        "value": -0.018973940964012097
    }, 
    "H2": {
        "error": 0.011735835187678022, 
        "fit": "average", 
        "value": -0.050396709898874785
    }, 
    "L1": {
        "error": 0.017250088217421817, 
        "fit": "average", 
        "value": -0.10452961868916949
    }, 
    "L2": {
        "error": 0.012379978947388917, 
        "fit": "average", 
        "value": -0.01195798117138717
    }
}