{
    "AX": {
        "error": 0.005783224531409926, 
        "fit": "average", 
        "value": -0.005603112497738039
    }, 
    "CDD": {
        "error": 1.293426251119445e-05, 
        "fit": "average", 
        "value": 0.00012794709497635873
    }, 
    "H1": {
        "error": 0.010324812244504048, 
        "fit": "average", 
        "value": 0.008608830379186354
    }, 
    "H2": {
        "error": 0.012516921633404891, 
        "fit": "average", 
        "value": -0.04209617004574587
    }, 
    "L1": {
        "error": 0.01844314131901873, 
        "fit": "average", 
        "value": -0.11662706811330281
    }, 
    "L2": {
        "error": 0.011952297045052468, 
        "fit": "average", 
        "value": -0.00984065853432791
    }
}