{
    "AX": {
        "error": 0.005470671020465137, 
        "fit": "average", 
        "value": -0.006325737730852173
    }, 
    "CDD": {
        "error": 1.1787979037190037e-05, 
        "fit": "average", 
        "value": 0.00011631554031434158
    }, 
    "H1": {
        "error": 0.011039713707391218, 
        "fit": "average", 
        "value": -0.028399851249802547
    }, 
    "H2": {
        "error": 0.011227425246621214, 
        "fit": "average", 
        "value": -0.04875207031145692
    }, 
    "L1": {
        "error": 0.017574709829239556, 
        "fit": "average", 
        "value": -0.12317276819473287
    }, 
    "L2": {
        "error": 0.012159530381269148, 
        "fit": "average", 
        "value": -0.03568282604101114
    }
}