{
    "AX": {
        "error": 0.0607615706001246, 
        "fit": "average_SEM", 
        "value": -0.004899347373914982
    }, 
    "CDD": {
        "error": 5.2940621164826774e-05, 
        "fit": "average_SEM", 
        "value": 2.0678318105638027e-05
    }, 
    "H1": {
        "error": 0.12232223187553189, 
        "fit": "average_SEM", 
        "value": 0.023867701460646155
    }, 
    "H2": {
        "error": 0.13720599175616205, 
        "fit": "average_SEM", 
        "value": -0.3049188909276078
    }, 
    "L1": {
        "error": 0.15721991935018473, 
        "fit": "average_SEM", 
        "value": -0.12675639176595724
    }, 
    "L2": {
        "error": 0.12294481340311177, 
        "fit": "average_SEM", 
        "value": -0.010054962795159857
    }
}