{
    "AX": {
        "error": 0.05909472204466912, 
        "fit": "average_SEM", 
        "value": -0.008671449834461479
    }, 
    "CDD": {
        "error": 8.182404820131683e-05, 
        "fit": "average_SEM", 
        "value": 1.9385923709099493e-05
    }, 
    "H1": {
        "error": 0.11676996170415352, 
        "fit": "average_SEM", 
        "value": 0.02222990558366291
    }, 
    "H2": {
        "error": 0.13109590880016928, 
        "fit": "average_SEM", 
        "value": -0.3364117193346222
    }, 
    "L1": {
        "error": 0.16761085167120082, 
        "fit": "average_SEM", 
        "value": -0.1263696118937029
    }, 
    "L2": {
        "error": 0.15456259300163813, 
        "fit": "average_SEM", 
        "value": -0.009240503728506155
    }
}