{
    "AX": {
        "error": 0.05339717775333801, 
        "fit": "average_SEM", 
        "value": -0.001858949742745608
    }, 
    "CDD": {
        "error": 4.101994897499617e-05, 
        "fit": "average_SEM", 
        "value": 1.1631553934421391e-05
    }, 
    "H1": {
        "error": 0.1223301802211076, 
        "fit": "average_SEM", 
        "value": 0.01365202330101359
    }, 
    "H2": {
        "error": 0.12151310805783619, 
        "fit": "average_SEM", 
        "value": -0.3112331391001741
    }, 
    "L1": {
        "error": 0.15169268477708348, 
        "fit": "average_SEM", 
        "value": -0.10238086294945485
    }, 
    "L2": {
        "error": 0.1447151695084616, 
        "fit": "average_SEM", 
        "value": 0.006111873327366387
    }
}