{
    "AX": {
        "error": 0.059079941052520346, 
        "fit": "average_SEM", 
        "value": -0.011944188610990144
    }, 
    "CDD": {
        "error": 2.7955763770335825e-05, 
        "fit": "average_SEM", 
        "value": 5.169579526409507e-06
    }, 
    "H1": {
        "error": 0.136963011317586, 
        "fit": "average_SEM", 
        "value": 0.017713495014080156
    }, 
    "H2": {
        "error": 0.12693710633763144, 
        "fit": "average_SEM", 
        "value": -0.3179568541546663
    }, 
    "L1": {
        "error": 0.15871446596066582, 
        "fit": "average_SEM", 
        "value": -0.10387908886477817
    }, 
    "L2": {
        "error": 0.13277566751793893, 
        "fit": "average_SEM", 
        "value": 0.009665174021696052
    }
}