{
    "AX": {
        "error": 0.058208120538470756, 
        "fit": "average_SEM", 
        "value": -0.03732182363407143
    }, 
    "CDD": {
        "error": 0.00011571680915804715, 
        "fit": "average_SEM", 
        "value": 7.384795341446685e-05
    }, 
    "H1": {
        "error": 0.13645113970969364, 
        "fit": "average_SEM", 
        "value": 0.010065760609965462
    }, 
    "H2": {
        "error": 0.1386665459770372, 
        "fit": "average_SEM", 
        "value": -0.009066379726088295
    }, 
    "L1": {
        "error": 0.12559114451747594, 
        "fit": "average_SEM", 
        "value": -0.15728444182896056
    }, 
    "L2": {
        "error": 0.13266014099801782, 
        "fit": "average_SEM", 
        "value": -0.11044668473574953
    }
}