{
    "AX": {
        "error": 0.051750538958034886, 
        "fit": "average_SEM", 
        "value": -0.035280467363554634
    }, 
    "CDD": {
        "error": 0.00013366892290886037, 
        "fit": "average_SEM", 
        "value": 0.00010623740672599524
    }, 
    "H1": {
        "error": 0.13681685015030667, 
        "fit": "average_SEM", 
        "value": 0.017300657883364087
    }, 
    "H2": {
        "error": 0.15531880671256268, 
        "fit": "average_SEM", 
        "value": -0.2744796737407645
    }, 
    "L1": {
        "error": 0.12131792429805224, 
        "fit": "average_SEM", 
        "value": -0.1376993561212051
    }, 
    "L2": {
        "error": 0.12819503121853779, 
        "fit": "average_SEM", 
        "value": -0.062327263952465725
    }
}