{
    "AX": {
        "error": 0.014499211679841001, 
        "fit": "average", 
        "value": -0.03808061416226944
    }, 
    "CDD": {
        "error": 1.404122481287344e-05, 
        "fit": "average", 
        "value": 0.0001744414825225249
    }, 
    "H1": {
        "error": 0.011049532419794051, 
        "fit": "average", 
        "value": 0.07492219311534427
    }, 
    "H2": {
        "error": 0.010207603230718397, 
        "fit": "average", 
        "value": -0.07642806857863131
    }, 
    "L1": {
        "error": 0.011859247371578858, 
        "fit": "average", 
        "value": -0.1473241398363219
    }, 
    "L2": {
        "error": 0.012351677359979316, 
        "fit": "average", 
        "value": 0.10403106495505199
    }
}