{
    "AX": {
        "error": 0.015806706180760608, 
        "fit": "average", 
        "value": -0.03982853421863789
    }, 
    "CDD": {
        "error": 1.4284124827483573e-05, 
        "fit": "average", 
        "value": 0.00016807500505819917
    }, 
    "H1": {
        "error": 0.011738452276575748, 
        "fit": "average", 
        "value": 0.009063241357216612
    }, 
    "H2": {
        "error": 0.011516959110493497, 
        "fit": "average", 
        "value": -0.0941507388226455
    }, 
    "L1": {
        "error": 0.015259129217867255, 
        "fit": "average", 
        "value": -0.195701683673542
    }, 
    "L2": {
        "error": 0.012012152306978753, 
        "fit": "average", 
        "value": 0.07712672161196679
    }
}