{
    "AX": {
        "error": 0.014632740680732123, 
        "fit": "average", 
        "value": -0.040748424888200435
    }, 
    "CDD": {
        "error": 1.2785810039112513e-05, 
        "fit": "average", 
        "value": 0.00018972102843690665
    }, 
    "H1": {
        "error": 0.01197235430898561, 
        "fit": "average", 
        "value": -0.01678633932460798
    }, 
    "H2": {
        "error": 0.010450310932127048, 
        "fit": "average", 
        "value": -0.0944790771221354
    }, 
    "L1": {
        "error": 0.011264864312965271, 
        "fit": "average", 
        "value": -0.19458920470594118
    }, 
    "L2": {
        "error": 0.011816869511677668, 
        "fit": "average", 
        "value": 0.0390943884907756
    }
}