{
    "AX": {
        "error": 0.016454624875877552, 
        "fit": "average", 
        "value": -0.03594740499878147
    }, 
    "CDD": {
        "error": 1.2987215395066872e-05, 
        "fit": "average", 
        "value": 0.00016552841407246888
    }, 
    "H1": {
        "error": 0.011930623061746018, 
        "fit": "average", 
        "value": 0.044254114721419074
    }, 
    "H2": {
        "error": 0.01283048460315178, 
        "fit": "average", 
        "value": -0.06923134785708195
    }, 
    "L1": {
        "error": 0.013207094780655985, 
        "fit": "average", 
        "value": -0.16587571199052037
    }, 
    "L2": {
        "error": 0.011230500460485045, 
        "fit": "average", 
        "value": 0.08421156176870379
    }
}