{
    "AX": {
        "error": 0.015555321035045238, 
        "fit": "average", 
        "value": -0.04225598123399929
    }, 
    "CDD": {
        "error": 1.4982407764053139e-05, 
        "fit": "average", 
        "value": 0.00017571477801539003
    }, 
    "H1": {
        "error": 0.010192306149574908, 
        "fit": "average", 
        "value": -0.01395237246930871
    }, 
    "H2": {
        "error": 0.012541242393774731, 
        "fit": "average", 
        "value": -0.08647033127005367
    }, 
    "L1": {
        "error": 0.01438882361558138, 
        "fit": "average", 
        "value": -0.2036855216914167
    }, 
    "L2": {
        "error": 0.011223307941617328, 
        "fit": "average", 
        "value": 0.06650232648583672
    }
}