{
    "AX": {
        "error": 0.013290658622793128, 
        "fit": "average", 
        "value": -0.03427231751168923
    }, 
    "CDD": {
        "error": 1.540343075192822e-05, 
        "fit": "average", 
        "value": 0.0001718948915367946
    }, 
    "H1": {
        "error": 0.011317075121819937, 
        "fit": "average", 
        "value": 0.06640792299294844
    }, 
    "H2": {
        "error": 0.012201179586524113, 
        "fit": "average", 
        "value": 0.2121785685410335
    }, 
    "L1": {
        "error": 0.01175450964422229, 
        "fit": "average", 
        "value": -0.16879833299511424
    }, 
    "L2": {
        "error": 0.011866087081708384, 
        "fit": "average", 
        "value": 0.08165691554895602
    }
}