{
    "AX": {
        "error": 0.012990006303859304, 
        "fit": "average", 
        "value": -0.05621894410821066
    }, 
    "CDD": {
        "error": 1.3201034636947146e-05, 
        "fit": "average", 
        "value": 0.0001438823906937614
    }, 
    "H1": {
        "error": 0.010449355244746416, 
        "fit": "average", 
        "value": 0.0036859071338161205
    }, 
    "H2": {
        "error": 0.012004689981285715, 
        "fit": "average", 
        "value": -0.07616113030356549
    }, 
    "L1": {
        "error": 0.011663667016223057, 
        "fit": "average", 
        "value": -0.20183373419179892
    }, 
    "L2": {
        "error": 0.0127235804655272, 
        "fit": "average", 
        "value": 0.059307123288939084
    }
}