{
    "AX": {
        "error": 0.008660023107458524, 
        "fit": "average", 
        "value": -0.051194406744852886
    }, 
    "CDD": {
        "error": 1.010257269867647e-05, 
        "fit": "average", 
        "value": 0.0001345122418103692
    }, 
    "H1": {
        "error": 0.008993757548798642, 
        "fit": "average", 
        "value": 0.037965781037169306
    }, 
    "H2": {
        "error": 0.010307848250639802, 
        "fit": "average", 
        "value": -0.08466621600009039
    }, 
    "L1": {
        "error": 0.01014339893601171, 
        "fit": "average", 
        "value": -0.18432486926096384
    }, 
    "L2": {
        "error": 0.010200630886208546, 
        "fit": "average", 
        "value": 0.06670415035465307
    }
}