{
    "AX": {
        "error": 0.013225838530900357, 
        "fit": "average", 
        "value": -0.04055275787686696
    }, 
    "CDD": {
        "error": 1.3162275618973222e-05, 
        "fit": "average", 
        "value": 0.00015534205012954772
    }, 
    "H1": {
        "error": 0.011469275252090697, 
        "fit": "average", 
        "value": -0.011490556644275784
    }, 
    "H2": {
        "error": 0.011368411700905601, 
        "fit": "average", 
        "value": -0.06835792488030469
    }, 
    "L1": {
        "error": 0.013249510210173726, 
        "fit": "average", 
        "value": -0.1879473781523605
    }, 
    "L2": {
        "error": 0.011359023612525353, 
        "fit": "average", 
        "value": 0.0413872533730076
    }
}