{
    "AX": {
        "error": 0.009578117088084226, 
        "fit": "average", 
        "value": -0.07007954482130868
    }, 
    "CDD": {
        "error": 1.0085048151177506e-05, 
        "fit": "average", 
        "value": 0.00011214345625234306
    }, 
    "H1": {
        "error": 0.00922524476667658, 
        "fit": "average", 
        "value": 0.01970511160406954
    }, 
    "H2": {
        "error": 0.009187492761449019, 
        "fit": "average", 
        "value": -0.11431148927008705
    }, 
    "L1": {
        "error": 0.01085175232005903, 
        "fit": "average", 
        "value": -0.2085745066748527
    }, 
    "L2": {
        "error": 0.008616128354707599, 
        "fit": "average", 
        "value": 0.04685333970958878
    }
}