{
    "AX": {
        "error": 0.0052395161220562475, 
        "fit": "average", 
        "value": -0.0063115263697606375
    }, 
    "CDD": {
        "error": 1.3806120337062922e-05, 
        "fit": "average", 
        "value": 0.00016801133776122394
    }, 
    "H1": {
        "error": 0.012344102823237372, 
        "fit": "average", 
        "value": -0.016945247741144462
    }, 
    "H2": {
        "error": 0.012165531160541369, 
        "fit": "average", 
        "value": -0.04462261362641584
    }, 
    "L1": {
        "error": 0.018598477683329378, 
        "fit": "average", 
        "value": -0.12593158397939988
    }, 
    "L2": {
        "error": 0.01263023502064713, 
        "fit": "average", 
        "value": -0.006045889392165312
    }
}