{
    "AX": {
        "error": 0.005706378722442685, 
        "fit": "average", 
        "value": 0.0051682603593993315
    }, 
    "CDD": {
        "error": 1.4263656658884702e-05, 
        "fit": "average", 
        "value": 0.00014862541405212445
    }, 
    "H1": {
        "error": 0.012382285314246063, 
        "fit": "average", 
        "value": -0.018935337888736588
    }, 
    "H2": {
        "error": 0.011646026445899843, 
        "fit": "average", 
        "value": -0.34575148589598637
    }, 
    "L1": {
        "error": 0.017299237649868834, 
        "fit": "average", 
        "value": -0.1288520431718401
    }, 
    "L2": {
        "error": 0.013190855793433697, 
        "fit": "average", 
        "value": -0.03412855503459771
    }
}