{
    "Ar36": {
        "error": 0.007626283249282626, 
        "fit": "parabolic", 
        "value": 0.38317532255872
    }, 
    "Ar37": {
        "error": 0.14425306984701861, 
        "fit": "linear", 
        "value": -0.0048398245393479079
    }, 
    "Ar38": {
        "error": 0.15635111294441992, 
        "fit": "linear", 
        "value": -0.039470440608740283
    }, 
    "Ar39": {
        "error": 0.060619861545023308, 
        "fit": "parabolic", 
        "value": 0.00684806811181932
    }, 
    "Ar40": {
        "error": 0.17057639681294429, 
        "fit": "parabolic", 
        "value": 116.8192054473438
    }, 
    "Ar41": {
        "error": 0.12891296615162193, 
        "fit": "average_SEM", 
        "value": -0.3159528584824875
    }
}