{
    "Ar36": {
        "error": 0.0011681669477784852, 
        "fit": "parabolic", 
        "value": 0.31475362562497411
    }, 
    "Ar37": {
        "error": 0.013985146120742909, 
        "fit": "linear", 
        "value": 0.074231014014779398
    }, 
    "Ar38": {
        "error": 0.015925314543090568, 
        "fit": "linear", 
        "value": -0.12256893968943106
    }, 
    "Ar39": {
        "error": 0.020033278783764704, 
        "fit": "parabolic", 
        "value": -0.024780324508180802
    }, 
    "Ar40": {
        "error": 0.030735113572996832, 
        "fit": "parabolic", 
        "value": 97.174449312795417
    }, 
    "Ar41": {
        "error": 0.0061284294775142733, 
        "fit": "average", 
        "value": -0.10202702070309896
    }
}