{
    "Ar36": {
        "error": 0.001127721143296083, 
        "fit": "parabolic", 
        "value": 0.31639523127823782
    }, 
    "Ar37": {
        "error": 0.014313052724434023, 
        "fit": "linear", 
        "value": 0.095810912054855188
    }, 
    "Ar38": {
        "error": 0.017205483814103032, 
        "fit": "linear", 
        "value": -0.11148624741672242
    }, 
    "Ar39": {
        "error": 0.018958932956062578, 
        "fit": "parabolic", 
        "value": -0.027503204108092795
    }, 
    "Ar40": {
        "error": 0.029475995153991713, 
        "fit": "parabolic", 
        "value": 97.430421613848523
    }, 
    "Ar41": {
        "error": 0.0065763096869277341, 
        "fit": "average", 
        "value": -0.089068448467514827
    }
}