{
    "Ar36": {
        "error": 0.0010273075000627951, 
        "fit": "parabolic", 
        "value": 0.38617751448073084
    }, 
    "Ar37": {
        "error": 0.01193401790100462, 
        "fit": "linear", 
        "value": 0.024958985848392283
    }, 
    "Ar38": {
        "error": 0.017610714772893048, 
        "fit": "linear", 
        "value": -0.061325508067884921
    }, 
    "Ar39": {
        "error": 0.0079827945940056117, 
        "fit": "parabolic", 
        "value": 0.023280064626574497
    }, 
    "Ar40": {
        "error": 0.023618347851414725, 
        "fit": "parabolic", 
        "value": 117.48560807606751
    }, 
    "Ar41": {
        "error": 0.0050316831828895112, 
        "fit": "average", 
        "value": -0.047553963227886319
    }
}