{
    "Ar36": {
        "error": 0.0009888562897069457, 
        "fit": "parabolic", 
        "value": 0.38802972052720497
    }, 
    "Ar37": {
        "error": 0.011502196690466444, 
        "fit": "linear", 
        "value": 0.013449315490594985
    }, 
    "Ar38": {
        "error": 0.016559284947474048, 
        "fit": "linear", 
        "value": -0.048415586668100058
    }, 
    "Ar39": {
        "error": 0.0083685838689337745, 
        "fit": "parabolic", 
        "value": 0.012672003676327648
    }, 
    "Ar40": {
        "error": 0.024560434397404074, 
        "fit": "parabolic", 
        "value": 117.38051915164721
    }, 
    "Ar41": {
        "error": 0.0051078494086695065, 
        "fit": "average", 
        "value": -0.31162499672500416
    }
}