{
    "Ar36": {
        "error": 0.0011171147838844374, 
        "fit": "parabolic", 
        "value": 0.31697788861189968
    }, 
    "Ar37": {
        "error": 0.012206599669355502, 
        "fit": "linear", 
        "value": 0.087964900408605051
    }, 
    "Ar38": {
        "error": 0.012178900448383321, 
        "fit": "linear", 
        "value": -0.11488299139824552
    }, 
    "Ar39": {
        "error": 0.018454538836980214, 
        "fit": "parabolic", 
        "value": -0.028361242267764313
    }, 
    "Ar40": {
        "error": 0.02799526347967245, 
        "fit": "parabolic", 
        "value": 97.753904986495144
    }, 
    "Ar41": {
        "error": 0.0051717793071543493, 
        "fit": "average", 
        "value": -0.07849141100260594
    }
}