{
    "Ar36": {
        "error": 0.0077525988307770794, 
        "fit": "parabolic", 
        "value": 0.38254144584430305
    }, 
    "Ar37": {
        "error": 0.13325994976244201, 
        "fit": "linear", 
        "value": 0.030615837627816705
    }, 
    "Ar38": {
        "error": 0.1591376760071655, 
        "fit": "linear", 
        "value": -0.045745152910548495
    }, 
    "Ar39": {
        "error": 0.057517719200602405, 
        "fit": "parabolic", 
        "value": 0.0080068768861659839
    }, 
    "Ar40": {
        "error": 0.18723705031203056, 
        "fit": "parabolic", 
        "value": 116.3483375943408
    }, 
    "Ar41": {
        "error": 0.13146701915371431, 
        "fit": "average_SEM", 
        "value": -0.30619514862773939
    }
}