{
    "Ar36": {
        "error": 0.0078361689335106118, 
        "fit": "parabolic", 
        "value": 0.38431565950549706
    }, 
    "Ar37": {
        "error": 0.14761142767486571, 
        "fit": "linear", 
        "value": 0.0384842074029677
    }, 
    "Ar38": {
        "error": 0.15574188957063451, 
        "fit": "linear", 
        "value": -0.029105787343294779
    }, 
    "Ar39": {
        "error": 0.059833380062170316, 
        "fit": "parabolic", 
        "value": 0.017433045124642766
    }, 
    "Ar40": {
        "error": 0.18251735643193065, 
        "fit": "parabolic", 
        "value": 116.14799544362693
    }, 
    "Ar41": {
        "error": 0.1301211980014895, 
        "fit": "average_SEM", 
        "value": -0.3013835811087241
    }
}