{
    "Ar36": {
        "error": 0.001183658225498695, 
        "fit": "parabolic", 
        "value": 0.31434548099114007
    }, 
    "Ar37": {
        "error": 0.014069332846301701, 
        "fit": "linear", 
        "value": 0.057732737135658019
    }, 
    "Ar38": {
        "error": 0.016356656236870205, 
        "fit": "linear", 
        "value": -0.15786594102360813
    }, 
    "Ar39": {
        "error": 0.020417821009216994, 
        "fit": "parabolic", 
        "value": -0.025263784578586169
    }, 
    "Ar40": {
        "error": 0.028832400788760718, 
        "fit": "parabolic", 
        "value": 97.18141143458746
    }, 
    "Ar41": {
        "error": 0.0061472454770529405, 
        "fit": "average", 
        "value": -0.090548550497915131
    }
}