{
    "Ar36": {
        "error": 0.0062951837907854894, 
        "fit": "parabolic", 
        "value": 9.5251792338461829
    }, 
    "Ar37": {
        "error": 0.01360856791929037, 
        "fit": "linear", 
        "value": 0.12388466683295463
    }, 
    "Ar38": {
        "error": 0.014483198561399561, 
        "fit": "linear", 
        "value": 1.6410611589590594
    }, 
    "Ar39": {
        "error": 0.020890666855015019, 
        "fit": "parabolic", 
        "value": -0.080392199933585901
    }, 
    "Ar40": {
        "error": 0.12491584958109864, 
        "fit": "parabolic", 
        "value": 2914.155387107467
    }, 
    "Ar41": {
        "error": 0.00614227478378196, 
        "fit": "average", 
        "value": 0.25643472807481887
    }
}