{
    "Ar36": {
        "error": 0.0060278288713124682, 
        "fit": "parabolic", 
        "value": 9.472532148111739
    }, 
    "Ar37": {
        "error": 0.01363045991227955, 
        "fit": "linear", 
        "value": 0.073465437778701959
    }, 
    "Ar38": {
        "error": 0.012708537942214531, 
        "fit": "linear", 
        "value": 1.6126725067502736
    }, 
    "Ar39": {
        "error": 0.019095637449762507, 
        "fit": "parabolic", 
        "value": -0.075816368441882581
    }, 
    "Ar40": {
        "error": 0.095505521141075231, 
        "fit": "parabolic", 
        "value": 2903.2197070894135
    }, 
    "Ar41": {
        "error": 0.0050897350878899208, 
        "fit": "average", 
        "value": -0.020930541796990571
    }
}