{
    "Ar36": {
        "error": 0.0010318227902263372, 
        "fit": "parabolic", 
        "value": 0.38184720101800507
    }, 
    "Ar37": {
        "error": 0.011189664151594234, 
        "fit": "linear", 
        "value": -0.029681074857544544
    }, 
    "Ar38": {
        "error": 0.01596004922705356, 
        "fit": "linear", 
        "value": -0.11034396519195659
    }, 
    "Ar39": {
        "error": 0.0078961875974576431, 
        "fit": "parabolic", 
        "value": 0.031475597008435149
    }, 
    "Ar40": {
        "error": 0.024080714071700499, 
        "fit": "parabolic", 
        "value": 115.90590173915834
    }, 
    "Ar41": {
        "error": 0.005107688848749359, 
        "fit": "average", 
        "value": -0.33812739850836804
    }
}