{
    "Ar36": {
        "error": 0.0070306952234614551, 
        "fit": "parabolic", 
        "value": 0.38162666742423157
    }, 
    "Ar37": {
        "error": 0.14824241644585526, 
        "fit": "linear", 
        "value": 0.032466759874971239
    }, 
    "Ar38": {
        "error": 0.15610608712154775, 
        "fit": "linear", 
        "value": -0.044342819996962102
    }, 
    "Ar39": {
        "error": 0.061540446968529575, 
        "fit": "parabolic", 
        "value": 0.012930166161713084
    }, 
    "Ar40": {
        "error": 0.17364998952945551, 
        "fit": "parabolic", 
        "value": 116.00964312497578
    }, 
    "Ar41": {
        "error": 0.12793400954137463, 
        "fit": "average_SEM", 
        "value": -0.3082512500323355
    }
}