{
    "Ar36": {
        "error": 0.005594865727691847, 
        "fit": "parabolic", 
        "value": 9.4704613106636764
    }, 
    "Ar37": {
        "error": 0.013151599910405005, 
        "fit": "linear", 
        "value": 0.091443982999773632
    }, 
    "Ar38": {
        "error": 0.012749139365028707, 
        "fit": "linear", 
        "value": 1.6266146102091517
    }, 
    "Ar39": {
        "error": 0.01878105381879145, 
        "fit": "parabolic", 
        "value": -0.062706152067550563
    }, 
    "Ar40": {
        "error": 0.098970875924854554, 
        "fit": "parabolic", 
        "value": 2902.5934288353928
    }, 
    "Ar41": {
        "error": 0.005245106435303723, 
        "fit": "average", 
        "value": -0.0070821124075640301
    }
}