{
    "Ar36": {
        "error": 0.0067743964230746172, 
        "fit": "parabolic", 
        "value": 9.5164486788157099
    }, 
    "Ar37": {
        "error": 0.015311636922418371, 
        "fit": "linear", 
        "value": 0.1175217212115274
    }, 
    "Ar38": {
        "error": 0.014046101928759229, 
        "fit": "linear", 
        "value": 1.6314850454946752
    }, 
    "Ar39": {
        "error": 0.020170179344986876, 
        "fit": "parabolic", 
        "value": -0.070629978628868328
    }, 
    "Ar40": {
        "error": 0.11854162530564316, 
        "fit": "parabolic", 
        "value": 2913.8918587341172
    }, 
    "Ar41": {
        "error": 0.0059149527080761526, 
        "fit": "average", 
        "value": 0.2502648363937624
    }
}