{
    "Ar36": {
        "error": 0.0009960387450594823, 
        "fit": "parabolic", 
        "value": 0.38303443737073273
    }, 
    "Ar37": {
        "error": 0.011754404168994195, 
        "fit": "linear", 
        "value": -0.026934991358718456
    }, 
    "Ar38": {
        "error": 0.017320357034152876, 
        "fit": "linear", 
        "value": -0.15462857571602154
    }, 
    "Ar39": {
        "error": 0.0077474602664424378, 
        "fit": "parabolic", 
        "value": 0.02003988667783527
    }, 
    "Ar40": {
        "error": 0.025018167076033597, 
        "fit": "parabolic", 
        "value": 116.08114134819297
    }, 
    "Ar41": {
        "error": 0.004917537780607056, 
        "fit": "average", 
        "value": -0.32962302962822532
    }
}