{
    "Ar36": {
        "error": 0.0067243224826116586, 
        "fit": "parabolic", 
        "value": 9.5003868743792914
    }, 
    "Ar37": {
        "error": 0.013788502815342201, 
        "fit": "linear", 
        "value": 0.11781942704567233
    }, 
    "Ar38": {
        "error": 0.01569432621903679, 
        "fit": "linear", 
        "value": 1.6263919883727294
    }, 
    "Ar39": {
        "error": 0.021132979580856567, 
        "fit": "parabolic", 
        "value": -0.063753354655760153
    }, 
    "Ar40": {
        "error": 0.1210189100458052, 
        "fit": "parabolic", 
        "value": 2907.4717753163013
    }, 
    "Ar41": {
        "error": 0.0061942900486773415, 
        "fit": "average", 
        "value": -0.017086835107570551
    }
}