{
    "Ar36": {
        "error": 0.0066834530988770695, 
        "fit": "parabolic", 
        "value": 9.5167415299758726
    }, 
    "Ar37": {
        "error": 0.012822279285291196, 
        "fit": "linear", 
        "value": 0.12218646618497166
    }, 
    "Ar38": {
        "error": 0.014486656561078851, 
        "fit": "linear", 
        "value": 1.654336619954353
    }, 
    "Ar39": {
        "error": 0.019975541292421916, 
        "fit": "parabolic", 
        "value": -0.076110453424105551
    }, 
    "Ar40": {
        "error": 0.11355376468456803, 
        "fit": "parabolic", 
        "value": 2920.1068146758016
    }, 
    "Ar41": {
        "error": 0.0061055177714346293, 
        "fit": "average", 
        "value": -0.010667737276089611
    }
}