{
    "Ar36": {
        "error": 0.0083193134579001068, 
        "fit": "parabolic", 
        "value": 0.38186327551211496
    }, 
    "Ar37": {
        "error": 0.1337856599025653, 
        "fit": "linear", 
        "value": 0.025341837470051479
    }, 
    "Ar38": {
        "error": 0.14945624316953973, 
        "fit": "linear", 
        "value": -0.028227099507295544
    }, 
    "Ar39": {
        "error": 0.059935488798448983, 
        "fit": "parabolic", 
        "value": 0.01011780258009772
    }, 
    "Ar40": {
        "error": 0.18485980966934784, 
        "fit": "parabolic", 
        "value": 116.19614598827863
    }, 
    "Ar41": {
        "error": 0.12261820052877112, 
        "fit": "average_SEM", 
        "value": -0.29904477605829016
    }
}