{
    "Ar36": {
        "error": 0.036729411383689493, 
        "fit": "parabolic", 
        "value": 9.2886888740216751
    }, 
    "Ar37": {
        "error": 0.12847537751230817, 
        "fit": "linear", 
        "value": -0.067307043866953603
    }, 
    "Ar38": {
        "error": 0.13041182578615751, 
        "fit": "linear", 
        "value": 1.6330703144184096
    }, 
    "Ar39": {
        "error": 0.060083259029470482, 
        "fit": "parabolic", 
        "value": -0.038682305205534291
    }, 
    "Ar40": {
        "error": 0.69750354308830353, 
        "fit": "parabolic", 
        "value": 2815.7784874065183
    }, 
    "Ar41": {
        "error": 0.14755283518200135, 
        "fit": "average_SEM", 
        "value": 0.037472729015908042
    }
}