{
    "Ar36": {
        "error": 0.0076515091196146176, 
        "fit": "parabolic", 
        "value": 0.38214470205193563
    }, 
    "Ar37": {
        "error": 0.14341286694153438, 
        "fit": "linear", 
        "value": 0.025460889506564596
    }, 
    "Ar38": {
        "error": 0.15192567856647457, 
        "fit": "linear", 
        "value": -0.020488873996884299
    }, 
    "Ar39": {
        "error": 0.058187747144707092, 
        "fit": "parabolic", 
        "value": 0.012580566688250069
    }, 
    "Ar40": {
        "error": 0.17933970878532551, 
        "fit": "parabolic", 
        "value": 116.16624659565176
    }, 
    "Ar41": {
        "error": 0.12438443996848136, 
        "fit": "average_SEM", 
        "value": -0.30466475381981584
    }
}