{
    "Ar36": {
        "error": 0.0012031477017356124, 
        "fit": "parabolic", 
        "value": 0.3128176387663601
    }, 
    "Ar37": {
        "error": 0.01461420782236212, 
        "fit": "linear", 
        "value": 0.06198792109853761
    }, 
    "Ar38": {
        "error": 0.014637636268124383, 
        "fit": "linear", 
        "value": -0.13199093245162363
    }, 
    "Ar39": {
        "error": 0.019080401069507327, 
        "fit": "parabolic", 
        "value": -0.039530768896108445
    }, 
    "Ar40": {
        "error": 0.027754299431166685, 
        "fit": "parabolic", 
        "value": 97.135694118498492
    }, 
    "Ar41": {
        "error": 0.0060508131944391613, 
        "fit": "average", 
        "value": -0.086420187542244092
    }
}