{
    "Ar36": {
        "error": 0.0060283842953563734, 
        "fit": "parabolic", 
        "value": 9.4407654899365543
    }, 
    "Ar37": {
        "error": 0.011861922849689422, 
        "fit": "linear", 
        "value": 0.097613778571788379
    }, 
    "Ar38": {
        "error": 0.013889954159206181, 
        "fit": "linear", 
        "value": 1.6219966645965971
    }, 
    "Ar39": {
        "error": 0.018193086429259257, 
        "fit": "parabolic", 
        "value": -0.068689121266212627
    }, 
    "Ar40": {
        "error": 0.10709555716978733, 
        "fit": "parabolic", 
        "value": 2893.517672477773
    }, 
    "Ar41": {
        "error": 0.0059171105413123974, 
        "fit": "average", 
        "value": -0.016558371019676665
    }
}