{
    "Ar36": {
        "error": 0.0060369182098792594, 
        "fit": "parabolic", 
        "value": 9.529620034672817
    }, 
    "Ar37": {
        "error": 0.01398994586820403, 
        "fit": "linear", 
        "value": 0.1264753727861897
    }, 
    "Ar38": {
        "error": 0.014914090512194701, 
        "fit": "linear", 
        "value": 1.6681559418671843
    }, 
    "Ar39": {
        "error": 0.020216425792701685, 
        "fit": "parabolic", 
        "value": -0.064522513942329482
    }, 
    "Ar40": {
        "error": 0.11763276116083918, 
        "fit": "parabolic", 
        "value": 2917.3144543661465
    }, 
    "Ar41": {
        "error": 0.0061459168976208296, 
        "fit": "average", 
        "value": -0.006470193822751753
    }
}