{
    "Ar36": {
        "error": 0.0056750249439133128, 
        "fit": "parabolic", 
        "value": 9.4412046556412328
    }, 
    "Ar37": {
        "error": 0.012630580793477661, 
        "fit": "linear", 
        "value": 0.082942219470733838
    }, 
    "Ar38": {
        "error": 0.013939736301251808, 
        "fit": "linear", 
        "value": 1.6114796589851421
    }, 
    "Ar39": {
        "error": 0.018294223415722437, 
        "fit": "parabolic", 
        "value": -0.071740078290876433
    }, 
    "Ar40": {
        "error": 0.11672731254842371, 
        "fit": "parabolic", 
        "value": 2894.0236483695398
    }, 
    "Ar41": {
        "error": 0.0058542783230929362, 
        "fit": "average", 
        "value": -0.011332102402916863
    }
}