{
    "Ar36": {
        "error": 0.0065761548527268768, 
        "fit": "parabolic", 
        "value": 9.4859764553064974
    }, 
    "Ar37": {
        "error": 0.013914744663835701, 
        "fit": "linear", 
        "value": 0.12536652250721222
    }, 
    "Ar38": {
        "error": 0.014557853885117903, 
        "fit": "linear", 
        "value": 1.6191172176364399
    }, 
    "Ar39": {
        "error": 0.020365262811354961, 
        "fit": "parabolic", 
        "value": -0.078976983413380414
    }, 
    "Ar40": {
        "error": 0.12214502159116268, 
        "fit": "parabolic", 
        "value": 2907.1153691432082
    }, 
    "Ar41": {
        "error": 0.0064028009072428617, 
        "fit": "average", 
        "value": -0.0080041761231632331
    }
}