{
    "Ar36": {
        "error": 0.0064653361422390924, 
        "fit": "parabolic", 
        "value": 9.5388500503720444
    }, 
    "Ar37": {
        "error": 0.013167547368689549, 
        "fit": "linear", 
        "value": 0.099697603954984365
    }, 
    "Ar38": {
        "error": 0.015207327439216677, 
        "fit": "linear", 
        "value": 1.6442840741818707
    }, 
    "Ar39": {
        "error": 0.017899965329880051, 
        "fit": "parabolic", 
        "value": -0.077950884973833068
    }, 
    "Ar40": {
        "error": 0.11309189500645553, 
        "fit": "parabolic", 
        "value": 2916.0862830105693
    }, 
    "Ar41": {
        "error": 0.0064290471488320485, 
        "fit": "average", 
        "value": -0.0018371620118705324
    }
}