{
    "Ar36": {
        "error": 0.0066909722312250737, 
        "fit": "parabolic", 
        "value": 9.469930440874494
    }, 
    "Ar37": {
        "error": 0.013608254833479065, 
        "fit": "linear", 
        "value": 0.11383028543996615
    }, 
    "Ar38": {
        "error": 0.014512619407310036, 
        "fit": "linear", 
        "value": 1.6424646993785235
    }, 
    "Ar39": {
        "error": 0.019345353668064343, 
        "fit": "parabolic", 
        "value": -0.076719356634036132
    }, 
    "Ar40": {
        "error": 0.12148711332286374, 
        "fit": "parabolic", 
        "value": 2895.8065055937741
    }, 
    "Ar41": {
        "error": 0.0060218171816257245, 
        "fit": "average", 
        "value": -0.020345175563052181
    }
}