{
    "Ar36": {
        "error": 0.0012527400034768113, 
        "fit": "parabolic", 
        "value": 0.31432006495793924
    }, 
    "Ar37": {
        "error": 0.013901460044871028, 
        "fit": "linear", 
        "value": 0.12796922530638938
    }, 
    "Ar38": {
        "error": 0.015891078338589177, 
        "fit": "linear", 
        "value": -0.11067852389145383
    }, 
    "Ar39": {
        "error": 0.018809412164423459, 
        "fit": "parabolic", 
        "value": -0.024016647748053566
    }, 
    "Ar40": {
        "error": 0.032966600043932884, 
        "fit": "parabolic", 
        "value": 97.412074868544209
    }, 
    "Ar41": {
        "error": 0.0058918188185669703, 
        "fit": "average", 
        "value": 0.18976140885031781
    }
}