{
    "Ar36": {
        "error": 0.0013603702415820053, 
        "fit": "parabolic", 
        "value": 0.0097459683835182907
    }, 
    "Ar37": {
        "error": 0.14207490478233101, 
        "fit": "linear", 
        "value": 0.030582760259082423
    }, 
    "Ar38": {
        "error": 0.15736320007211721, 
        "fit": "linear", 
        "value": -0.096190438154630159
    }, 
    "Ar39": {
        "error": 0.056678813034616596, 
        "fit": "parabolic", 
        "value": 0.011933326980469172
    }, 
    "Ar40": {
        "error": 0.13402672807853946, 
        "fit": "parabolic", 
        "value": 2.7739850936740593
    }, 
    "Ar41": {
        "error": 0.13214651974709235, 
        "fit": "average_SEM", 
        "value": -0.31092540542547797
    }
}