{
    "Ar36": {
        "error": 0.0014717981334949621, 
        "fit": "parabolic", 
        "value": 0.0085639555987076024
    }, 
    "Ar37": {
        "error": 0.15319996807218292, 
        "fit": "linear", 
        "value": 0.039140182808829777
    }, 
    "Ar38": {
        "error": 0.15979653199779217, 
        "fit": "linear", 
        "value": -0.099767895787044619
    }, 
    "Ar39": {
        "error": 0.060626444968500622, 
        "fit": "parabolic", 
        "value": 0.0061638065012977923
    }, 
    "Ar40": {
        "error": 0.13889327174581881, 
        "fit": "parabolic", 
        "value": 2.4925386693753531
    }, 
    "Ar41": {
        "error": 0.12993188264542588, 
        "fit": "average_SEM", 
        "value": -0.3217187994113192
    }
}