{
    "Ar36": {
        "error": 0.00019625143702710625, 
        "fit": "parabolic", 
        "value": 0.0038493348337964805
    }, 
    "Ar37": {
        "error": 0.014329544371798123, 
        "fit": "linear", 
        "value": 0.093168025778040758
    }, 
    "Ar38": {
        "error": 0.015162091454871119, 
        "fit": "linear", 
        "value": -0.17807424955411391
    }, 
    "Ar39": {
        "error": 0.021453568723313339, 
        "fit": "parabolic", 
        "value": -0.044030614956870842
    }, 
    "Ar40": {
        "error": 0.021447021038846301, 
        "fit": "parabolic", 
        "value": 0.79678566556524244
    }, 
    "Ar41": {
        "error": 0.0060073402848726185, 
        "fit": "average", 
        "value": -0.082366266882600028
    }
}