{
    "Ar36": {
        "error": 0.00023216345812821469, 
        "fit": "parabolic", 
        "value": 0.0056423640781196865
    }, 
    "Ar37": {
        "error": 0.013649294445024168, 
        "fit": "linear", 
        "value": 0.02127284942892007
    }, 
    "Ar38": {
        "error": 0.021592510007215081, 
        "fit": "linear", 
        "value": -0.1197949772521007
    }, 
    "Ar39": {
        "error": 0.010182179602978444, 
        "fit": "parabolic", 
        "value": -0.0075917318754237934
    }, 
    "Ar40": {
        "error": 0.025130975320236254, 
        "fit": "parabolic", 
        "value": 1.4166505982182136
    }, 
    "Ar41": {
        "error": 0.0062012476387160436, 
        "fit": "average", 
        "value": -0.040326732713092499
    }
}