{
    "Ar36": {
        "error": 0.00020078518498017022, 
        "fit": "parabolic", 
        "value": 0.0032465862166082566
    }, 
    "Ar37": {
        "error": 0.014699940063529583, 
        "fit": "linear", 
        "value": 0.11654334485840476
    }, 
    "Ar38": {
        "error": 0.014916304976108102, 
        "fit": "linear", 
        "value": -0.20193161677793803
    }, 
    "Ar39": {
        "error": 0.020046654936075881, 
        "fit": "parabolic", 
        "value": -0.056667441506053823
    }, 
    "Ar40": {
        "error": 0.024546723789208, 
        "fit": "parabolic", 
        "value": 0.78754952986133531
    }, 
    "Ar41": {
        "error": 0.0064415491421159279, 
        "fit": "average", 
        "value": 0.20118713940493763
    }
}