{
    "Ar36": {
        "error": 0.0011811554965163828, 
        "fit": "parabolic", 
        "value": 0.0047513325015219373
    }, 
    "Ar37": {
        "error": 0.14064981367393276, 
        "fit": "linear", 
        "value": -0.072682342168577385
    }, 
    "Ar38": {
        "error": 0.12234893628958675, 
        "fit": "linear", 
        "value": -0.12735488877397774
    }, 
    "Ar39": {
        "error": 0.056053113167670254, 
        "fit": "parabolic", 
        "value": -0.037923748401437717
    }, 
    "Ar40": {
        "error": 0.12369017625503971, 
        "fit": "parabolic", 
        "value": 1.2837289301574282
    }, 
    "Ar41": {
        "error": 0.1429199300362988, 
        "fit": "average_SEM", 
        "value": -0.035317279630107806
    }
}