{
    "Ar36": {
        "error": 0.00021537219792921376, 
        "fit": "parabolic", 
        "value": 0.0052280384752482097
    }, 
    "Ar37": {
        "error": 0.013611557439108373, 
        "fit": "linear", 
        "value": -0.011446742016931964
    }, 
    "Ar38": {
        "error": 0.021394947495757381, 
        "fit": "linear", 
        "value": -0.12686917716088725
    }, 
    "Ar39": {
        "error": 0.010662938726972392, 
        "fit": "parabolic", 
        "value": -0.0077316030839879217
    }, 
    "Ar40": {
        "error": 0.025006834244527768, 
        "fit": "parabolic", 
        "value": 1.2789403645012987
    }, 
    "Ar41": {
        "error": 0.0065705282300484169, 
        "fit": "average", 
        "value": -0.048388224235532108
    }
}