{
    "Ar36": {
        "error": 0.0019767654962839641, 
        "fit": "parabolic", 
        "value": 0.023270860672639452
    }, 
    "Ar37": {
        "error": 0.12703517005005216, 
        "fit": "linear", 
        "value": -0.0067570089113003825
    }, 
    "Ar38": {
        "error": 0.15908240820108324, 
        "fit": "linear", 
        "value": -0.080041413838350436
    }, 
    "Ar39": {
        "error": 0.05530288505333858, 
        "fit": "parabolic", 
        "value": -8.6331448897459823e-05
    }, 
    "Ar40": {
        "error": 0.13387667956208824, 
        "fit": "parabolic", 
        "value": 7.0578810541767787
    }, 
    "Ar41": {
        "error": 0.13167946468415309, 
        "fit": "average_SEM", 
        "value": -0.3148219248393434
    }
}