{
    "Ar36": {
        "error": 0.0010507830062936544, 
        "fit": "parabolic", 
        "value": 0.0049162683811194326
    }, 
    "Ar37": {
        "error": 0.12724399476303719, 
        "fit": "linear", 
        "value": -0.094511725025464483
    }, 
    "Ar38": {
        "error": 0.13114111804047759, 
        "fit": "linear", 
        "value": -0.14430015275055197
    }, 
    "Ar39": {
        "error": 0.058937957818102814, 
        "fit": "parabolic", 
        "value": -0.044622054135944458
    }, 
    "Ar40": {
        "error": 0.13674546109097963, 
        "fit": "parabolic", 
        "value": 1.260514693503779
    }, 
    "Ar41": {
        "error": 0.13428236723460316, 
        "fit": "average_SEM", 
        "value": -0.021823859015930792
    }
}