{
    "Ar36": {
        "error": 0.00017594411850948457, 
        "fit": "parabolic", 
        "value": 0.0034979717281485119
    }, 
    "Ar37": {
        "error": 0.012672817840914499, 
        "fit": "linear", 
        "value": 0.093866891665306179
    }, 
    "Ar38": {
        "error": 0.013591740636452387, 
        "fit": "linear", 
        "value": -0.193347473205149
    }, 
    "Ar39": {
        "error": 0.018673432237310106, 
        "fit": "parabolic", 
        "value": -0.041408637709665456
    }, 
    "Ar40": {
        "error": 0.023082099255971461, 
        "fit": "parabolic", 
        "value": 0.7747722539996218
    }, 
    "Ar41": {
        "error": 0.0049299864091422686, 
        "fit": "average", 
        "value": -0.07913722762311845
    }
}