{
    "Ar36": {
        "error": 0.00020455442060099893, 
        "fit": "parabolic", 
        "value": 0.0035087290949212622
    }, 
    "Ar37": {
        "error": 0.014955269549405011, 
        "fit": "linear", 
        "value": 0.11463029563383553
    }, 
    "Ar38": {
        "error": 0.014802496713987921, 
        "fit": "linear", 
        "value": -0.14024654010434209
    }, 
    "Ar39": {
        "error": 0.020623171027961844, 
        "fit": "parabolic", 
        "value": -0.044408541780568106
    }, 
    "Ar40": {
        "error": 0.022901242862248917, 
        "fit": "parabolic", 
        "value": 0.75043087858495228
    }, 
    "Ar41": {
        "error": 0.0062483875606424745, 
        "fit": "average", 
        "value": 0.19899818492878693
    }
}