{
    "Ar36": {
        "error": 0.00019619114287127226, 
        "fit": "parabolic", 
        "value": 0.0042856281354924364
    }, 
    "Ar37": {
        "error": 0.014702823316083248, 
        "fit": "linear", 
        "value": -0.054598006544646582
    }, 
    "Ar38": {
        "error": 0.023205939460179979, 
        "fit": "linear", 
        "value": -0.16727281508401842
    }, 
    "Ar39": {
        "error": 0.010007841385759228, 
        "fit": "parabolic", 
        "value": 0.02939797025125844
    }, 
    "Ar40": {
        "error": 0.024528227560058215, 
        "fit": "parabolic", 
        "value": 1.0853147390876909
    }, 
    "Ar41": {
        "error": 0.0063014771242054001, 
        "fit": "average", 
        "value": -0.35413825439289215
    }
}