{
    "Ar36": {
        "error": 0.00017730278460973938, 
        "fit": "parabolic", 
        "value": 0.0035683741402187247
    }, 
    "Ar37": {
        "error": 0.012998928885109774, 
        "fit": "linear", 
        "value": 0.056330046810089643
    }, 
    "Ar38": {
        "error": 0.013079691056056286, 
        "fit": "linear", 
        "value": -0.20033657552943568
    }, 
    "Ar39": {
        "error": 0.016396945297515546, 
        "fit": "parabolic", 
        "value": -0.049935406155660542
    }, 
    "Ar40": {
        "error": 0.020720080235380182, 
        "fit": "parabolic", 
        "value": 0.75771069778115174
    }, 
    "Ar41": {
        "error": 0.0050635739401311249, 
        "fit": "average", 
        "value": -0.11191317313374638
    }
}