{
    "Ar36": {
        "error": 0.00024562718867947688, 
        "fit": "parabolic", 
        "value": 0.0037532468821867217
    }, 
    "Ar37": {
        "error": 0.018001076993281531, 
        "fit": "linear", 
        "value": 0.065011728827651993
    }, 
    "Ar38": {
        "error": 0.020078880331449726, 
        "fit": "linear", 
        "value": -0.17071238914351189
    }, 
    "Ar39": {
        "error": 0.025756459984315423, 
        "fit": "parabolic", 
        "value": -0.03508748976972749
    }, 
    "Ar40": {
        "error": 0.029761961900118376, 
        "fit": "parabolic", 
        "value": 0.7786957832525262
    }, 
    "Ar41": {
        "error": 0.0076324191603838526, 
        "fit": "average", 
        "value": -0.081172619351651515
    }
}