{
    "Ar36": {
        "error": 0.00016483158656226403, 
        "fit": "parabolic", 
        "value": 0.0032784911413095844
    }, 
    "Ar37": {
        "error": 0.013281249051747879, 
        "fit": "linear", 
        "value": 0.1109046684473287
    }, 
    "Ar38": {
        "error": 0.01278049703524128, 
        "fit": "linear", 
        "value": -0.17732988102697683
    }, 
    "Ar39": {
        "error": 0.018220502245870396, 
        "fit": "parabolic", 
        "value": -0.060993939995687481
    }, 
    "Ar40": {
        "error": 0.020910553006295737, 
        "fit": "parabolic", 
        "value": 0.75327242989531917
    }, 
    "Ar41": {
        "error": 0.0058388423482114747, 
        "fit": "average", 
        "value": -0.089915775151193478
    }
}