{
    "Ar36": {
        "error": 0.0026262502453002971, 
        "fit": "parabolic", 
        "value": 0.04325580776682722
    }, 
    "Ar37": {
        "error": 0.13011296971598463, 
        "fit": "linear", 
        "value": -0.019492224341455908
    }, 
    "Ar38": {
        "error": 0.16189375285209254, 
        "fit": "linear", 
        "value": -0.10096527403954786
    }, 
    "Ar39": {
        "error": 0.063678364079940847, 
        "fit": "parabolic", 
        "value": 0.0031692632273580216
    }, 
    "Ar40": {
        "error": 0.14268067750231417, 
        "fit": "parabolic", 
        "value": 12.891771726426382
    }, 
    "Ar41": {
        "error": 0.12934972959568303, 
        "fit": "average_SEM", 
        "value": -0.31260122869163753
    }
}