{
    "Ar36": {
        "error": 0.00024739602002744394, 
        "fit": "parabolic", 
        "value": 0.0035384415520273238
    }, 
    "Ar37": {
        "error": 0.019086534794049984, 
        "fit": "linear", 
        "value": 0.090438538742455998
    }, 
    "Ar38": {
        "error": 0.021990815802600396, 
        "fit": "linear", 
        "value": -0.2241534671860117
    }, 
    "Ar39": {
        "error": 0.026879278523248968, 
        "fit": "parabolic", 
        "value": -0.06075613520520616
    }, 
    "Ar40": {
        "error": 0.032531404346694784, 
        "fit": "parabolic", 
        "value": 0.82712571609784402
    }, 
    "Ar41": {
        "error": 0.0081602247213748928, 
        "fit": "average", 
        "value": -0.086870043107541275
    }
}