{
    "Ar36": {
        "error": 0.0001868222093882646, 
        "fit": "parabolic", 
        "value": 0.0034402509086721164
    }, 
    "Ar37": {
        "error": 0.013960922699772763, 
        "fit": "linear", 
        "value": 0.10548792926271691
    }, 
    "Ar38": {
        "error": 0.013290963012593962, 
        "fit": "linear", 
        "value": -0.17639145813903825
    }, 
    "Ar39": {
        "error": 0.01965031156851841, 
        "fit": "parabolic", 
        "value": -0.038208948999429185
    }, 
    "Ar40": {
        "error": 0.02420252734060618, 
        "fit": "parabolic", 
        "value": 0.78839096960745292
    }, 
    "Ar41": {
        "error": 0.0062861552775087598, 
        "fit": "average", 
        "value": 0.18205637726408896
    }
}