{
    "Ar36": {
        "error": 0.00018887427356726878, 
        "fit": "parabolic", 
        "value": 0.0031123343097999683
    }, 
    "Ar37": {
        "error": 0.01446860730508779, 
        "fit": "linear", 
        "value": 0.083531538874322325
    }, 
    "Ar38": {
        "error": 0.01356499533466006, 
        "fit": "linear", 
        "value": -0.17236435277526996
    }, 
    "Ar39": {
        "error": 0.021226889861166835, 
        "fit": "parabolic", 
        "value": -0.054666692826093086
    }, 
    "Ar40": {
        "error": 0.023094318149729981, 
        "fit": "parabolic", 
        "value": 0.74325518723614192
    }, 
    "Ar41": {
        "error": 0.0062913855819890689, 
        "fit": "average", 
        "value": -0.074596761631473787
    }
}