{
    "Ar36": {
        "error": 0.00021413938742557496, 
        "fit": "parabolic", 
        "value": 0.0046773014262626441
    }, 
    "Ar37": {
        "error": 0.013899802204376244, 
        "fit": "linear", 
        "value": -0.040788113591610164
    }, 
    "Ar38": {
        "error": 0.020894021500579427, 
        "fit": "linear", 
        "value": -0.16983549432782277
    }, 
    "Ar39": {
        "error": 0.010226014556789726, 
        "fit": "parabolic", 
        "value": -0.002661175354244389
    }, 
    "Ar40": {
        "error": 0.023675757995062382, 
        "fit": "parabolic", 
        "value": 1.0542805226072969
    }, 
    "Ar41": {
        "error": 0.006124303441125363, 
        "fit": "average", 
        "value": -0.092021983664599252
    }
}