{
    "Ar36": {
        "error": 0.00021667744381259927, 
        "fit": "parabolic", 
        "value": 0.0043879417006062451
    }, 
    "Ar37": {
        "error": 0.014578009645822176, 
        "fit": "linear", 
        "value": -0.0052151323605896509
    }, 
    "Ar38": {
        "error": 0.023459215607740336, 
        "fit": "linear", 
        "value": -0.20489351699181674
    }, 
    "Ar39": {
        "error": 0.0099876928533119396, 
        "fit": "parabolic", 
        "value": 0.0087659550583669976
    }, 
    "Ar40": {
        "error": 0.025228226227965569, 
        "fit": "parabolic", 
        "value": 1.2036893791214298
    }, 
    "Ar41": {
        "error": 0.0066504942863939336, 
        "fit": "average", 
        "value": -0.33966856678016483
    }
}