{
    "Ar36": {
        "error": 0.0001971119157631848, 
        "fit": "parabolic", 
        "value": 0.004867382649029554
    }, 
    "Ar37": {
        "error": 0.013677514685275503, 
        "fit": "linear", 
        "value": -0.0027183940017576694
    }, 
    "Ar38": {
        "error": 0.021007577854225336, 
        "fit": "linear", 
        "value": -0.11129376203975754
    }, 
    "Ar39": {
        "error": 0.0098885962612343479, 
        "fit": "parabolic", 
        "value": 0.010757041315668348
    }, 
    "Ar40": {
        "error": 0.023747652711011119, 
        "fit": "parabolic", 
        "value": 1.264688773588861
    }, 
    "Ar41": {
        "error": 0.006838203802364478, 
        "fit": "average", 
        "value": -0.29996483225142584
    }
}