{
    "Ar36": {
        "error": 0.0015305553245028695, 
        "fit": "parabolic", 
        "value": 0.012400698308885037
    }, 
    "Ar37": {
        "error": 0.13360039490870951, 
        "fit": "linear", 
        "value": 0.041985315441508679
    }, 
    "Ar38": {
        "error": 0.15537658397550025, 
        "fit": "linear", 
        "value": -0.12314931296764423
    }, 
    "Ar39": {
        "error": 0.058594226661530524, 
        "fit": "parabolic", 
        "value": 0.017288616624066847
    }, 
    "Ar40": {
        "error": 0.1456234853795273, 
        "fit": "parabolic", 
        "value": 3.6426249720286599
    }, 
    "Ar41": {
        "error": 0.12581280843020431, 
        "fit": "average_SEM", 
        "value": -0.29503052500018384
    }
}