{
    "Ar36": {
        "error": 0.0010668300142113176, 
        "fit": "parabolic", 
        "value": 0.0046882093801082292
    }, 
    "Ar37": {
        "error": 0.13370400422923462, 
        "fit": "linear", 
        "value": -0.047364029449048828
    }, 
    "Ar38": {
        "error": 0.12532787173568868, 
        "fit": "linear", 
        "value": -0.13894307635603281
    }, 
    "Ar39": {
        "error": 0.061195841042430331, 
        "fit": "parabolic", 
        "value": -0.021742862195018364
    }, 
    "Ar40": {
        "error": 0.1362954767718397, 
        "fit": "parabolic", 
        "value": 1.2018351313128939
    }, 
    "Ar41": {
        "error": 0.14008806910422825, 
        "fit": "average_SEM", 
        "value": -0.022588519326236563
    }
}