{
    "Ar36": {
        "error": 0.00024729218930585802, 
        "fit": "parabolic", 
        "value": 0.0040062052099074479
    }, 
    "Ar37": {
        "error": 0.017753639802829166, 
        "fit": "linear", 
        "value": 0.08140218474100526
    }, 
    "Ar38": {
        "error": 0.018709689273820437, 
        "fit": "linear", 
        "value": -0.18706571197599353
    }, 
    "Ar39": {
        "error": 0.023884653460297344, 
        "fit": "parabolic", 
        "value": -0.06773430924915011
    }, 
    "Ar40": {
        "error": 0.031676302428964853, 
        "fit": "parabolic", 
        "value": 0.81223800569466675
    }, 
    "Ar41": {
        "error": 0.0076037613530981242, 
        "fit": "average", 
        "value": -0.088333141441456972
    }
}