{
    "Ar36": {
        "error": 0.00022130776751059107, 
        "fit": "parabolic", 
        "value": 0.0052695087708286344
    }, 
    "Ar37": {
        "error": 0.015246190840605729, 
        "fit": "linear", 
        "value": 0.034631181373003965
    }, 
    "Ar38": {
        "error": 0.021307829317048527, 
        "fit": "linear", 
        "value": -0.10667891347815811
    }, 
    "Ar39": {
        "error": 0.010305607596426391, 
        "fit": "parabolic", 
        "value": 0.0062108069930301652
    }, 
    "Ar40": {
        "error": 0.02481646113904637, 
        "fit": "parabolic", 
        "value": 1.34343213443882
    }, 
    "Ar41": {
        "error": 0.0059030403471484862, 
        "fit": "average", 
        "value": -0.042132705682524828
    }
}