{
    "Ar36": {
        "error": 0.00018616588619480424, 
        "fit": "parabolic", 
        "value": 0.0034497954358369098
    }, 
    "Ar37": {
        "error": 0.015205143406947251, 
        "fit": "linear", 
        "value": 0.10841433191567897
    }, 
    "Ar38": {
        "error": 0.014817013071878765, 
        "fit": "linear", 
        "value": -0.17437658351424593
    }, 
    "Ar39": {
        "error": 0.018768179849187588, 
        "fit": "parabolic", 
        "value": -0.043737532246305041
    }, 
    "Ar40": {
        "error": 0.023986005756924059, 
        "fit": "parabolic", 
        "value": 0.83114930981366408
    }, 
    "Ar41": {
        "error": 0.0061128317177953336, 
        "fit": "average", 
        "value": -0.084400915945152519
    }
}