{
    "Ar36": {
        "error": 0.00019866523896433464, 
        "fit": "parabolic", 
        "value": 0.0048140236021082406
    }, 
    "Ar37": {
        "error": 0.014661795435762849, 
        "fit": "linear", 
        "value": -0.00017512186269531479
    }, 
    "Ar38": {
        "error": 0.022058978490868759, 
        "fit": "linear", 
        "value": -0.13561356740260289
    }, 
    "Ar39": {
        "error": 0.0099272459164259867, 
        "fit": "parabolic", 
        "value": 0.00052203359644571647
    }, 
    "Ar40": {
        "error": 0.022899337690211824, 
        "fit": "parabolic", 
        "value": 1.1042396117193194
    }, 
    "Ar41": {
        "error": 0.0063404339278633065, 
        "fit": "average", 
        "value": -0.049705294556770238
    }
}