{
    "AX": {
        "error": 0.010238305193138425, 
        "fit": "average", 
        "value": -0.06503110332213792
    }, 
    "CDD": {
        "error": 0.0, 
        "fit": "average", 
        "value": 0.0
    }, 
    "H1": {
        "error": 0.009124288598651813, 
        "fit": "average", 
        "value": 0.006309969672125525
    }, 
    "H2": {
        "error": 0.0095858392177548, 
        "fit": "average", 
        "value": -0.10054351184149518
    }, 
    "L1": {
        "error": 0.010125197212221401, 
        "fit": "average", 
        "value": -0.22015294543636063
    }, 
    "L2": {
        "error": 0.011479338822680638, 
        "fit": "average", 
        "value": 0.028095803649068392
    }
}