{
    "AX": {
        "error": 0.009547309667251282, 
        "fit": "average", 
        "value": -0.05100651127480281
    }, 
    "CDD": {
        "error": 1.7931297770118074e-06, 
        "fit": "average", 
        "value": 2.5465909857302903e-06
    }, 
    "H1": {
        "error": 0.011702564454538723, 
        "fit": "average", 
        "value": 0.015587734725947181
    }, 
    "H2": {
        "error": 0.01239723399518223, 
        "fit": "average", 
        "value": -0.06384852288950545
    }, 
    "L1": {
        "error": 0.011400207700460237, 
        "fit": "average", 
        "value": -0.18162130642837535
    }, 
    "L2": {
        "error": 0.011426036724606374, 
        "fit": "average", 
        "value": 0.10025018869394747
    }
}