{
    "AX": {
        "error": 0.010519324463560695, 
        "fit": "average", 
        "value": -0.04463567587469394
    }, 
    "CDD": {
        "error": 2.798914573509482e-06, 
        "fit": "average", 
        "value": 6.366477464325726e-06
    }, 
    "H1": {
        "error": 0.012140346255931056, 
        "fit": "average", 
        "value": 0.04538123317918993
    }, 
    "H2": {
        "error": 0.01087210143248573, 
        "fit": "average", 
        "value": 0.18052400941184413
    }, 
    "L1": {
        "error": 0.01506690343335881, 
        "fit": "average", 
        "value": -0.18799273256057253
    }, 
    "L2": {
        "error": 0.011721485779871848, 
        "fit": "average", 
        "value": 0.08552584442513762
    }
}