{
    "AX": {
        "error": 0.008435859596033478, 
        "fit": "average", 
        "value": -0.06240818996346839
    }, 
    "CDD": {
        "error": 0.0, 
        "fit": "average", 
        "value": 0.0
    }, 
    "H1": {
        "error": 0.009417851603543703, 
        "fit": "average", 
        "value": 0.034081474186427055
    }, 
    "H2": {
        "error": 0.008794245488242624, 
        "fit": "average", 
        "value": -0.06588562436081702
    }, 
    "L1": {
        "error": 0.009277602388066743, 
        "fit": "average", 
        "value": -0.18743866681133545
    }, 
    "L2": {
        "error": 0.00988303833498757, 
        "fit": "average", 
        "value": 0.07412879045919649
    }
}